TimeSinceMark,CurrentStage,AltitudeASL,DownRange,SpeedSurface,SpeedOrbital,Mass,Acceleration,Q,AoA,AoS,AoD,AltitudeTrue,Pitch,GravityLosses,DragLosses,SteeringLosses,DeltaVExpended,
0,1,"101393,258818738","256,999774032651","2697,31998750625","2901,57421681892","6,30151518637285","0,970680484010792",0,"-0,24657033713631","2,76744081174141","2,77829884640574","101380,822066102","5,61454467773437",0,0,0,0,554
"0,139999996870984",1,"101412,712514608","530,201824069057","2698,59952582721","2902,85671449455","6,29903265291796","0,971062753479872",0,"-0,244934477182097","2,78431913357187","2,79499621867213","101400,203100748","5,64720458984375","0,0482976693451775","-2,38E-14","0,00182692382827592","1,3333137527066","554,139999996871"
"0,359999991952975",1,"101443,511703655","1037,67792241733","2700,61069867555","2904,87256314633","6,29513093287096","0,971663814216088",0,"-0,242391277568762","2,81079996441767","2,82110956636403","101430,887696188","5,69856567382813","0,124712621301715","-6,15E-14","0,00474297084381921","3,42958315603251","554,359999991953"
"0,57999998703599",1,"101474,591979441","1545,5222436919","2702,62244566732","2906,88901700191","6,29122951084719","0,972265640753618",0,"-0,23985715222897","2,83721139857689","2,84719663390413","101461,852875307","5,74992370605469","0,201763156109397","-9,95E-14","0,00771462731081357","5,52715223658682","554,579999987036"
"0,799999982119005",1,"101505,954572707","2053,74236609276","2704,63476590452","2908,90607515172","6,28732808882341","0,972868341443638",0,"-0,237361201298692","2,86358017317162","2,87334688553035","101493,099868176","5,80131225585937","0,279451229773128","-1,38E-13","0,0107425372278496","7,62602219189106","554,799999982119"
"1,019999977201",1,"101537,600715147","2562,28597636155","2706,64765850295","2910,92373671518","6,28342636877642","0,973471767953895",0,"-0,234893085656091","2,88989465654342","2,89934262270885","101524,629906292","5,85272827148438","0,357778793473742","-1,76E-13","0,0138270178647854","9,72619531825852","555,019999977201"
"1,23999997228401",1,"101569,53164011","3071,14485908131","2708,66112173953","2912,94199995903","6,27952524477587","0,974075667428652",0,"-0,232447522999071","2,91615697309231","2,92530811761517","101556,444222197","5,90416870117187","0,436747795337304","-2,15E-13","0,0169685474241552","11,8276729733137","555,239999972284"
"1,459999967366",1,"101601,748581833","3580,37885187899","2710,67515640282","2914,96086568006","6,27562322670565","0,974680797477299",0,"-0,230027158811859","2,94236468651841","2,9512576865432","101588,544049933","5,95563659667969","0,516360177638901","-2,54E-13","0,0201676615405792","13,9304568181926","555,459999967367"
"1,67999996244902",1,"101634,252775679","4089,93557927465","2712,68976069012","2916,98033207202","6,27172180468187","0,975286404133362",0,"-0,227628493445174","2,96852214569699","2,97713905976379","101620,930624301","6,00713500976562","0,596617878629589","-2,94E-13","0,0234247971354508","16,0345484024958","555,679999962449"
"1,89999995753197",1,"101667,045458323","4599,85888318697","2714,70493384983","2919,00039837663","6,2678203826581","0,9758926380508",0,"-0,225257251393246","2,99462579042628","3,00298668687879","101653,605181434","6,05864868164062","0,677522832600529","-3,34E-13","0,0267404202686384","18,139949365704","555,899999957532"
"2,11999995261402",1,"101700,127867386","5110,10438078875","2716,72067555911","2921,02106427023","6,26391896063433","0,976499777175968",0,"-0,22290740685567","3,02067666931702","3,02882705887492","101686,568958613","6,11019592285156","0,759076969060514","-3,74E-13","0,030115102344244","20,2466612636319","556,119999952614"
"2,33999994769698",1,"101733,501241799","5620,69383195435","2718,73698485152","2923,04232878591","6,26001724058733","0,977107691276678",0,"-0,22058870612113","3,04667459354547","3,05458378188295","101719,823194193","6,16175537109375","0,841282212674731","-4,14E-13","0,0335492331678282","22,3546854803506","556,339999947697"
"2,55999994278",1,"101767,166821358","6131,62695539926","2720,75386105905","2925,06419124102","6,25611552054033","0,977716242859001",0,"-0,218291444118277","3,07262325160386","3,08032232100428","101753,369127619","6,21335144042969","0,924140484654544","-4,55E-13","0,0370433376344746","24,464023814892","556,55999994278"
"2,77999993786199",1,"101801,125847389","6642,90344659427","2722,77130278252","2927,08665024492","6,25221439653978","0,978325587435811",0,"-0,216023369672099","3,09851750036617","3,10591706767694","101787,207999643","6,26496887207031","1,00765370024329","-4,96E-13","0,0405976542159641","26,5746786266181","556,779999937862"
"2,999999932945",1,"101835,379561887","7154,53143947856","2724,78930999792","2929,10970575219","6,24831267649279","0,978935590801768",0,"-0,213786360902386","3,12436654359467","3,13159657631059","101821,341051929","6,31661071777344","1,09182377192948","-5,37E-13","0,0442129003986789","28,6866505790313","556,999999932945"
"3,21999992802699",1,"101869,929208225","7666,47187705516","2726,8078809919","2931,13335605093","6,24441125446901","0,979546239372448",0,"-0,211579846772992","3,15016025587124","3,15716691895312","101855,769527244","6,36828002929687","1,1766526066975","-5,79E-13","0,0478894234095814","30,7999421944084","557,219999928027"
"3,43999992311001",1,"101904,776031123","8178,75481998692","2728,82701621538","2933,15760158692","6,24050983244524","0,980158007942647",0,"-0,209409324641924","3,17589188707332","3,18264239779927","101890,49466993","6,41995239257813","1,26214210677008","-6,21E-13","0,0516276283089405","32,914554727553","557,43999992311"
"3,65999991819302",1,"101939,921275852","8691,41046387812","2730,84671469731","2935,1824413795","6,23660811239824","0,980770562985809",0,"-0,207269296324663","3,20157797384123","3,20819670238378","101925,517724822","6,47167358398437","1,34829416986487","-6,63E-13","0,0554281587052889","35,0304895873659","557,659999918193"
"3,87999991327501",1,"101975,36618924","9204,37752793292","2732,86697660893","2937,20787560128","6,23270639235125","0,981383834295915",0,"-0,205145538764326","3,22722005106495","3,23364617079429","101960,839938305","6,5234130859375","1,43511068803052","-7,05E-13","0,0592914117862308","37,1477484557269","557,879999913275"
"4,09999990835797",1,"102011,112018925","9717,6948539414","2734,88779971878","2939,23390198541","6,2288052683507","0,981997742118281",0,"-0,203040692672477","3,25280234449541","3,25902312677005","101996,462557483","6,57516784667969","1,52259355178849","-7,48E-13","0,0632177356926806","39,2663330828804","558,099999908358"
"4,31999990344099",1,"102047,160013994","10231,3535554399","2736,90918457091","2941,2605210918","6,2249035483037","0,982612555549481",0,"-0,200967722452375","3,27833031117498","3,28443081296496","102032,386831045","6,62694702148437","1,6107446440086","-7,91E-13","0,067207766189911","41,3862448571945","558,319999903441"
"4,53999989852298",1,"102083,511424177","10745,3533032894","2738,931129782","2943,2877315174","6,22100212627993","0,98322799981208",0,"-0,19892513223868","3,30379904971333","3,30966130954227","102068,614008366","6,67874450683594","1,6995658440566","-8,35E-13","0,0712617142105076","43,5074861969097","558,539999898523"
"4,75999989360599",1,"102120,167500644","11259,6630845577","2740,95363477632","2945,31553267531","6,21710070425615","0,983844133364112",0,"-0,196906004549393","3,32922764078956","3,33492441402977","102105,145339979","6,73057861328125","1,78905902635523","-8,79E-13","0,0753801454902529","45,6300584480487","558,759999893606"
"4,97999988868799",1,"102157,129495601","11774,34393816","2742,97669953143","2947,34392453293","6,21319898420916","0,984461269255513",0,"-0,194912280088695","3,35459835335826","3,36023069831159","102141,982077804","6,78243103027344","1,87922606083954","-9,23E-13","0,0795636870322939","47,7539626761298","558,979999888688"
"5,199999883771",1,"102194,398662144","12289,3430623779","2745,00032262378","2949,37290565495","6,20929756218538","0,985079145028285",0,"-0,192956622005415","3,3799062556778","3,38530183594873","102179,125474408","6,8343017578125","1,97006881237536","-9,67E-13","0,0838124659683002","49,8792012263586","559,199999883771"
"5,41999987885401",1,"102231,976254859","12804,7037726684","2747,02450370788","2951,40247568893","6,20539614016161","0,985697535698822",0,"-0,191023392515073","3,40516545463893","3,41045867713507","102216,576783906","6,88618774414063","2,06158914048915","-1,01E-12","0,0881271441574763","52,0057756535093","559,419999878854"
"5,63999987393601",1,"102269,863528704","13320,3821278029","2749,04924226674","2953,43263409227","6,20149442011461","0,986317005028428",0,"-0,189124024015178","3,43036784856797","3,43547138219843","102254,337261036","6,93810119628906","2,15378890127753","-1,06E-12","0,0925079500267893","54,1336878185539","559,639999873936"
"5,85999986901902",1,"102308,061740057","13836,3778297491","2751,07453827313","2955,46338084455","6,19759270006762","0,986937137918829",0,"-0,187252423100373","3,45552163484067","3,460518525511","102292,408161637","6,99002990722656","2,2466699436355","-1,1E-12","0,09695548469459","56,2629389034465","559,859999869019"
"6,07999986410101",1,"102346,572146077","14352,7341122816","2753,10038990488","2957,49471409351","6,19369157606707","0,987557868701351",0,"-0,185403990429194","3,48062917196154","3,48546456273057","102330,790742494","7,0419921875","2,34023411334128","-1,15E-12","0,101470124394054","58,3935309441781","560,079999864101"
"6,29999985918403",1,"102385,396005784","14869,4598150756","2755,12679732335","2959,52663398842","6,18978985602007","0,988179479418579",0,"-0,183597883134945","3,50567883091269","3,51039529163149","102369,486261862","7,09397277832031","2,43448325129355","-1,19E-12","0,106052340291796","60,5254655598045","560,299999859184"
"6,51999985426699",1,"102424,534578527","15386,4709662797","2757,15376014362","2961,55914013278","6,18588813597307","0,988802074357378",0,"-0,181821475411133","3,53066840081938","3,53529989260795","102408,495979031","7,14596557617188","2,52941919262359","-1,24E-12","0,110702624682634","62,6587444163304","560,519999854267"
"6,73999984934898",1,"102463,989124455","15903,8199085526","2759,18127815699","2963,59223230041","6,18198701197252","0,989425540052838",0,"-0,180078089116225","3,55560445436661","3,56008006088913","102447,821153794","7,19798278808594","2,62504376779712","-1,29E-12","0,115421244481718","64,7933693095926","560,739999849349"
"6,95999984443199",1,"102503,760905646","16421,5373914962","2761,20934981245","2965,62590892301","6,17808529192553","0,990049417182811",0,"-0,178365185687187","3,58049101443764","3,58484760499352","102487,463047337","7,25001525878906","2,72135880253737","-1,33E-12","0,120208735922798","66,929341758789","560,959999844432"
"7,17999983951501",1,"102543,851184742","16939,5392357575","2763,23797545107","2967,66017032603","6,17418386990175","0,990674233601201",0,"-0,176684297783724","3,60532340348216","3,60957545400703","102527,422922291","7,30208129882813","2,81836611711664","-1,38E-12","0,125065479069159","69,0666633786786","561,179999839515"
"7,399999834597",1,"102584,261224955","17457,9306925717","2765,26715378803","2969,69501520973","6,17028244787798","0,991299736836635",0,"-0,175027893827373","3,63011157365819","3,63425393651667","102567,702041413","7,35416564941406","2,91606752664482","-1,43E-12","0,129991932964502","71,205336508283","561,399999834597"
"7,61999982968001",1,"102624,992291543","17976,6057556596","2767,29688474613","2971,73044347511","6,16638072783098","0,991926117347919",0,"-0,17340999546142","3,65482589649373","3,65885712467765","102608,301669256","7,40625610351563","3,01446484165392","-1,48E-12","0,134988445924533","73,3453621871331","561,61999982968"
"7,839999824762",1,"102666,045650028","18495,648129968","2769,32716775373","2973,76645453026","6,16247930580721","0,992553130338069",0,"-0,171835179848532","3,67949315297445","3,6834344754035","102649,223071154","7,45837707519531","3,1135598676161","-1,52E-12","0,140055532296645","75,4867425526719","561,839999824762"
"8,05999981984502",1,"102707,422566892","19014,994994543","2771,35800177334","2975,80304732697","6,15857788378344","0,993180865511917",0,"-0,170287773115105","3,70409611365001","3,70791764824291","102690,467513281","7,51050415039063","3,21335440390058","-1,57E-12","0,145193445569414","77,62947885611","562,059999819845"
"8,27999981492798",1,"102749,124309423","19534,7085202929","2773,38938750175","2977,84022253999","6,15467616373644","0,993809824415439",0,"-0,16876266794085","3,7286560932534","3,73238214529234","102732,03626257","7,56265563964844","3,31385024498207","-1,62E-12","0,15040273648215","79,7735732227708","562,279999814928"
"8,49999981001002",1,"102791,152146657","20054,7257292065","2775,42132370952","2979,8779789143","6,15077474171267","0,994439352783824",0,"-0,167281043586232","3,7531678141099","3,75686472891258","102773,930587243","7,61483764648438","3,41504918082794","-1,67E-12","0,155683920456128","81,9190268807528","562,49999981001"
"8,71999980509298",1,"102833,507348232","20575,0873705259","2777,45380997371","2981,91631600569","6,14687302166567","0,995069556724179",0,"-0,16582856048357","3,77761496499564","3,78118391347817","102816,151756824","7,66702880859375","3,51695299612487","-1,72E-12","0,16103718883737","84,0658422583008","562,719999805093"
"8,93999980017497",1,"102876,191184952","21095,7833428617","2779,4868456115","2983,95523311795","6,1429715996419","0,995700456300563",0,"-0,16441444959666","3,8020046450308","3,80551257634859","102858,701041591","7,71922912597656","3,61956346950545","-1,77E-12","0,166463065344128","86,2140202907985","562,939999800175"
"9,15999979525799",1,"102919,204928384","21616,8132805938","2781,52043105964","2985,99473065975","6,1390698795949","0,996332471768007",0,"-0,163042238156131","3,82632925916852","3,82970230333923","102901,579712796","7,77144470214844","3,72288237493426","-1,82E-12","0,17196176673099","88,3635634070337","563,159999795258"
"9,379999790341",1,"102962,549850652","22138,1767970571","2783,55456532193","2988,03480762067","6,13516875559435","0,996965129721997",0,"-0,161688475255811","3,85061731156434","3,85389780845014","102944,789042384","7,82369384765625","3,82691148016056","-1,87E-12","0,177533804180258","90,5144735202872","563,379999790341"
"9,599999785423",1,"103006,227225652","22659,8419683184","2785,58924852465","2990,07546409009","6,13126703554735","0,997598763696804",0,"-0,16038086362591","3,87484084912245","3,87806382632362","102988,330303392","7,87594909667969","3,93165254924907","-1,92E-12","0,183179636070537","92,6667517115214","563,599999785423"
"9,81999978050601",1,"103050,238327953","23181,84997651","2787,62448053064","2992,11669991751","6,12736561352358","0,998233305804977",0,"-0,159112030487107","3,89901360347256","3,90219089205728","103032,204770244","7,92822570800781","4,03710733948539","-1,97E-12","0,188899698942485","94,8203996956799","563,819999780506"
"10,039999775589",1,"103094,58443295","23704,1904515506","2789,66026007199","2994,15851381055","6,12346419149981","0,99886838764955",0,"-0,157875709877031","3,92312371792858","3,92624959141599","103076,413717946","7,98051452636719","4,14327760312198","-2,02E-12","0,194694343407546","96,9754194411144","564,039999775589"
"10,259999770671",1,"103139,266817465","24226,8629973208","2791,69658727981","2996,20090586974","6,11956247145281","0,999504469729195",0,"-0,156689778718764","3,94717673309423","3,95019671512129","103120,95842277","8,03281860351563","4,25016508735375","-2,08E-12","0,200563820133945","99,1318128378987","564,259999770671"
"10,479999765754",1,"103184,286758162","24749,8672268983","2793,7334624666","2998,24387639996","6,11566075140581","1,00014127670173",0,"-0,155515251380399","3,97118683384881","3,97421170652196","103165,840161495","8,08514709472656","4,35777153248055","-2,13E-12","0,206508796131504","101,28958132671","564,479999765754"
"10,699999760836",1,"103229,645533499","25273,2027388347","2795,77088354344","3000,28742325628","6,11175962740526","1,00077868100083",0,"-0,154394378487736","3,99512939676934","3,99803372808751","103211,060211583","8,13749084472656","4,46609867606057","-2,18E-12","0,212529354664773","103,448727038012","564,699999760836"
"10,919999755919",1,"103275,344423011","25796,8477367337","2797,80885167191","3002,33154760972","6,10785790735827","1,0014170917087",0,"-0,15331908475237","4,01901553020141","4,0218949024532","103256,619852503","8,18982543945313","4,57514824671441","-2,23E-12","0,218626061397397","105,609251383148","564,919999755919"
"11,139999751002",1,"103321,384706405","26320,8446390789","2799,84736591306","3004,37624847561","6,10395648533449","1,00205625564068",0,"-0,152267783374073","4,04284133327756","4,0456398707107","103302,520363679","8,2421875","4,6849219694087","-2,29E-12","0,224799220373861","107,771156174629","565,139999751002"
"11,359999746084",1,"103367,767664802","26845,1821117592","2801,88642600241","3006,4215255557","6,10005506331072","1,00269623948526",0,"-0,151265948818657","4,06661955279837","4,06934760900536","103348,763025545","8,29458618164063","4,795421563935","-2,34E-12","0,231049193029183","109,934443454477","565,359999746084"
"11,579999741167",1,"103414,494580198","27369,817471067","2803,92603206027","3008,46737896158","6,09615334326372","1,00333699849341",0,"-0,150292712894654","4,0903387471009","4,09299953355398","103395,349120057","8,34697265625","4,90664874302388","-2,39E-12","0,23737633988183","112,099114966573","565,579999741167"
"11,799999736249",1,"103461,566735324","27894,7821357106","2805,96618273989","3010,51380729803","6,09225192123995","1,00397843420467",0,"-0,149354162361937","4,11399830638459","4,11664901955229","103442,279929315","8,39938354492188","5,01860521543701","-2,45E-12","0,243781150996971","114,265172482404","565,799999736249"
"12,019999731332",1,"103508,985414291","28420,0543566892","2808,00687854396","3012,56081105184","6,08835049921618","1,00462085378577",0,"-0,148481172000713","4,13759921430955","4,14021091332435","103489,556737145","8,45180053710937","5,13129268315043","-2,5E-12","0,25026395009983","116,432617426673","566,019999731332"
"12,239999726415",1,"103556,751901519","28945,676397922","2810,04811958099","3014,60839030267","6,08444877916918","1,00526427874827",0,"-0,14764794659648","4,16113978892482","4,16365856250772","103537,180827592","8,50422668457031","5,24471284234935","-2,56E-12","0,256824980990322","118,601452022225","566,239999726415"
"12,459999721497",1,"103604,86748273","29471,605196406","2812,08990529798","3016,65654446712","6,08054705912218","1,00590830847165",0,"-0,146852563936933","4,18462450073309","4,18712952812354","103585,153486087","8,55668029785156","5,35886738359692","-2,61E-12","0,26346478843797","120,771677559578","566,459999721497"
"12,67999971658",1,"103653,333443712","29997,8937479592","2814,13223589021","3018,70527371447","6,07664593512163","1,00655324766776",0,"-0,146110946276656","4,20804653301841","4,21049772304502","103633,475998269","8,60912170410156","5,47375799124109","-2,67E-12","0,270183605711558","122,943296339374","566,67999971658"
"12,899999711663",1,"103702,151071964","30524,4774937796","2816,17510992347","3020,75457657377","6,07274421507464","1,00719871075974",0,"-0,145398912666365","4,23141057164333","4,23383431794225","103682,149650882","8,66158447265625","5,5893863444844","-2,72E-12","0,276981823961651","125,116309515587","566,899999711663"
"13,119999706745",1,"103751,321655309","31051,3880607504","2818,21852794024","3022,80445355231","6,06884279305086","1,00784527607348",0,"-0,144742414671363","4,25472382197799","4,25712146334858","103731,175731658","8,71406555175781","5,70575411685115","-2,78E-12","0,283859815950073","127,290719543797","567,119999706745"
"13,339999701828",1,"103800,846482635","31578,6250087068","2820,2624903415","3024,85490503124","6,06494107300387","1,00849286500125",0,"-0,144121104654015","4,27797353646106","4,28032793949511","103780,555529143","8,76655578613281","5,8228629751856","-2,83E-12","0,290817965615987","129,466527672786","567,339999701828"
"13,55999969691",1,"103850,72684424","32106,1989401723","2822,30699603332","3026,90592987672","6,06103965098009","1,00914096969091",0,"-0,14353481530672","4,30116452181352","4,30352778023574","103830,290332929","8,81905212402344","5,94071458114266","-2,89E-12","0,297856641088846","131,643735986679","567,55999969691"
"13,779999691993",1,"103900,964030451","32634,0662219392","2824,35204553922","3028,95752858445","6,05713822895632","1,00979000528865",0,"-0,142996179802277","4,32429232858281","4,32660800887459","103880,38143342","8,8715576171875","6,05931058978419","-2,95E-12","0,304976120745806","133,822346320555","567,779999691993"
"13,999999687076",1,"103951,559332656","33162,2798004345","2826,39763832946","3031,00970058385","6,05323680693255","1,01043992870246",0,"-0,142502312217111","4,34735187527695","4,34962898562646","103930,830121504","8,92406616210937","6,17865265104684","-3,01E-12","0,312176647727923","136,002360367112","567,999999687076"
"14,219999682158",1,"104002,514043","33690,8080411008","2828,44377462691","3033,06244608114","6,04933508688555","1,01109061241415",0,"-0,142059462698926","4,3703611382818","4,37257832127305","103981,637689097","8,97659301757813","6,29874240734407","-3,06E-12","0,319458548324835","138,18378038515","568,219999682158"
"14,439999677241",1,"104053,829454643","34219,6493841471","2830,49045443878","3035,11576503087","6,04543366486178","1,01174238237033",0,"-0,141666126016668","4,393311317614","4,39555063904506","104032,805428894","9,02911987304688","6,41958149670147","-3,12E-12","0,326822412471111","140,366607752697","568,439999677241"
"14,659999672324",1,"104105,506861223","34748,8145029509","2832,53767720271","3037,16965684489","6,04153194481478","1,01239485635112",0,"-0,141314413295676","4,41619794389198","4,41838600461919","104084,334634316","9,0816650390625","6,5411715504282","-3,18E-12","0,334268371547738","142,550844360835","568,659999672324"
"14,879999667406",1,"104157,547557685","35278,3143102441","2834,58544355863","3039,2241221215","6,03763052279101","1,01304820542123",0,"-0,141020267698953","4,43902224841644","4,4412056515772","104136,226599751","9,1342041015625","6,66351419423216","-3,24E-12","0,341796850912876","144,736491989139","568,879999667406"
"15,099999662489",1,"104209,952839468","35808,1256961926","2836,63375350194","3041,27916084865","6,03372880274401","1,01370239557258",0,"-0,140765003460097","4,46177832767439","4,46390882229121","104188,482620623","9,18674926757813","6,78661104533496","-3,3E-12","0,349408005816505","146,923552623301","569,099999662489"
"15,319999657571",1,"104262,724002488","36338,238436664","2838,68260570699","3043,33477162571","6,02982767874346","1,01435721037745",0,"-0,140572842286742","4,4844895641239","4,486628392321","104241,103992374","9,23931274414062","6,91046371780184","-3,36E-12","0,357102385231363","149,11202756037","569,319999657571"
"15,539999652654",1,"104315,862343828","36868,7057439489","2840,73200050705","3045,39095477644","6,02592595869646","1,01501276309319",0,"-0,140429190161055","4,50713278452666","4,50926410171946","104294,092011872","9,29187927246094","7,03507381779196","-3,42E-12","0,364880247980848","151,301919177016","569,539999652654"
"15,759999647737",1,"104369,369161093","37399,4620598604","2842,78193785848","3047,44771021586","6,02202423864946","1,01566925122952",0,"-0,140330017147356","4,52971205601628","4,53183446940794","104347,447976354","9,34443969726562","7,16044294531794","-3,48E-12","0,372741917027565","153,493229182227","569,759999647737"
"15,979999642819",1,"104423,245752821","37930,5184220494","2844,8324178267","3049,50503796588","6,01812311464892","1,01632663520204",0,"-0,140286609400593","4,55223039850165","4,55435782802126","104401,173183915","9,39701843261719","7,28657269464209","-3,54E-12","0,380687693813775","155,685959375599","569,979999642819"
"16,199999637902",1,"104477,493418235","38461,9491187937","2846,88344080111","3051,56293837833","6,01422139460192","1,01698501986881",0,"-0,140298901533908","4,57468575368883","4,57680047170724","104455,268933785","9,44958801269531","7,41346465378224","-3,6E-12","0,388717858142794","157,880111711735","570,199999637902"
"16,419999632984",1,"104532,113457502","38993,6463130443","2848,93500712706","3053,62141177194","6,01031967455492","1,01764435049585",0,"-0,14035896265445","4,59707097111882","4,59916791190033","104509,736525382","9,50216369628906","7,54112040370027","-3,66E-12","0,396832654711588","160,07568793605","570,419999632984"
"16,639999628067",1,"104587,107171042","39525,7169408211","2850,98711637964","3055,68045767728","6,00641855055437","1,01830445426784",0,"-0,14046193811292","4,61940603253993","4,6214697332215","104564,577259302","9,55475463867188","7,66954151902782","-3,72E-12","0,405032458526916","162,272689674344","570,639999628067"
"16,85999962315",1,"104642,475860278","40058,0530748198","2853,0397685623","3057,74007604657","6,00251683050737","1,01896546028252",0,"-0,140648206942777","4,64166921948827","4,64372369579733","104619,7924364","9,60733947753906","7,79872956942504","-3,78E-12","0,413317548199829","164,471119101205","570,85999962315"
"17,079999618232",1,"104698,220827607","40590,7079581588","2855,09296352098","3059,80026671134","5,99861511046038","1,01962689037758",0,"-0,140890571922246","4,66386801581769","4,66598938743783","104675,383358789","9,65992126464844","7,92868611594802","-3,85E-12","0,421688408456767","166,670977722906","571,079999618232"
"17,299999613315",1,"104754,343375485","41123,6810969946","2857,14670115698","3061,86102952078","5,9947136884366","1,02028933095324",0,"-0,141189633964275","4,68599517433614","4,68804085158022","104731,351328834","9,71249389648438","8,05941271417989","-3,91E-12","0,430144903303127","168,87226804845","571,299999613315"
"17,519999608398",1,"104810,844807369","41656,9840218871","2859,20098267927","3063,92236564216","5,99081226641283","1,02095301677958",0,"-0,141538830859478","4,7080572220597","4,71011823076335","104787,697649548","9,76507568359375","8,19091091325042","-3,97E-12","0,438687595590746","171,074991400054","571,519999608398"
"17,73999960348",1,"104867,72642763","42190,5922820664","2861,25580706365","3065,98427402425","5,98691054636583","1,02161723631577",0,"-0,141943638708599","4,73005260075809","4,7321053133356","104844,423625","9,81765747070313","8,32318225483319","-4,03E-12","0,447316742836032","173,279149741749","571,73999960348"
"17,959999598563",1,"104924,989540638","42724,4964774701","2863,31117501687","3068,04675532206","5,98300942236529","1,02228239391183",0,"-0,142429003123683","4,7519871680835","4,75404855830794","104901,530559593","9,87023315429687","8,45622827470773","-4,1E-12","0,456032638737501","175,48474489697","571,959999598563"
"18,179999593645",1,"104982,635451956","43258,7500260432","2865,36708630702","3070,10980926274","5,97910770231829","1,02294847504949",0,"-0,142970435905925","4,77384681922576","4,77589945745069","104959,019758229","9,92279052734375","8,59005050210646","-4,16E-12","0,464835450628207","177,691779209384","572,179999593645"
"18,399999588728",1,"105040,665467772","43793,3072752623","2867,42354142662","3072,17343630123","5,97520628029451","1,02361546462053",0,"-0,1435696321199","4,79564017800037","4,79770007887844","105016,892527059","9,97536315917969","8,72465045927663","-4,23E-12","0,473725507408132","179,90025392661","572,399999588728"
"18,619999583811",1,"105099,080894617","44328,1590126216","2869,48053990637","3074,23763593738","5,97130485827074","1,02428282943023",0,"-0,144232582939864","4,81737085498503","4,81949985186638","105075,15017234","10,0279235839844","8,86002966106603","-4,29E-12","0,482703296468897","182,110170839566","572,619999583811"
"18,839999578893",1,"105157,883039749","44863,3047987278","2871,53808222707","3076,30240858583","5,96740313822374","1,02495138306022",0,"-0,144962823786146","4,83902806577342","4,84115314509519","105133,794001029","10,0804840087891","8,99618961713201","-4,36E-12","0,49176884662726","184,321532466257","572,839999578893"
"19,059999573976",1,"105217,073210969","45398,8189008505","2873,59616860905","3078,36775446069","5,96350141817675","1,02562081339816",0,"-0,145769261458002","4,86062004397293","4,86275451455107","105192,825320899","10,1330291748047","9,13313182780026","-4,42E-12","0,500922403280308","186,534340512078","573,059999573976"
"19,279999569058",1,"105276,652716637","45934,6137048913","2875,6547999473","3080,43367438085","5,95959999615297","1,02629135104515",0,"-0,146638673502244","4,8821400670144","4,88428070779851","105252,245439694","10,1855712890625","9,27085778909269","-4,49E-12","0,510164222410241","188,748596956083","573,279999569058"
"19,499999564141",1,"105336,622865933","46470,7010770635","2877,71397629762","3082,50016838212","5,9556985741292","1,0269627147196",0,"-0,147570550357689","4,90359050712791","4,90580048459714","105312,055666676","10,2381072998047","9,40936898836098","-4,55E-12","0,519494708702243","190,964303306669","573,499999564141"
"19,719999559224",1,"105396,9849686","47007,1220213241","2879,77369745493","3084,5672362025","5,95179715210543","1,02763495679373",0,"-0,148587537646554","4,92496509943303","4,92713902270459","105372,257311084","10,2906280517578","9,5486669071357","-4,62E-12","0,528913848825061","193,181461481568","573,719999559224"
"19,939999554306",1,"105457,740334505","47543,834537203","2881,83396422599","3086,63487861798","5,94789543205843","1,02830800880146",0,"-0,149659929655652","4,94626777869448","4,94846103359787","105432,851682897","10,3431457519531","9,68875301888108","-4,69E-12","0,538421957149554","195,400073759356","573,939999554306"
"20,159999549389",1,"105518,890274501","48080,8588592165","2883,89477610053","3088,70309506065","5,94399401003466","1,02898175468177",0,"-0,150810957069599","4,96750553473648","4,96972726887487","105493,84009242","10,3956481933594","9,82962879141847","-4,75E-12","0,548019346495116","197,620142048014","574,159999549389"
"20,379999544472",1,"105580,436099828","48618,194456314","2885,95613332426","3090,77188574569","5,94009228998766","1,02965640119832",0,"-0,152043419998659","4,98866694993959","4,99091091666484","105555,223850885","10,4481414794922","9,97129568417134","-4,82E-12","0,557706238812622","199,841668014263","574,379999544472"
"20,599999539554",1,"105642,379122362","49155,8408123419","2888,01803750249","3092,84125223053","5,93619086796389","1,03033222442638",0,"-0,153355413884887","5,00974971502226","5,01202875814197","105617,00426975","10,5006134033203","10,1137551500835","-4,89E-12","0,567482796326746","202,064653534352","574,599999539554"
"20,819999534637",1,"105704,72065419","49693,7767488515","2890,08048751233","3094,91119334891","5,93228944594011","1,03100869080399",0,"-0,154739720705746","5,03076426132761","5,03309714794155","105679,182661189","10,5530700683594","10,2570086344975","-4,96E-12","0,577349371787427","204,28910051473","574,819999534637"
"21,039999529719",1,"105767,462008309","50232,0430407851","2892,14348481324","3096,98171050855","5,92838772589312","1,03168616681938",0,"-0,156207661747445","5,0516960743291","5,05407788830605","105741,760337666","10,6055084228516","10,4010575764605","-5,03E-12","0,587306098970467","206,515010659209","575,039999529719"
"21,259999524802",1,"105830,604497735","50770,6184853766","2894,20702946483","3099,05280374608","5,92448630386934","1,03236454580136",0,"-0,157756770569497","5,0725488037647","5,07494897902309","105804,738612367","10,6579254150391","10,5459034061383","-5,1E-12","0,597353093146955","208,742386789422","575,259999524802"
"21,479999519885",1,"105894,149435996","51309,4819735561","2896,27112161179","3101,12447314175","5,92058488184557","1,03304375093318",0,"-0,159397296251537","5,0933362098641","5,09579634959386","105868,118798426","10,7103363037109","10,6915475476529","-5,17E-12","0,607490678816429","210,971229951503","575,479999519885"
"21,699999514967",1,"105958,098137231","51848,6535705573","2898,33576129364","3103,19671870166","5,9166834598218","1,03372367509876",0,"-0,161113531740398","5,11403503016484","5,11650918613663","105931,902209838","10,7627288818359","10,8379914170672","-5,24E-12","0,617718901175495","213,201542579766","575,699999514967"
"21,91999951005",1,"106022,451916","52388,1327471578","2900,40094966812","3105,26954153125","5,91278203779802","1,03440462006623",0,"-0,16291809804439","5,13466505481957","5,13720356864045","105996,090161001","10,8150939941406","10,9852364236035","-5,31E-12","0,628038105519201","215,433326149491","575,91999951005"
"22,139999505132",1,"106087,212087219","52927,8852635521","2902,46668653671","3107,34294139658","5,90888031775103","1,03508650041101",0,"-0,164817442005165","5,15521160153076","5,15781517962309","106060,683966654","10,8674346923828","11,1332839684827","-5,38E-12","0,638448458347318","217,666582787958","576,139999505132"
"22,359999500215",1,"106152,379966178","53467,9779077356","2904,53297304078","3109,41691938097","5,90497859770403","1,03576939634203",0,"-0,166805973655244","5,17567410097554","5,17829198480731","106125,6849419","10,9197540283203","11,2821354461068","-5,45E-12","0,648949929069436","219,901315084741","576,359999500215"
"22,579999495298",1,"106217,956868377","54008,3764718919","2906,59980968756","3111,49147597029","5,90107747370348","1,0364531205572",0,"-0,168881294003745","5,19607334035584","5,19876369497165","106191,094402263","10,9720642089844","11,43179224191","-5,52E-12","0,659542922329145","222,137524245967","576,579999495298"
"22,79999949038",1,"106283,944110151","54549,046619536","2908,66719611182","3113,56661072284","5,89717575365648","1,03713763513555",0,"-0,171059880191956","5,2163744461662","5,21909532176732","106256,913663603","11,0243377685547","11,5822557356846","-5,59E-12","0,670227433499967","224,375212711517","576,79999949038"
"23,019999485463",1,"106350,343008021","55090,0553277957","2910,73513352119","3115,64232481409","5,89327403360949","1,0378231114899",0,"-0,173331843859514","5,23659358959907","5,23936692028938","106323,14404245","11,0765747070313","11,7335272987702","-5,66E-12","0,681003678730357","226,614381899643","577,019999485463"
"23,239999480546",1,"106417,154878725","55631,3478526137","2912,80362218731","3117,71861848718","5,88937261158571","1,03850936901205",0,"-0,175698557466731","5,25672256852183","5,25959043607129","106389,786855456","11,1287811279297","11,8856082938062","-5,73E-12","0,691871896908446","228,855034269159","577,239999480546"
"23,459999475628",1,"106484,381038817","56172,9306164984","2914,87266245013","3119,79549202335","5,88547118956194","1,03919655426756",0,"-0,178169435289711","5,27677852002711","5,27971070043451","106456,843419242","11,1809600830078","12,0385000762762","-5,81E-12","0,702832157425648","231,097171350927","577,459999475628"
"23,679999470711",1,"106552,02280584","56714,8299649397","2916,94225599107","3121,87294704058","5,88156946951494","1,0398850820586",0,"-0,180749820244321","5,29673651320811","5,29974741034869","106524,315050872","11,2331024169922","12,1922039953988","-5,88E-12","0,713884607345934","233,340795046224","577,679999470711"
"23,899999465793",1,"106620,081497501","57256,997921876","2919,01240208623","3123,95098281558","5,87766804749117","1,04057400083194",0,"-0,183441534560911","5,31660513914586","5,31970523403904","106592,203068173","11,285205078125","12,3467213892064","-5,95E-12","0,72502938062608","235,58590761102","577,899999465793"
"24,119999460876",1,"106688,558431693","57799,4881905985","2921,08310255958","3126,02960109091","5,8737666254674","1,04126408187911",0,"-0,186247755476305","5,33637751560719","5,33954455461688","106660,508788705","11,3372619628906","12,5020535904612","-6,03E-12","0,736266450008134","237,832511411952","578,119999460876"
"24,339999455959",1,"106757,454925989","58342,2934790151","2923,15435698352","3128,10880141083","5,8698649054204","1,04195493035505",0,"-0,189160941606148","5,35607784655097","5,35933994695639","106729,233530444","11,3892974853516","12,6582019224066","-6,1E-12","0,747596151331161","240,080607267893","578,339999455959"
"24,559999451041",1,"106826,772298988","58885,3655497508","2925,22616686947","3130,18858523624","5,86596348339663","1,04264686286017",0,"-0,192189778926542","5,37567280490163","5,37903717782247","106798,378611356","11,4412780761719","12,8151677012786","-6,18E-12","0,759018450809625","242,330198233007","578,559999451041"
"24,779999446124",1,"106896,511869074","59428,737818537","2927,29853232126","3132,26895263528","5,86206206137285","1,04333961523083",0,"-0,195335666021459","5,39517133750647","5,39864461319903","106867,945350087","11,493212890625","12,9729522341216","-6,25E-12","0,770533490377132","244,581285853825","578,779999446124"
"24,999999441207",1,"106966,674954539","59972,3894207118","2929,37145451343","3134,34990473393","5,85816034132586","1,04403324569529",0,"-0,198614527854352","5,41458250251119","5,41815961710566","106937,935064835","11,5451080322266","13,1315568202487","-6,33E-12","0,782141328677612","246,83387207481","578,999999441207"
"25,219999436289",1,"107037,262874027","60516,3603596925","2931,44493281025","3136,43144084762","5,85425891930208","1,04472754611804",0,"-0,202012756205932","5,43389166494595","5,43757235018479","107008,349074129","11,5969543457031","13,2909827509873","-6,4E-12","0,79384197000402","249,087959379831","579,219999436289"
"25,439999431372",1,"107108,276946315","61060,6297436664","2933,51896995133","3138,51356368149","5,85035749727831","1,04542324888541",0,"-0,205534996205492","5,45311193555995","5,45691981755493","107079,188696782","11,6487548828125","13,451231308785","-6,48E-12","0,805635652429652","251,343549484553","579,439999431372"
"25,659999426454",1,"107179,718490235","61605,1767344719","2935,59356543342","3140,59627267745","5,84645577723131","1,04611964163247",0,"-0,209196826265054","5,47222377434082","5,47615973008745","107150,455251432","11,7005004882813","13,6123037685326","-6,55E-12","0,817522325301823","253,600644413382","579,659999426454"
"25,879999421537",1,"107251,588824767","62150,0412355467","2937,66872037276","3142,67956892006","5,84255465323076","1,04681685011537",0,"-0,212995335064978","5,49123365209362","5,4952719302773","107222,150057198","11,7521850585937","13,774201395745","-6,63E-12","0,829501932064387","255,859246082001","579,879999421537"
"26,09999941662",1,"107323,889268816","62695,2023823487","2939,74443611505","3144,76345371656","5,83865293318377","1,04751526007443",0,"-0,216943282313643","5,51014402026102","5,51432162206686","107294,2744329","11,80380859375","13,9369254473498","-6,71E-12","0,841574606015087","258,11935663182","580,09999941662"
"26,319999411702",1,"107396,621141484","63240,6394026403","2941,8207133042","3146,84792765095","5,83475121313677","1,0482146960541",0,"-0,221029897087673","5,52895348330016","5,53326697963894","107366,829697601","11,8553771972656","14,1004771728084","-6,79E-12","0,853740407430207","260,380977913829","580,319999411702"
"26,539999406785",1,"107469,785761795","63786,3374954946","2943,89755332506","3148,93299207531","5,830849791113","1,04891509947063",0,"-0,225256597657789","5,54764781879487","5,55211964756911","107439,817170318","11,906884765625","14,2648578123126","-6,86E-12","0,865999285372758","262,64411214559","580,539999406785"
"26,759999401867",1,"107543,384448433","64332,3849752982","2945,97495614514","3151,01864691802","5,82694836908922","1,04961604065721",0,"-0,229642469728933","5,56622710031457","5,57084538028251","107513,238169919","11,9583099365234","14,4300685971311","-6,94E-12","0,878351193500474","264,908761166094","580,759999401867"
"26,97999939695",1,"107617,41852029","64878,7065499909","2948,05292257094","3153,10489295867","5,82304664904223","1,05031785155153",0,"-0,234190242266599","5,58470273282432","5,5895436460252","107587,094015262","12,00966796875","14,5961107488249","-7,02E-12","0,890796382819272","267,174926802904","580,97999939695"
"27,199999392033",1,"107691,889295783","65425,2872659745","2950,13145367532","3155,19173120988","5,81914492899523","1,05102069341747",0,"-0,238902558671726","5,60305947740906","5,60803999162786","107661,386024756","12,0609527587891","14,762985481558","-7,1E-12","0,903334509810749","269,442611482074","581,199999392033"
"27,419999387115",1,"107766,798093424","65972,1954805276","2952,21055092298","3157,27916311243","5,81524380499468","1,05172466598954",0,"-0,243790171679237","5,62129947639784","5,62648616748755","107736,115517193","12,1121643066406","14,9306939991325","-7,18E-12","0,915965736663532","271,711817283146","581,419999387115"
"27,639999382198",1,"107842,146232725","66519,3615284544","2954,29021505768","3159,36718937418","5,81134208494768","1,05242935502087",0,"-0,248847115175279","5,63941438147693","5,64479938115476","107811,283811106","12,1632843017578","15,0992374965724","-7,26E-12","0,928689886579102","273,982545773422","581,639999382198"
"27,859999377281",1,"107917,935029499","67066,8192853981","2956,37044753733","3161,45581141238","5,80744066292391","1,05313518857477",0,"-0,254074183676824","5,65741095612435","5,66301546102138","107886,892225115","12,2143188476563","15,2686171596034","-7,34E-12","0,941506958203988","276,254799510542","581,859999377281"
"28,079999372363",1,"107994,165801531","67614,5681369135","2958,45124928481","3163,5450301188","5,80353894287691","1,05384198735224",0,"-0,259507211363892","5,67528139446786","5,68111121312201","107962,942074567","12,2652618408203","15,4388341646104","-7,42E-12","0,95441688473703","278,528580364722","582,079999372363"
"28,299999367446",1,"108070,839866812","68162,6421299889","2960,53262115743","3165,63484629226","5,79963752085314","1,05454971175494",0,"-0,265127405487511","5,69301882696271","5,69907406532445","108039,434678203","12,3161102294922","15,6098896797969","-7,5E-12","0,967419467771028","280,803890402293","582,299999367446"
"28,519999362528",1,"108147,958542473","68710,9713036152","2962,614565227","3167,72526201248","5,79573609882937","1,05525846096239",0,"-0,270948001209495","5,71062899644866","5,71693265230401","108116,371353611","12,3668579101563","15,7817848615218","-7,58E-12","0,980514661731803","283,08073143072","582,519999362528"
"28,739999357611",1,"108225,523144928","69259,5696950587","2964,69708148895","3169,81627720196","5,79183467680559","1,05596805886268",0,"-0,276972712375462","5,72810603532863","5,73468456416699","108193,753417181","12,4175079345703","15,9545208587928","-7,67E-12","0,993702376365106","285,359105771693","582,739999357611"
"28,959999352694",1,"108303,534990706","69808,4418422213","2966,78017225337","3171,9078941776","5,7879329567586","1,056678675863",0,"-0,283212558221398","5,74543659055807","5,75229666328979","108271,582185637","12,4680358886719","16,1280988088358","-7,75E-12","1,00698241217862","287,639015632179","582,959999352694"
"29,179999347776",1,"108381,995395285","70357,6366576709","2968,86383820637","3174,00011356453","5,78403153473482","1,05739008862383",0,"-0,28968253322905","5,76262886935931","5,76978725752543","108349,858974698","12,51845703125","16,3025198406683","-7,83E-12","1,0203545802228","289,920462658233","583,179999347776"
"29,399999342859",1,"108460,905673561","70907,1187471959","2970,948080015","3176,09293601894","5,78013011271105","1,05810239025273",0,"-0,296382107964638","5,77966482196433","5,78713711302273","108428,585099663","12,5687347412109","16,4777850724661","-7,91E-12","1,03381870003977","292,20344904227","583,399999342859"
"29,619999337941",1,"108540,267139939","71456,867562425","2973,03289983113","3178,18636367218","5,77622839266405","1,05881580672168",0,"-0,303327085068656","5,79656371095794","5,80438803220703","108507,761875077","12,618896484375","16,653895611905",-8E-12,"1,04737468824075","294,487977008906","583,619999337941"
"29,839999333024",1,"108620,081108217","72006,8873353236","2975,11829881569","3180,28039765115","5,77232697064028","1,05953022354623",0,"-0,310520678997022","5,81329649349876","5,82142971040219","108587,390614976","12,6689361572266","16,8308525570361","-8,08E-12","1,06102205535869","296,774048892577","583,839999333024"
"30,059999328107",1,"108700,348891451","72557,2074676942","2977,20427890652","3182,37503987617","5,76842554861651","1,06024564446077",0,"-0,317984335930731","5,82987517481418","5,83839836280368","108667,472632692","12,7188201904297","17,0086569952429","-8,17E-12","1,07476080771573","299,061666352373","584,059999328107"
"30,279999323189",1,"108781,071801843","73107,7971418902","2979,29084075348","3184,47029096895","5,76452382856951","1,06096193627883",0,"-0,325720733315381","5,84628774787564","5,855160654018","108748,00924088","12,7685607910156","17,187310003711","-8,25E-12","1,08859041227382","301,350831848578","584,279999323189"
"30,499999318272",1,"108862,251150843","73658,6707470241","2981,37798612143","3186,56615269645","5,76062240654574","1,061679082677",0,"-0,333744660589168","5,86252885791095","5,87183855241224","108829,001751271","12,8181427001953","17,36681264808","-8,34E-12","1,10251080527549","303,641547352513","584,499999318272"
"30,719999313355",1,"108943,888248808","74209,8429110519","2983,46571703486","3188,66262704723","5,75672098452196","1,06239748926312",0,"-0,34206639301472","5,87859609425057","5,88836949549502","108910,451474595","12,8675659179688","17,5471659839947","-8,42E-12","1,11652159700232","305,933814711924","584,719999313355"
"30,939999308437",1,"109025,984405117","74761,2824575603","2985,55403511422","3190,75971564755","5,75281926447497","1,06311676317745",0,"-0,350698315400236","5,89448439418689","5,90474146336826","108992,359720769","12,9168090820313","17,7283710552905","-8,51E-12","1,13062254832223","308,22763595852","584,939999308437"
"31,15999930352",1,"109108,540928215","75312,9841967518","2987,64294056469","3192,85741867718","5,74891784245119","1,0638367719205",0,"-0,359662758431529","5,91018168380969","5,92092597143275","109074,727798442","12,965869140625","17,9104288952586","-8,59E-12","1,14481319743543","310,523013646038","585,15999930352"
"31,379999298602",1,"109191,5591249","75864,9672430688","2989,73243651461","3194,9557392766","5,74501612240419","1,0645578651395",0,"-0,368962855600033","5,9256818766526","5,93696415864543","109157,557015337","13,0147277832031","18,093340524773","-8,68E-12","1,15909311110054","312,819949616969","585,379999298602"
"31,599999293685",1,"109275,040301273","76417,2506510442","2991,82252406581","3197,05467852591","5,74111470038042","1,06528005088328",0,"-0,378630263810555","5,94097680743667","5,95280782145188","109240,848677637","13,0633941650391","18,2771069542936","-8,77E-12","1,17346180768451","315,118446234058","585,599999293685"
"31,819999288768",1,"109358,985761915","76969,7590345407","2993,91320572557","3199,15423894836","5,73721327835665","1,06600337952115",0,"-0,388673953005835","5,95604382470372","5,96849133394814","109324,604090713","13,1118103027344","18,461729181583","-8,85E-12","1,18791881132905","317,418505077657","585,819999288768"
"32,03999928385",1,"109443,396809322","77522,6015970742","2996,00448383135","3201,25442289716","5,73331185633288","1,06672756840444",0,"-0,399109944684167","5,97089784740264","5,98399960486904","109408,824557797","13,1600158691406","18,6472081914657","-8,94E-12","1,20246367461949","319,720128765357","586,03999928385"
"32,259999278933",1,"109528,274745118","78075,7030602401","2998,0963584064","3203,35523038023","5,72941013628588","1,06745249411343",0,"-0,409968246829234","5,98552743515618","5,99933395861156","109493,511380956","13,2079833984375","18,8335449580369","-9,03E-12","1,21709584632178","322,023319352154","586,259999278933"
"32,479999274015",1,"109613,620868719","78629,0667329906","3000,18883227669","3205,45666427258","5,72550901228533","1,06817831488744",0,"-0,421254382245069","5,99990194798153","6,01441423912209","109578,665860489","13,2556762695313","19,0207404409763","-9,12E-12","1,23181453280724","324,328079265431","586,479999274015"
"32,699999269098",1,"109699,436477749","79182,687904007","3002,281907822","3207,55872695025","5,72160729223833","1,06890547979561",0,"-0,4330035985962","6,01403525663634","6,02937893034431","109664,289294784","13,3030975341797","19,2087955880464","-9,21E-12","1,24661945687466","326,634409553852","586,699999269098"
"32,919999264181",1,"109785,722867956","79736,6209695312","3004,37558723756","3209,66142064779","5,71770557219133","1,06963352110169",0,"-0,44524858865501","6,02789380657431","6,04402127444567","109750,382980357","13,3502227783203","19,3977113332297","-9,3E-12","1,26150950016671","328,94231380065","586,919999264181"
"33,139999259263",1,"109872,481333038","80290,8139992621","3006,46987301412","3211,76474788185","5,71380415016756","1,07036280404904",0,"-0,45800600469124","6,04148743141917","6,05853131556452","109836,948211725","13,3970428466797","19,5874885974199","-9,39E-12","1,27648423865557","331,251793277804","587,139999259263"
"33,359999254346",1,"109959,713164001","80845,262516931","3008,5647667217","3213,86871026447","5,70990272814379","1,07109264382356",0,"-0,471320667920035","6,05478625130484","6,07279373633651","109923,986281092","13,4435333251953","19,7781282871118","-9,48E-12","1,29154278399894","333,562850126791","587,359999254346"
"33,579999249429",1,"110047,419649578","81400,0049491073","3010,66027027313","3215,97330974625","5,70600100809679","1,07182345096856",0,"-0,48521872438133","6,06777597032506","6,08682642791795","110011,498477999","13,4896636962891","19,9696312951524","-9,57E-12","1,30668431792916","335,875486874199","587,579999249429"
"33,799999244511",1,"110135,602076069","81955,0015046397","3012,75638707098","3218,07854980778","5,70209928804979","1,07255543928405",0,"-0,499739127784204","6,0804414186013","6,10063416600001","110099,486089981","13,5354095458984","20,1619984982719","-9,66E-12","1,32190799906714","338,18970521773","587,799999244511"
"34,019999239594",1,"110224,261725971","82510,2710278104","3014,85312014308","3220,1844335347","5,69819816404925","1,07328868041481",0,"-0,51493138976587","6,09276062057883","6,11413186209315","110187,950400942","13,5807495117188","20,3552307584958","-9,75E-12","1,33721263205167","340,505507913187","588,019999239594"
"34,239999234676",1,"110313,399879897","83065,8144877924","3016,95047229103","3222,29096380307","5,69429644400225","1,07402294152538",0,"-0,530831637266802","6,10471490044211","6,12737281656972","110276,892692234","13,6256530761719","20,5493289220512","-9,85E-12","1,35259731898437","342,822896645206","588,239999234676"
"34,459999229759",1,"110403,017813896","83621,6099620008","3019,04844543689","3224,39814262599","5,69039502197847","1,07475779577075",0,"-0,547486463839383","6,11628053554638","6,14031392912765","110366,314242022","13,6700897216797","20,7442938185875","-9,94E-12","1,36806075936725","345,141873877505","588,459999229759"
"34,679999224842",1,"110493,116800931","84177,6956852619","3021,14704169455","3226,50597221333","5,6864935999547","1,07549348386829",0,"-0,564967631672857","6,12743589600348","6,15299533602353","110456,216324315","13,7140106201172","20,9401262608435",-1E-11,"1,38360188928219","347,462441440331","588,679999224842"
"34,899999219924",1,"110583,69810957","84734,0141687486","3023,24626575027","3228,61445736584","5,6825918799077","1,07623080265361",0,"-0,583346636434843","6,13814736477372","6,16534234481673","110546,600209637","13,757373046875","21,1368270438656","-1,01E-11","1,39921935263445","349,784601887872","588,899999219924"
"35,119999215007",1,"110674,763004672","85290,6392702282","3025,34612076832","3230,72360138485","5,67869045788393","1,07696900002431",0,"-0,602670932894115","6,1483802049346","6,17736643912716","110637,467164384","13,8001373291016","21,3343969438474","-1,02E-11","1,41491170772052","352,108357470574","589,119999215007"
"35,339999210089",1,"110766,312745756","85847,4956962416","3027,44660953263","3232,83340721376","5,67478903586016","1,07770789434094",0,"-0,623024714771913","6,15810482607123","6,18905051230674","110728,818450356","13,8422546386719","21,5328367170792","-1,03E-11","1,43067742763663","354,43371010678","589,339999210089"
"35,559999205172",1,"110858,348586797","86404,6393704359","3029,54773614862","3234,94387912871","5,67088731581316","1,07844814148209",0,"-0,644524817985525","6,16728553655422","6,20029841966169","110820,655323761","13,8836700439453","21,732147099367","-1,04E-11","1,44651466204057","356,760662214761","589,559999205172"
"35,779999200255",1,"110950,871776522","86962,0501569109","3031,6495030299","3237,05501968524","5,66698589378939","1,07918917265716",0,"-0,66724421895488","6,17586724327819","6,21123569094199","110912,979035376","13,9243103027344","21,9323288075755","-1,05E-11","1,46242194875017","359,089215498992","589,779999200255"
"35,999999195337",1,"111043,883557536","87519,7080137444","3033,75191547464","3239,16683445889","5,66308447176561","1,07993129193336",0,"-0,691316375223533","6,18379164306518","6,22169374435727","111005,790830638","13,9640869140625","22,1333825326812","-1,06E-11","1,47839699155009","361,419372638061","589,999999195337"
"36,21999919042",1,"111137,385165302","88077,632888198","3035,85497828081","3241,27932847213","5,65918275171862","1,08067476962173",0,"-0,716879197913882","6,19100276159916","6,23169072588546","111099,091947857","14,0029266357422","22,335308942821","-1,07E-11","1,49443768325448","363,751135799191","590,21999919042"
"36,439999185503",1,"111231,377827918","88635,8406273384","3037,95869525616","3243,39250581392","5,65528132969484","1,08141904686548",0,"-0,744086701562207","6,19743209216033","6,24122257291694","111192,883618173","14,0407073974609","22,5381086804348","-1,08E-11","1,51054174571258","366,084506880978","590,439999185503"
"36,659999180585",1,"111325,862764818","89194,2752773828","3040,06307056453","3245,50637098198","5,65137990767107","1,08216412086476",0,"-0,773128041823001","6,20298648398961","6,25021611072646","111287,167064764","14,0773254394531","22,7417823596373","-1,09E-11","1,52670646689814","368,419488460936","590,659999180585"
"36,879999175668",1,"111420,841185342","89752,9926044161","3042,16810989901","3247,62093003869","5,64747818762407","1,08291015748944",0,"-0,804227631164327","6,20759018604419","6,25864545935849","111381,943501072","14,1126434326172","22,9463305644162","-1,1E-11","1,54292908808426","370,756082436361","590,879999175668"
"37,09999917075",1,"111516,314289329","90311,9545392536","3044,27381763812","3249,73618775931","5,6435767656003","1,08365726696481",0,"-0,837665666819471","6,21110822635002","6,26645031941707","111477,214130969","14,1464691162109","23,1517538478347","-1,11E-11","1,55920638457985","373,094291310115","591,09999917075"
"37,319999165833",1,"111612,283263953","90871,1963922516","3046,38020102375","3251,85215189094","5,63967534357653","1,08440561034959",0,"-0,873740728475191","6,2134037178431","6,2735548629877","111572,980146948","14,1786224365234","23,3580527264101","-1,12E-11","1,57553474015904","375,434117337499","591,319999165833"
"37,539999160916",1,"111708,749283365","91430,6813183411","3048,48726677915","3253,96882971832","5,63577362352953","1,08515515087196",0,"-0,912836706873951","6,2143037658034","6,27993962185885","111669,242728614","14,2088348388672","23,5652276778672","-1,13E-11","1,59191035219427","377,775562599135","591,539999160916"
"37,759999155998",1,"111805,71350569","91990,4074500014","3050,59502056054","3256,08622755841","5,63187220150576","1,08590521038066",0,"-0,955433128768279","6,21360947192398","6,28548823683894","111766,003040929","14,2368225097656","23,7732791360785","-1,14E-11","1,60832871453351","380,118629543927","591,759999155998"
"37,979999151081",1,"111903,177071864","92550,412345034","3052,70347096461","3258,20435474732","5,62797048145876","1,08665655651944",0,"-1,00215622136769","6,21104917744985","6,29011875108885","111863,262231873","14,2621795654297","23,9822074878161","-1,15E-11","1,62478486096691","382,463320337028","591,979999151081"
"38,199999146164",1,"112001,141102412","93110,6579611463","3054,81262666376","3260,32322087776","5,62406905943499","1,08740918766993",0,"-1,05376668465014","6,20628460690662","6,29372415431616","111961,021430745","14,2844177246094","24,1920130637997","-1,16E-11","1,64127310510395","384,809637065655","592,199999146164"
"38,419999141246",1,"112099,60669389","93671,1797338701","3056,92249732641","3262,44283668453","5,62016763741121","1,08816271866999",0,"-1,111291898508","6,19887486081683","6,29616294737912","112059,281744255","14,3029052734375","24,4026961323314","-1,17E-11","1,6577868520891","387,157581977023","592,419999141246"
"38,639999136329",1,"112198,574914622","94231,9406558577","3059,03309321147","3264,56321367989","5,61626621538744","1,08891743087479",0,"-1,17610409362582","6,18822846333227","6,297293258401","112158,044252524","14,316748046875","24,6142568901852","-1,18E-11","1,67431850044035","389,50715741783","592,639999136329"
"38,859999131411",1,"112298,046800199","94792,9580546024","3061,14442612423","3266,68436521407","5,61236449534044","1,08967318990817",0,"-1,25013146305663","6,17351192771507","6,29691028059517","112257,3100052","14,3247528076172","24,8266954492734","-1,19E-11","1,69085908364143","391,858365636244","592,859999131411"
"39,079999126494",1,"112398,023346086","95354,2311558751","3063,25650860966","3268,80630567572","5,60846307331667","1,09042967988266",0,"-1,33617871690452","6,15350565003728","6,29473652165312","112357,080014757","14,3251281738281","25,0400118226527","-1,2E-11","1,70739769664088","394,211209275972","593,079999126494"
"39,299999121577",1,"112498,505500368","95915,778165545","3065,36935553548","3270,92905210516","5,6045616512929","1,0911874891439",0,"-1,43858536038378","6,12635359035987","6,29054882275582","112457,355249151","14,3151397705078","25,254205909113","-1,21E-11","1,72392131862201","396,565690137305","593,299999121577"
"39,519999116659",1,"112599,494157346","96477,5602467519","3067,4829818865","3273,05262197077","5,6006599312459","1,09194654872073",0,"-1,56453600031616","6,08895744335055","6,28392506685173","112558,136625466","14,2902648925781","25,4692774793128","-1,22E-11","1,74041337601998","398,921810568143","593,519999116659"
"39,739999111742",1,"112700,990158313","97039,5773491282","3069,59739599944","3275,17702553585","5,59675850922213","1,0927066492368",0,"-1,72734663111786","6,03560453352936","6,27460448189106","112659,425005311","14,2420989990234","25,6852262013537","-1,23E-11","1,75685289046018","401,279573053204","593,739999111742"
"39,959999106824",1,"112802,994343128","97601,8650141167","3071,71258037979","3277,30224251578","5,59285708719835","1,09346896723048",0,"-1,95632488971813","5,95370779078259","6,2629790729215","112761,221219423","14,1521942138672","25,9020518584575","-1,24E-11","1,77321356336535","403,638979648514","593,959999106824"
"40,179999101907",1,"112905,507494938","98164,3631726602","3073,76430136426","3279,36407037502","5,58966466242418","0,984796427630399",0,"-2,3383693693428","5,80575935244323","6,25471612114301","112863,526205139","13,9653961181641","26,0801078328066","-1,25E-11","1,78652249760908","405,570627909849","594,179999101907"
"40,39999909699",1,"113008,484213706","98726,8541750292","3074,13074468683","3279,74242494601","5,58966466242418","0,383443691356505",0,"-2,92959288218636","5,57083755027813","6,28793648138629","112966,322331511","13,6453033447266","26,0801078328066","-1,26E-11","1,78652249760908","405,570627909849","594,39999909699"
"40,619999092072",1,"113111,846147449","99289,1481004196","3073,89923640465","3279,5235206346","5,58966466242418","0,000637715971503673",0,"-3,54299668520591","5,32788452477646","6,38931951625978","113069,528838491","13,3096313476563","26,0801078328066","-1,27E-11","1,78652249760908","405,570627909849","594,619999092072"
"40,839999087155",1,"113215,586896106","99851,2813011641","3073,66693049574","3279,30386316358","5,58966466242418","0,000637530856828355",0,"-4,15615138738851","5,08532000248413","6,55594923002599","113173,114635994","12,9725860595703","26,0801078328066","-1,28E-11","1,78652249760908","405,570627909849","594,839999087155"
"41,059999082238",1,"113319,706245095","100413,21743842","3073,4338279925","3279,08345352063","5,58966466242418","0,000637357633403279",0,"-4,7690865514277","4,84310581954021","6,78303689280946","113277,079121601","12,6341949462891","26,0801078328066","-1,29E-11","1,78652249760908","405,570627909849","595,059999082238"
"41,27999907732",1,"113424,203979827","100974,992345285","3073,19992990644","3278,86229267213","5,58966466242418","0,000637168654290922",0,"-5,38181806795042","4,60117564380863","7,06475295728125","113381,422080896","12,2944732666016","26,0801078328066","-1,31E-11","1,78652249760908","405,570627909849","595,27999907732"
"41,499999072403",1,"113529,079884783","101536,5879061","3072,96523726802","3278,64038160341","5,58966466242418","0,000636986826940834",0,"-5,99438343040862","4,35949708488781","7,39483689992883","113486,143298541","11,9534637451172","26,0801078328066","-1,32E-11","1,78652249760908","405,570627909849","595,499999072403"
"41,719999067485",1,"113634,333743923","102098,003390269","3072,72975109869","3278,41772129104","5,58966466242418","0,000636805706081924",0,"-6,60679798006337","4,11802231542357","7,76715420886183","113591,242558844","11,6111846923828","26,0801078328066","-1,33E-11","1,78652249760908","405,570627909849","595,719999067485"
"41,939999062568",1,"113739,965340527","102659,238923271","3072,49347240195","3278,19431269263","5,58966466242418","0,000636609218940529",0,"-7,21909968951062","3,87669485294188","8,17594475980209","113696,719645322","11,2676574707031","26,0801078328066","-1,34E-11","1,78652249760908","405,570627909849","595,939999062568"
"42,159999057651",1,"113845,974456906","103220,312258231","3072,25640222913","3277,97015681422","5,58966466242418","0,00063642470687125",0,"-7,8313009402157","3,63547684299361","8,61600468166779","113802,574340663","10,9229034423828","26,0801078328066","-1,35E-11","1,78652249760908","405,570627909849","596,159999057651"
"42,379999052733",1,"113952,360875705","103781,186644518","3072,01854162538","3277,74525465561","5,58966466242418","0,000636238060973555",0,"-8,4434372813746","3,39431230670382","9,08279517841042","113908,806427441","10,576953125","26,0801078328066","-1,36E-11","1,78652249760908","405,570627909849","596,379999052733"
"42,599999047816",1,"114059,124377855","104341,898340979","3071,77989162098","3277,51960720121","5,58966466242418","0,000636044331861146",0,"-9,05553511039124","3,15315555478266","9,57239230638803","114015,4156872","10,2298278808594","26,0801078328066","-1,37E-11","1,78652249760908","405,570627909849","596,599999047816"
"42,819999042898",1,"114166,264744502","104902,428916274","3071,54045324669","3277,29321543603","5,58966466242418","0,000635861836675711",0,"-9,6676160774635","2,91196106606996","10,081482832581","114122,401901025","9,88155212402344","26,0801078328066","-1,39E-11","1,78652249760908","405,570627909849","596,819999042898"
"43,039999037981",1,"114273,781755748","105462,777870822","3071,30022755641","3277,06608036785","5,58966466242418","0,00063566769068421",0,"-10,2796972325937","2,67067243974739","10,6072335976737","114229,764849552","9,53215637207031","26,0801078328066","-1,4E-11","1,78652249760908","405,570627909849","597,039999037981"
"43,259999033064",1,"114381,675190603","106022,926483261","3071,05921558803","3276,83820298863","5,58966466242418","0,000635479391449354",0,"-10,8918041710203","2,42925296096833","11,1473023505142","114337,504312111","9,18165893554687","26,0801078328066","-1,41E-11","1,78652249760908","405,570627909849","597,259999033064"
"43,479999028146",1,"114489,944828379","106582,911605808","3070,8174183928","3276,6095843032","5,58966466242418","0,000635289297886866",0,"-11,50396786807","2,18764277264876","11,6996915435676","114445,620067841","8,83008422851563","26,0801078328066","-1,42E-11","1,78652249760908","405,570627909849","597,479999028146"
"43,699999023229",1,"114598,590447363","107142,695840398","3070,57483703914","3276,38022533387","5,58966466242418","0,00063510419629621",0,"-12,116208891617","1,94580068552187","12,2627562202521","114554,111895617","8,47745666503906","26,0801078328066","-1,44E-11","1,78652249760908","405,570627909849","597,699999023229"
"43,919999018312",1,"114707,611825057","107702,316030056","3070,33147254987","3276,15012705679","5,58966466242418","0,000634913000783925",0,"-12,728543968894","1,7036635004593","12,8350379694109","114662,979573191","8,12379455566406","26,0801078328066","-1,45E-11","1,78652249760908","405,570627909849","597,919999018312"
"44,139999013394",1,"114817,008738423","108261,771882023","3070,08732599627","3275,91929049658","5,58966466242418","0,000634720056801801",0,"-13,3410102226728","1,4611949327905","13,4154129928954","114772,222877699","7,76912841796875","26,0801078328066","-1,46E-11","1,78652249760908","405,570627909849","598,139999013394"
"44,359999008477",1,"114926,780963863","108821,007517437","3069,84239843164","3275,68771665982","5,58966466242418","0,000634523761916028",0,"-13,9536252926503","1,21833411319854","14,002837247104","114881,841585799","7,4134765625","26,0801078328066","-1,47E-11","1,78652249760908","405,570627909849","598,359999008477"
"44,579999003559",1,"115036,928277269","109380,078308852","3069,59669091358","3275,45540655727","5,58966466242418","0,000634326769620386",0,"-14,5664160650151","0,975034476481764","14,5964620148926","114991,835473593","7,05687255859375","26,0801078328066","-1,49E-11","1,78652249760908","405,570627909849","598,579999003559"
"44,799998998642",1,"115147,450453671","109938,965390169","3069,35020451278","3275,2223612128","5,58966466242418","0,000634136874068062",0,"-15,1793957396485","0,731239072724393","15,1955487877282","115102,204316537","6,69933471679687","26,0801078328066","-1,5E-11","1,78652249760908","405,570627909849","598,799998998642"
"45,019998993725",1,"115258,34726785","110497,668583012","3069,10294028851","3274,98858163863","5,58966466242418","0,000633938502405093",0,"-15,7925935392356","0,486896300161704","15,7994859033454","115212,947889305","6,34087524414062","26,0801078328066","-1,51E-11","1,78652249760908","405,570627909849","599,019998993725"
"45,239998988807",1,"115369,618494101","111056,169054747","3068,8548992954","3274,754068842","5,58966466242418","0,0006337355521063",0,"-16,4060295603089","0,241946247801132","16,4077385301134","115324,065966682","5,98151245117188","26,0801078328066","-1,53E-11","1,78652249760908","405,570627909849","599,239998988807"
"45,45999898389",1,"115481,263905232","111614,503598272","3068,60608261377","3274,51882385596","5,58966466242418","0,000633542820630568",0,"-17,0197343444878","-0,00365974089895313","17,0198269088816","115435,558321912","5,62130126953125","26,0801078328066","-1,54E-11","1,78652249760908","405,570627909849","599,45999898389"
"45,679998978972",1,"115593,28327392","112172,653553094","3068,35649133464","3274,28284772417","5,58966466242418","0,000633348206370546",0,"-17,6337280552962","-0,249978719022247","17,6353689911039","115547,42472768","5,26024169921875","26,0801078328066","-1,55E-11","1,78652249760908","405,570627909849","599,679998978972"
"45,899998974055",1,"115705,676372759","112730,600024868","3068,10612650741","3274,04614144844","5,58966466242418","0,000633146047548824",0,"-18,2480214578474","-0,497064744392771","18,253987131269","115659,66495664","4,8983642578125","26,0801078328066","-1,57E-11","1,78652249760908","405,570627909849","599,899998974055"
"46,119998969138",1,"115818,442973253","113288,361121948","3067,85498920619","3273,80870605516","5,58966466242418","0,000632944107638445",0,"-18,8626399328925","-0,744983466190293","18,8753916699066","115772,278780912","4,53567199707031","26,0801078328066","-1,58E-11","1,78652249760908","405,570627909849","600,119998969138"
"46,33999896422",1,"115931,582846146","113845,936889465","3067,6030805247","3273,5705425903","5,58966466242418","0,000632750676813006",0,"-19,4776126052528","-0,993790707561746","19,4993220359923","115885,265971365","4,17221069335938","26,0801078328066","-1,6E-11","1,78652249760908","405,570627909849","600,33999896422"
"46,559998959303",1,"116045,095761914","114403,326720047","3067,35040155888","3273,33165210175","5,58966466242418","0,000632548704123257",0,"-20,0929496949852","-1,24355103787861","20,1255003594062","115998,626298641","3,80799865722656","26,0801078328066","-1,61E-11","1,78652249760908","405,570627909849","600,559998959303"
"46,779998954386",1,"116158,981490042","114960,53073746","3067,09695336714","3273,09203560003","5,58966466242418","0,000632351504384744",0,"-20,7086748597167","-1,49430885549827","20,7537628345074","116112,35953262","3,44306335449219","26,0801078328066","-1,63E-11","1,78652249760908","405,570627909849","600,779998954386"
"46,999998949468",1,"116273,239800406","115517,529997408","3066,8427370507","3272,85169413832","5,58966466242418","0,000632148973814901",0,"-21,3248212818638","-1,74614566000377","21,383920338659","116226,465442998","3,07740173339844","26,0801078328066","-1,64E-11","1,78652249760908","405,570627909849","600,999998949468"
"47,219998944551",1,"116387,870461013","116074,34248162","3066,58775368988","3272,61062874829","5,58966466242418","0,000631943302662604",0,"-21,941393932423","-1,99912333517837","22,015784793478","116340,943798666","2,71106567382812","26,0801078328066","-1,65E-11","1,78652249760908","405,570627909849","601,219998944551"
"47,439998939633",1,"116502,873239904","116630,968448577","3066,33200436299","3272,36884046038","5,58966466242418","0,000631743703134064",0,"-22,5584235475022","-2,25330072768353","22,6492394405005","116455,794367514","2,34405822753906","26,0801078328066","-1,67E-11","1,78652249760908","405,570627909849","601,439998939633"
"47,659998934716",1,"116618,24790448","117187,407688645","3066,0754902013","3272,12633035698","5,58966466242418","0,000631546205153217",0,"-23,1759219277218","-2,50875647509582","23,2841299232323","116571,016917192","1,97641296386719","26,0801078328066","-1,68E-11","1,78652249760908","405,570627909849","601,659998934716"
"47,879998929799",1,"116733,994221878","117743,640565121","3065,81821227674","3271,88309946133","5,58966466242418","0,000631338000161806",0,"-23,7939167333643","-2,76554257000514","23,9203495808329","116686,611215073","1,60815124511719","26,0801078328066","-1,7E-11","1,78652249760908","405,570627909849","601,879998929799"
"48,099998924881",1,"116850,111958005","118299,705037402","3065,56017166944","3271,639148805","5,58966466242418","0,000631128852501556",0,"-24,4124157584152","-3,02374688629816","24,5577892515877","116802,577027545","1,23928527832031","26,0801078328066","-1,71E-11","1,78652249760908","405,570627909849","602,099998924881"
"48,319998919964",1,"116966,600878312","118855,544437753","3065,30136950539","3271,39447946506","5,58966466242418","0,000630926434868704",0,"-25,0314374209996","-3,28342600483621","25,1963608275777","116918,914120108","0,869842529296875","26,0801078328066","-1,73E-11","1,78652249760908","405,570627909849","602,319998919964"
"48,539998915047",1,"117083,460748365","119411,214295779","3065,04180689074","3271,14909249881","5,58966466242418","0,000630723837650711",0,"-25,6510012191086","-3,54467009783893","25,8359593233861","117035,622258408","0,499859619140625","26,0801078328066","-1,74E-11","1,78652249760908","405,570627909849","602,539998915047"
"48,759998910129",1,"117200,691332195","119966,677398151","3064,7814849069","3270,90298893863","5,58966466242418","0,000630517862915001",0,"-26,271120962042","-3,8075366427471","26,4765201344371","117152,701207031","0,129353224113584","26,0801078328066","-1,76E-11","1,78652249760908","405,570627909849","602,759998910129"
"48,979998905212",1,"117318,292394487","120521,952379899","3064,52040467732","3270,65616985877","5,58966466242418","0,000630307117471483",0,"-26,8918245563924","-4,0721236048987","27,1179747410179","117270,150730452","-0,241670751571655","26,0801078328066","-1,78E-11","1,78652249760908","405,570627909849","602,979998905212"
"49,199998900294",1,"117436,263698105","121077,038207258","3064,25856729812","3270,40863630594","5,58966466242418","0,000630099978245455",0,"-27,5131296787639","-4,33850421422346","27,7602686730532","117387,970592297","-0,61318444609642","26,0801078328066","-1,79E-11","1,78652249760908","405,570627909849","603,199998900294"
"49,419998895377",1,"117554,605005881","121631,916538585","3063,99597387992","3270,16038934155","5,58966466242418","0,000629887766352339",0,"-28,1350405630707","-4,60676750965861","28,4033218954177","117506,160555357","-0,98516252040863","26,0801078328066","-1,81E-11","1,78652249760908","405,570627909849","603,419998895377"
"49,63999889046",1,"117673,316080109","122186,606079639","3063,73262554306","3269,91143003623","5,58966466242418","0,000629675436154138",0,"-28,7575866557785","-4,87699464061222","29,0471009946099","117624,720382152","-1,35757768154144","26,0801078328066","-1,82E-11","1,78652249760908","405,570627909849","603,63999889046"
"49,859998885542",1,"117792,396682248","122741,087683836","3063,46852339318","3269,66175944616","5,58966466242418","0,000629466833382222",0,"-29,3807680768149","-5,14927465009495","29,6915443353971","117743,649834466","-1,73040903806686","26,0801078328066","-1,84E-11","1,78652249760908","405,570627909849","603,859998885542"
"50,079998880625",1,"117911,846573266","123295,379090256","3063,20366857958","3269,41137867086","5,58966466242418","0,000629265524746957",0,"-30,0045960315642","-5,42367094499665","30,3366039248607","117862,948673568","-2,10362255573273","26,0801078328066","-1,86E-11","1,78652249760908","405,570627909849","604,079998880625"
"50,299998875707",1,"118031,665513857","123849,481023901","3062,93806221981","3269,16028877758","5,58966466242418","0,000629058147723652",0,"-30,6291034238976","-5,70030779294485","30,9822411099631","117982,61666008","-2,47720792293549","26,0801078328066","-1,87E-11","1,78652249760908","405,570627909849","604,299998875707"
"50,51999887079",1,"118151,853263968","124403,373250475","3062,67170540342","3268,90849080632","5,58966466242418","0,000628840137879433",0,"-31,2542996705529","-5,97927940640053","31,628430077835","118102,653554434","-2,8511447429657","26,0801078328066","-1,89E-11","1,78652249760908","405,570627909849","604,51999887079"
"50,739998865873",1,"118272,409583166","124957,057631687","3062,40459928231","3268,65598585895","5,58966466242418","0,000628629807428354",0,"-31,8801870337325","-6,26068084802032","32,2751205202913","118223,059116263","-3,2254035949707","26,0801078328066","-1,91E-11","1,78652249760908","405,570627909849","604,739998865873"
"50,959998860955",1,"118393,334230165","125510,569806648","3062,13674495824","3268,40277498706","5,58966466242418","0,00062841840922821",0,"-32,5067851189404","-6,54462705153621","32,9222926209986","118343,833104713","-3,59997017383575","26,0801078328066","-1,92E-11","1,78652249760908","405,570627909849","604,959998860955"
"51,179998856038",1,"118514,626963158","126063,871453934","3061,86814356694","3268,1488592763","5,58966466242418","0,000628208474019259",0,"-33,1340992799329","-6,8312150894106","33,569896292776","118464,975278019","-3,97481112480164","26,0801078328066","-1,94E-11","1,78652249760908","405,570627909849","605,179998856038"
"51,399998851121",1,"118636,287540012","126616,964676452","3061,59879624566","3267,89423981309","5,58966466242418","0,000627995129303441",0,"-33,7621594561751","-7,12056890100585","34,2179328223239","118586,485394361","-4,34991216659546","26,0801078328066","-1,96E-11","1,78652249760908","405,570627909849","605,399998851121"
"51,619998846203",1,"118758,315717932","127169,865906324","3061,32870411695","3267,63891766963","5,58966466242418","0,000627774264885091",0,"-34,3909696415922","-7,41279035665778","34,8663654962503","118708,363211125","-4,7252489566803","26,0801078328066","-1,97E-11","1,78652249760908","405,570627909849","605,619998846203"
"51,839998841286",1,"118880,71125311","127722,557077315","3061,05786830744","3267,38289392168","5,58966466242418","0,0006275529646126",0,"-35,0205411827754","-7,70801145119611","35,5151687329743","118830,608484952","-5,1007933139801","26,0801078328066","-1,99E-11","1,78652249760908","405,570627909849","605,839998841286"
"52,059998836368",1,"119003,473902102","128275,057044088","3060,7862899768","3267,12616967856","5,58966466242418","0,00062733612948798",0,"-35,6508797818582","-8,00635653879817","36,1643201210481","118953,220972157","-5,47652769088745","26,0801078328066","-2,01E-11","1,78652249760908","405,570627909849","606,059998836368"
"52,279998831451",1,"119126,603420638","128827,346531629","3060,51397023572","3266,86874600028","5,58966466242418","0,000627116987341518",0,"-36,2820024369657","-8,30795330662749","36,8138052831887","119076,200428964","-5,85242323875427","26,0801078328066","-2,03E-11","1,78652249760908","405,570627909849","606,279998831451"
"52,499998826534",1,"119250,099563284","129379,441639965","3060,24091025618","3266,61062400759","5,58966466242418","0,000626906786741964",0,"-36,9139051572467","-8,61293122326644","37,4635925496995","119199,546610335","-6,2284592628479","26,0801078328066","-2,04E-11","1,78652249760908","405,570627909849","606,499998826534"
"52,719998821616",1,"119373,962084444","129931,309448059","3059,96711116655","3266,35180477798","5,58966466242418","0,000626688054779969",0,"-37,5466136061004","-8,92143552480121","38,1136851060728","119323,259270679","-6,60461049079895","26,0801078328066","-2,06E-11","1,78652249760908","405,570627909849","606,719998821616"
"52,939998816699",1,"119498,190738202","130483,020608531","3059,69257412537","3266,09228941864","5,58966466242418","0,00062646836810216",0,"-38,180121178921","-9,23361735643594","38,7640355401028","119447,338164286","-6,98086152076721","26,0801078328066","-2,08E-11","1,78652249760908","405,570627909849","606,939998816699"
"53,159998811781",1,"119622,785277863","131034,501199573","3059,41730025374","3265,8320789997","5,58966466242418","0,000626247755861799",0,"-38,8144455962563","-9,5496224720869","39,4146580377591","119571,783044792","-7,35718493461609","26,0801078328066","-2,1E-11","1,78652249760908","405,570627909849","607,159998811781"
"53,379998806864",1,"119747,745456395","131585,734856853","3059,14129071041","3265,57117462831","5,58966466242418","0,000626029755868954",0,"-39,4495914113924","-9,86960984681424","40,0655223131507","119696,593665255","-7,73354721069336","26,0801078328066","-2,12E-11","1,78652249760908","405,570627909849","607,379998806864"
"53,599998801947",1,"119873,071025852","132136,811140589","3058,86454665991","3265,30957741773","5,58966466242418","0,000625814216996562",0,"-40,0855624308726","-10,1937435410798","40,7166229191579","119821,769778129","-8,10993623733521","26,0801078328066","-2,13E-11","1,78652249760908","405,570627909849","607,599998801947"
"53,819998797029",1,"119998,761738223","132687,675355984","3058,58706922794","3265,04728844224","5,58966466242418","0,00062558661833943",0,"-40,7223651316641","-10,5222068340769","41,3679327682008","119947,311135408","-8,48632364273071","26,0801078328066","-2,15E-11","1,78652249760908","405,570627909849","607,819998797029"
"54,039998792112",1,"120124,817344581","133238,362437295","3058,30885959193","3264,78430882754","5,58966466242418","0,000625365714077167",0,"-41,3600078529806","-10,8551669298534","42,0194600829243","120073,217488594","-8,86268262863159","26,0801078328066","-2,17E-11","1,78652249760908","405,570627909849","608,039998792112"
"54,259998787195",1,"120251,237595649","133788,801849475","3058,02991889846","3264,52063966835","5,58966466242418","0,000625151308219108",0,"-41,9984904351498","-11,1928212794635","42,671174529048","120199,488588439","-9,23899164199829","26,0801078328066","-2,19E-11","1,78652249760908","405,570627909849","608,259998787195"
"54,479998782277",1,"120378,0222417","134339,028568024","3057,75024829003","3264,25628205533","5,58966466242418","0,000624926004569466",0,"-42,6378227427517","-11,5353511160008","43,3230813136249","120326,124185532","-9,61522312164307","26,0801078328066","-2,21E-11","1,78652249760908","405,570627909849","608,479998782277"
"54,69999877736",1,"120505,17103282","134889,077381647","3057,46984895158","3263,99123712136","5,58966466242418","0,000624692038660634",0,"-43,2780038139633","-11,882985387839","43,9751575873988","120453,124029904","-9,99135789871216","26,0801078328066","-2,23E-11","1,78652249760908","405,570627909849","608,69999877736"
"54,919998772442",1,"120632,683717736","135438,87803759","3057,18872202935","3263,72550596088","5,58966466242418","0,00062446695901191",0,"-43,9190411072759","-12,2359256379225","44,6273972050035","120580,487871035","-10,3673635482788","26,0801078328066","-2,25E-11","1,78652249760908","405,570627909849","608,919998772442"
"55,139998767525",1,"120760,560044878","135988,519567864","3056,90686870527","3263,45908970365","5,58966466242418","0,000624247013404638",0,"-44,5609254085706","-12,5943909322593","45,2797858709479","120708,215457305","-10,7432168006897","26,0801078328066","-2,27E-11","1,78652249760908","405,570627909849","609,139998767525"
"55,359998762608",1,"120888,799762543","136537,928218341","3056,62429011654","3263,1919894348","5,58966466242418","0,000624020855989125",0,"-45,2036654695171","-12,9586028860857","45,9323265909069","120836,306537033","-11,1188868522644","26,0801078328066","-2,29E-11","1,78652249760908","405,570627909849","609,359998762608"
"55,57999875769",1,"121017,402618615","137087,123045436","3056,34098743423","3262,92420627268","5,58966466242418","0,000623790695925683",0,"-45,8472663278391","-13,3288374498046","46,5850031792812","120964,760858412","-11,4943607330322","26,0801078328066","-2,31E-11","1,78652249760908","405,570627909849","609,57999875769"
"55,799998752773",1,"121146,368359934","137636,123181681","3056,05696185767","3262,65574136436","5,58966466242418","0,000623570251751347",0,"-46,4917168782683","-13,7053329225874","47,2378029178235","121093,578168681","-11,8696022987366","26,0801078328066","-2,32E-11","1,78652249760908","405,570627909849","609,799998752773"
"56,019998747855",1,"121275,696733028","138184,889778174","3055,77221455299","3262,3865958233","5,58966466242418","0,000623346523320506",0,"-47,1370240729819","-14,0883680092023","47,8907275580236","121222,758214382","-12,2445895195007","26,0801078328066","-2,34E-11","1,78652249760908","405,570627909849","610,019998747855"
"56,239998742938",1,"121405,387483979","138733,461305555","3055,48674667909","3262,11677075588","5,58966466242418","0,000623116452119015",0,"-47,783194178957","-14,4782303144668","48,5437752161055","121352,300742001","-12,619297504425","26,0801078328066","-2,36E-11","1,78652249760908","405,570627909849","610,239998742938"
"56,459998738021",1,"121535,44035802","139281,798865936","3055,20055937871","3261,84626725223","5,58966466242418","0,000622887386159672",0,"-48,4302155510021","-14,8751984526446","49,196930992973","121482,20549679","-12,9936882972717","26,0801078328066","-2,38E-11","1,78652249760908","405,570627909849","610,459998738021"
"56,679998733103",1,"121665,855100631","139829,940986709","3054,91365386342","3261,57508647101","5,58966466242418","0,000622654398010133",0,"-49,0780853994377","-15,279608890008","49,8501895717367","121612,472224405","-13,3677509307861","26,0801078328066","-2,4E-11","1,78652249760908","405,570627909849","610,679998733103"
"56,899998728186",1,"121796,63145625","140377,883281561","3054,62603128889","3261,30322951493","5,58966466242418","0,000622421769465011",0,"-49,7268099837252","-15,6917904521782","50,5035414077133","121743,100669657","-13,7414498329163","26,0801078328066","-2,42E-11","1,78652249760908","405,570627909849","610,899998728186"
"57,119998723269",1,"121927,769168952","140925,595160299","3054,33769287362","3261,03069754923","5,58966466242418","0,000622196391067535",0,"-50,3763815201082","-16,1120855877174","51,1569904963812","121874,090576666","-14,1147500038147","26,0801078328066","-2,44E-11","1,78652249760908","405,570627909849","611,119998723269"
"94,409002624452",1,"124750,793814742","230390,912991836","3048,29761766208","3255,32498525674","5,58966466242418",0,0,"-50,7749802423775","-15,8840425160085","51,5162345394332","122253,078969398","-13,7723099708557","26,0801078328066","2,8E-10","1,78652249760908","405,570627909849","648,409002624452"
"171,454598326236",1,"135769,931539641","389657,776394132","3026,55505053159","3234,81737993904","5,58966466242418",0,0,"-50,4661618688679","-14,3791021795264","51,1297706749681","123328,511989884","-11,964004611969","26,0801078328066","0,00000000173","1,78652249760908","405,570627909849","725,454598326236"
"288,538856137544",1,"163853,190815228","565409,33976135","2978,61693313759","3189,68724859612","5,58966466242418",0,0,"-49,9184467680403","-11,9659381913426","50,5300873691553","127412,802547556","-8,82074031829834","26,0801078328066","0,00000000502","1,78652249760908","405,570627909849","842,538856137544"
"445,661776058376",1,"218611,469254","709911,942282256","2901,26328551683","3116,85701288672","5,58966466242418",0,0,"-49,2077331556559","-8,99842729128415","49,8265526897265","136855,53848874","-4,58716611862183","26,0801078328066","0,0000000102","1,78652249760908","405,570627909849","999,661776058376"
"642,701287776232",1,"308388,423095819","808561,379446592","2797,95047003063","3019,05069175361","5,58966466242418",0,0,"-48,4408181552693","-5,86428684103562","49,0927904478685","155459,2527182","0,38914909362793","26,0801078328066","0,0000000169","1,78652249760908","405,570627909849","1196,70128777623"
"879,77947137132",1,"439949,392378796","866746,231380304","2674,75334143847","2900,73979143148","5,58966466242418",0,0,"-47,7177902429729","-2,89586049350216","48,376023191078","187099,839105629","5,83099908828735","26,0801078328066","0,0000000241","1,78652249760908","405,570627909849","1433,77947137132"
"1156,89630730823",1,"618858,692777361","893379,534310005","2538,15498842849","2766,05701056766","5,58966466242418",0,0,"-47,1162909236205","-0,374180391690081","47,7297865444891","236721,80183127","11,5548332214355","26,0801078328066","0,0000000311","1,78652249760908","405,570627909849","1710,89630730823"
"1473,92974480987",1,"849878,225998015","895663,39629201","2394,36209264008","2618,3021223409","5,58966466242418",0,0,"-46,6876198457577","1,46803953269619","47,224149438754","309443,589960179","17,4469177246094","26,0801078328066","0,0000000365","1,78652249760908","405,570627909849","2027,92974480987"
"1831,00185418502",1,"1137294,18670915","878617,71565918","2249,09564879791","2459,99461147009","5,58966466242418",0,0,"-46,4589065102109","2,46460958888943","46,9315444668682","410881,607273622","23,4381731033325","26,0801078328066","0,0000000396","1,78652249760908","405,570627909849","2385,00185418502"
"2228,11259637401",1,"1485073,40015556","845622,974775122","2107,46816528163","2293,05409346991","5,58966466242418",0,0,"-46,4379172509716","2,54254790625686","46,9043585606754","547168,334150018","29,4865609169006","26,0801078328066","0,0000000395","1,78652249760908","405,570627909849","2782,11259637401"
"2665,13994012401",1,"1894239,98956908","798994,729351204","1979,69217606919","2124,43986480591","5,58966466242418",0,0,"-46,7522412911732","1,14946935760936","47,3385076447743","724078,026941433","34,91875","26,0801078328066","0,0000000359","1,78652249760908","405,570627909849","3219,13994012401"
"3142,20595574752",1,"2362835,52801262","740319,759517937","1879,57462919313","1964,81844370451","5,58966466242418",0,0,"-47,4887316530619","-2,00580651739638","48,3211275992375","946990,662217648","39,17177734375","26,0801078328066","0,0000000286","1,78652249760908","405,570627909849","3696,20595574752"
"3659,31064324826",1,"2885609,6437656","670731,143757749","1820,45447885615","1824,71914438663","5,58966466242418",0,0,"-48,6335229631864","-6,73910910889805","49,7697379868374","1219205,19420571","42,0954772949219","26,0801078328066","0,0000000176","1,78652249760908","405,570627909849","4213,31064324826"
"4216,33189324662",1,"3456391,48146319","591069,898269888","1808,07542303339","1707,94734417753","5,58966466242418",0,0,"-50,0911308135778","-12,5715797692296","51,542510516692","1543132,96375721","43,9284271240234","26,0801078328066","0,00000000322","1,78652249760908","405,570627909849","4770,33189324662"
"4813,39181512222",1,"4070249,03478991","501930,262160585","1841,09944491578","1612,36869419479","5,58966466242418",0,0,"-51,7357064866551","-19,0073562743887","53,5329512676418","1919260,69562684","45,0145111083984","26,0801078328066","-0,0000000145","1,78652249760908","405,570627909849","5367,39181512222"
"5450,49040887132",1,"4723797,54772098","403773,763552732","1915,26520890678","1533,99600237117","5,58966466242418",0,0,"-53,4495470836137","-25,6262109795462","55,6638027612769","2347486,62146243","45,6287750244141","26,0801078328066","-0,0000000353","1,78652249760908","405,570627909849","6004,49040887132"
"6127,50556512177",1,"5414817,3648378","296975,750964799","2025,67612791557","1469,09909601347","5,58966466242418",0,0,"-55,139234252299","-32,0777378439495","57,8554997529561","2827147,64555978","45,9535919189453","26,0801078328066","-0,0000000591","1,78652249760908","405,570627909849","6681,50556512177"
"6844,55939324573",1,"6141893,60781679","181798,590485992","2167,55457574079","1414,71504152775","5,58966466242418",0,0,"-56,7396557314765","-38,0751439742892","60,0160841371288","3356415,27310792","46,1021484375","26,0801078328066","-0,0000000857","1,78652249760908","405,570627909849","7398,55939324573"
"7601,65189324692",1,"6904079,18993764","58501,4911872914","2336,49175649114","1368,6091858094","5,58966466242418",0,0,"-58,2117198437142","-43,410061591235","62,0549495304052","3933184,03394143","46,1433929443359","26,0801078328066","-0,000000115","1,78652249760908","405,570627909849","8155,65189324692"
"8398,78306512162",1,"7700742,54293553","72990,8254764981","2528,60262925059","1329,10467470548","5,58966466242418",0,0,"-59,5373831915573","-47,9764655431368","63,9047151387129","4554769,22447131","46,1194915771484","26,0801078328066","-0,000000147","1,78652249760908","405,570627909849","8952,78306512162"
"9235,83079949766",1,"8531464,31218391","212117,242843568","2740,64003099274","1294,93308150193","5,58966466242418",0,0,"-60,713744947175","-51,7740916208442","65,5325556003141","5218510,79649687","46,0565093994141","26,0801078328066","-0,000000181","1,78652249760908","405,570627909849","9789,83079949766"
"10112,9172057472",1,"9395962,96361681","359007,820945836","2970,02683145043","1265,1261671546","5,58966466242418",0,0,"-61,7474323276079","-54,8787910560647","66,9361017488594","5921902,47403635","45,9707336425781","26,0801078328066","-0,000000218","1,78652249760908","405,570627909849","10666,9172057472"
"11030,042283874",1,"10294055,8753286","513537,063085678","3214,79475864577","1238,93308342733","5,58966466242418",0,0,"-62,6503143347183","-57,4003717207271","68,1321887748904","6662800,35218256","45,8724639892578","26,0801078328066","-0,000000257","1,78652249760908","405,570627909849","11584,042283874"
"11987,0840026252",1,"11225633,1175193","675600,231597952","3473,47961566762","1215,76294259815","5,58966466242418",0,0,"-63,4364878108587","-59,4503065830396","69,1462486069423","7439692,49554706","45,7682495117188","26,0801078328066","-0,000000299","1,78652249760908","405,570627909849","12541,0840026252"
"12984,1643151268",1,"12190632,5059209","845149,213354988","3745,0087482177","1195,14615877157","5,58966466242418",0,0,"-64,1203076475005","-61,1257156338643","70,0052854183947","8251699,12568339","45,6622619628906","26,0801078328066","-0,000000343","1,78652249760908","405,570627909849","13538,1643151268"
"14021,283299502",1,"13189028,9494633","1022126,42293","4028,60122220172","1176,70439571862","5,58966466242418",0,0,"-64,715354174351","-62,50539599443","70,7344072738084","9098422,35914376","45,5571472167969","26,0801078328066","-0,000000389","1,78652249760908","405,570627909849","14575,283299502"
"15098,3189245015",1,"14220826,4734203","1206462,05091271","4323,68968292334","1160,12916746383","5,58966466242418",0,0,"-65,2339310238751","-63,6511746376407","71,3554841674536","9978992,11393388","45,4545593261719","26,0801078328066","-0,000000437","1,78652249760908","405,570627909849","15652,3189245015"
"16215,3932213783",1,"15286047,1732151","1398135,07212142","4629,86125185516","1145,16719275519","5,58966466242418",0,0,"-65,6868554159483","-64,6108295467642","71,8868797473747","10893407,4704737","45,3555023193359","26,0801078328066","-0,000000488","1,78652249760908","405,570627909849","16769,3932213783"
"17372,5061120018",1,"16384728,1280953","1597109,50646658","4946,81500526676","1131,60827162965","5,58966466242418",0,0,"-66,0834940067236","-65,4212301399554","72,3437609909403","11841471,6159625","45,2605377197266","26,0801078328066","-0,00000054","1,78652249760908","405,570627909849","17926,5061120018"
"18569,5356432535",1,"17516904,4617612","1803333,18376981","5274,32758420293","1119,2766089637","5,58966466242418",0,0,"-66,4318692658297","-66,110921792415","72,7385474750657","12823087,8078451","45,1699554443359","26,0801078328066","-0,000000595","1,78652249760908","405,570627909849","19123,5356432535"
"19806,6038463786",1,"18682646,8092198","1753111,17984543","5612,24298853225","1108,02369135211","5,58966466242418",0,0,"-66,7388220141005","-66,7021697155102","73,0813924779311","13838226,1445686","45,0838470458984","26,0801078328066","-0,000000652","1,78652249760908","405,570627909849","20360,6038463786"
"21083,7107213773",1,"19882017,0231982","1532424,87192599","5960,44482329351","1097,72375185297","5,58966466242418",0,0,"-67,0101477457626","-67,2124414870541","73,3805800460581","14886855,3241354","45,0021881103516","26,0801078328066","-0,000000711","1,78652249760908","405,570627909849","21637,7107213773"
"22400,7341588773",1,"21115068,2481891","1304560,98594009","6318,84535487266","1088,26943063168","5,58966466242418",0,0,"-67,2507572544547","-67,655572204267","73,6428935570201","15968971,4773935","44,9248687744141","26,0801078328066","-0,000000772","1,78652249760908","405,570627909849","22954,7341588773"
"23757,7961901277",1,"22381883,0159703","1069516,78013093","6687,38875002936","1079,56828240518","5,58966466242418",0,0,"-67,4648177623608","-68,0426255050946","73,8739146456522","17084701,965014","44,8517364501953","26,0801078328066","-0,000000835","1,78652249760908","405,570627909849","24311,7961901277"
"25154,8969713785",1,"23682531,5689297","827308,602015189","7066,03328959392","1071,54064979548","5,58966466242418",0,0,"-67,6558604078485","-68,3825030165844","74,0782451028789","18233991,367013","44,7826049804687","26,0801078328066","-0,0000009","1,78652249760908","405,570627909849","25708,8969713785"
"26591,9143151268",1,"25017072,4177198","577972,668891533","7454,74726244311","1064,11743915931","5,58966466242418",0,0,"-67,8268853353457","-68,6824314778268","74,2597004906359","19416863,8059082","44,7172729492188","26,0801078328066","-0,000000967","1,78652249760908","405,570627909849","27145,9143151268"
"28068,9702526256",1,"26385590,3813075","321503,64367349","7853,51692121759","1057,23825375961","5,58966466242418",0,0,"-67,9804514663293","-68,9483300242964","74,421463906206","20633371,3527651","44,6555358886719","26,0801078328066","-0,00000104","1,78652249760908","405,570627909849","28622,9702526256"
"29586,0649401248",1,"27788156,4721212","57973,9096886369","8262,33247874078","1050,85033044152","5,58966466242418",0,0,"-68,1187410998722","-69,1850696331192","74,5661975513021","21883582,2826557","44,5971862792969","26,0801078328066","-0,00000111","1,78652249760908","405,570627909849","30140,0649401248"
"31143,0761901252",1,"29224828,6451609","212835,791345478","8681,18653567371","1044,90731515386","5,58966466242418",0,0,"-68,2436220097509","-69,3966901145442","74,6961401566842","23167569,5901925","44,5420257568359","26,0801078328066","-0,00000118","1,78652249760908","405,570627909849","31697,0761901252"
"32740,1261901259",1,"30695689,5218042","490626,216781661","9110,08373629357","1039,36819296694","5,58966466242418",0,0,"-68,3567008407229","-69,5865676883074","74,8131867575292","24485408,9244316","44,4898590087891","26,0801078328066","-0,00000126","1,78652249760908","405,570627909849","33294,1261901259"
"34377,2147838771",1,"32200807,3472453","775525,206208672","9549,02836580707","1034,19673052265","5,58966466242418",0,0,"-68,4593590316948","-69,7575340030335","74,9189438131437","25837209,3917732","44,4405029296875","26,0801078328066","-0,00000133","1,78652249760908","405,570627909849","34931,2147838771"
"36054,2199401259",1,"33740236,7410996","1067496,36324407","9998,02376463776","1029,36076191303","5,58966466242418",0,0,"-68,55278965372","-69,911978571385","75,0147808188337","27222893,2662486","44,3937835693359","26,0801078328066","-0,00000141","1,78652249760908","405,570627909849","36608,2199401259"
"37771,263846375",1,"35314056,1124072","1366553,01272537","10457,0826245493","1024,83153891198","5,58966466242418",0,0,"-68,6380271145041","-70,0519333118595","75,1018720816796","28642792,0526704","44,3495300292969","26,0801078328066","-0,0000015","1,78652249760908","405,570627909849","38325,263846375"
"39771,263846375",1,"36946673,0030292","1715019,78386466","10933,3170318154","1020,54142900412","5,58966466242418",0,0,"-68,7166464882607","-70,1802017387903","75,1819035211232","30099271,0513762","44,3071563720703","26,0801078328066","-0,00000159","1,78652249760908","405,570627909849","40325,263846375"
"41731,2447838746",1,"38630004,3608022","1713280,55826533","11424,3621436928","1016,48678790876","5,58966466242418",0,0,"-68,7890971304587","-70,2977327333836","75,2554096271196","31594047,6495539","44,2667144775391","26,0801078328066","-0,00000168","1,78652249760908","405,570627909849","42285,2447838746"
"43651,3286901228",1,"40356073,9271816","1378525,37819431","11927,8855513386","1012,66223161291","5,58966466242418",0,0,"-68,855813708946","-70,4054074070049","75,3228945687277","33127960,6395211","44,2282257080078","26,0801078328066","-0,00000177","1,78652249760908","405,570627909849","44205,3286901228"
"45531,3935338743",1,"42116950,315948","1050664,29305318","12441,5690279156","1009,0613481464","5,58966466242418",0,0,"-68,917208043779","-70,5040323085762","75,3848264466019","34701096,6329852","44,1916900634766","26,0801078328066","-0,00000186","1,78652249760908","405,570627909849","46085,3935338743"
"47371,4393151253",1,"43904761,9502401","729711,836129138","12963,1127183237","1005,67704159917","5,58966466242418",0,0,"-68,9736655606387","-70,5943444723176","75,4416367541767","36312626,3791344","44,1570892333984","26,0801078328066","-0,00000194","1,78652249760908","405,570627909849","47925,4393151253"
"49171,588065125",1,"45711713,3188924","415660,490808065","13490,2397382376","1002,50178391803","5,58966466242418",0,0,"-69,0255457826234","-70,6770163986735","75,4937230305078","37960935,9917933","44,1244018554687","26,0801078328066","-0,00000202","1,78652249760908","405,570627909849","49725,588065125"
"50931,7177526243",1,"47530028,8821442","108567,958083648","14020,6796886639","999,527929330585","5,58966466242418",0,0,"-69,0731807219608","-70,7526575281986","75,5414481876014","39644409,0995924","44,0935913085938","26,0801078328066","-0,0000021","1,78652249760908","405,570627909849","51485,7177526243"
"52651,828533873",1,"49351971,9857904","191697,436774686","14552,1740697345","996,747812488347","5,58966466242418",0,0,"-69,11687640082","-70,8218207358043","75,5851436797323","41359541,1499079","44,0646179199219","26,0801078328066","-0,00000218","1,78652249760908","405,570627909849","53205,828533873"
"54332,042283874",1,"51169864,2502546","484948,98449245","15082,4818491999","994,153820316935","5,58966466242418",0,0,"-69,1569153077295","-70,8850091317621","75,6251123699528","43102589,7930529","44,0374359130859","26,0801078328066","-0,00000226","1,78652249760908","405,570627909849","54886,042283874"
"55972,2369713746",1,"52976032,6140377","771262,833459271","15609,3639404119","991,73854735264","5,58966466242418",0,0,"-69,193555893281","-70,9426774160407","75,6616296945179","44868771,1839862","44,0119964599609","26,0801078328066","-0,00000233","1,78652249760908","405,570627909849","56526,2369713746"
"57572,4125963748",1,"54738486,6499733","1050623,6528686","16123,4875623953","989,536804838706","5,58966466242418",0,0,"-69,2263589972311","-70,9941647263068","75,6942692475694","46647832,3483836","43,9886840820312","26,0801078328066","-0,0000024","1,78652249760908","405,570627909849","58126,4125963748"
"59132,6911901236",1,"56457760,0067916","1323046,8843608","16625,0084619555","987,522316350151","5,58966466242418",0,0,"-69,2558749490724","-71,0403797930201","75,7235955005595","48430607,9129825","43,9672546386719","26,0801078328066","-0,00000248","1,78652249760908","405,570627909849","59686,6911901236"
"60652,9507213719",1,"58134299,0529532","1588506,93646217","17114,0571323596","985,673117248472","5,58966466242418",0,0,"-69,2825527793789","-71,082059812857","75,7500672653299","50208441,5557012","43,9475006103516","26,0801078328066","-0,00000255","1,78652249760908","405,570627909849","61206,9507213719"
"62133,1911901236",1,"59768509,0910969","1847000,2181679","17590,752209617","983,970653584412","5,58966466242418",0,0,"-69,3067623244522","-71,1198102020424","75,7740619980066","51973597,4332161","43,9292419433594","26,0801078328066","-0,00000261","1,78652249760908","405,570627909849","62687,1911901236"
"63573,5346276239",1,"61360762,0342425","1671366,10839423","18055,202655988","982,399140766791","5,58966466242418",0,0,"-69,3288122563661","-71,1541316333729","75,7958930018745","53719328,243279","43,9123321533203","26,0801078328066","-0,00000268","1,78652249760908","405,570627909849","64127,5346276239"
"64973,8590026237",1,"62911367,0009185","1426793,81307346","18507,4991472542","980,945089565902","5,58966466242418",0,0,"-69,3489601188334","-71,1854425633714","75,8158218385191","55439584,8882876","43,8966369628906","26,0801078328066","-0,00000274","1,78652249760908","405,570627909849","65527,8590026237"
"66334,1643151231",1,"64420611,7945688","1189196,41957462","18947,7261492984","979,596867109822","5,58966466242418",0,0,"-69,3674245560909","-71,2140949520698","75,8340692180508","57128643,1795301","43,8820373535156","26,0801078328066","-0,0000028","1,78652249760908","405,570627909849","66888,1643151231"
"67654,5725963749",1,"65888767,0971414","958554,828241913","19375,9631260939","978,344388951251","5,58966466242418",0,0,"-69,384391121113","-71,2403872387019","75,850822702446","58782322,6906652","43,8684356689453","26,0801078328066","-0,00000286","1,78652249760908","405,570627909849","68208,5725963749"
"68934,9618932493",1,"67316054,4116382","734892,450589711","19792,2751801396","977,178894477444","5,58966466242418",0,0,"-69,400017861753","-71,2645743781554","75,8662419315725","60396866,4246564","43,8557464599609","26,0801078328066","-0,00000292","1,78652249760908","405,570627909849","69488,9618932493"
"70175,3321276233",1,"68702685,1375274","518211,646378256","20196,7244450277","976,092708004819","5,58966466242418",0,0,"-69,4144416001517","-71,2868738942521","75,8804645455687","61969499,6036023","43,843896484375","26,0801078328066","-0,00000298","1,78652249760908","405,570627909849","70729,3321276233"
"71375,8053307496",1,"70048862,9861635","308495,131167031","20589,3707865288","975,079078091337","5,58966466242418",0,0,"-69,4277802514036","-71,3074748546967","75,8936092836747","63500657,4375183","43,8328125","26,0801078328066","-0,00000303","1,78652249760908","405,570627909849","71929,8053307496"
"72536,2594713755",1,"71354750,6005606","105787,149001231","20970,2620652953","974,132066208756","5,58966466242418",0,0,"-69,4401366222626","-71,3265404537304","75,9057789029123","64990356,4968952","43,8224365234375","26,0801078328066","-0,00000309","1,78652249760908","405,570627909849","73090,2594713755"
"73656,694627624",1,"72620507,261947","90075,8325931676","21339,4451349253","973,246404126774","5,58966466242418",0,0,"-69,451600447435","-71,3442130940856","75,9170634455136","66439000,8513103","43,8127166748047","26,0801078328066","-0,00000314","1,78652249760908","405,570627909849","74210,694627624"
"74737,2327526249",1,"73846290,3797285","278828,816477245","21696,9662766209","972,417404550246","5,58966466242418",0,0,"-69,4622501501318","-71,3606166527767","75,9275413912293","67846778,9801735","43,8036010742187","26,0801078328066","-0,00000318","1,78652249760908","405,570627909849","75291,2327526249"
"75777,7518151253",1,"75032221,3602169","460627,267973326","22042,8612452303","971,640905523727","5,58966466242418",0,0,"-69,4721544799389","-71,3758613495384","75,9372817762053","69213866,2590976","43,7950469970703","26,0801078328066","-0,00000323","1,78652249760908","405,570627909849","76331,7518151253"
"76778,2518151253",1,"76178422,5299819","635442,836256968","22377,1660399603","970,913178258454","5,58966466242418",0,0,"-69,4813750720697","-71,3900429248481","75,946345606343","70540618,7423739","43,7870178222656","26,0801078328066","-0,00000328","1,78652249760908","405,570627909849","77332,2518151253"
"77738,7327526249",1,"77285006,2762538","803271,8710691","22699,9137381122","970,23088118","5,58966466242418",0,0,"-69,4899656870354","-71,4032471306463","75,9547868292356","71827007,6934615","43,7794830322266","26,0801078328066","-0,00000332","1,78652249760908","405,570627909849","78292,7327526249"
"78659,3166588731",1,"78352075,9136889","964134,210566961","23011,1347490455","969,591014449843","5,58966466242418",0,0,"-69,4979740502081","-71,415548973644","75,9626531296036","73073264,5777374","43,7724090576172","26,0801078328066","-0,00000336","1,78652249760908","405,570627909849","79213,3166588731"
"79539,8815026246",1,"1405497356,55275","1118007,59256006","39619,1987862212","1897,35015650774","5,58966466242418",0,0,"-47,5665135387448","-77,9405636039759","81,5728941819692","206891522,279081","40,9609527587891","26,0801078328066","-0,00000341","1,78652249760908","405,570627909849","80093,8815026246"
"80380,4273619987",1,"2732531302,50358","1264891,33059972","56192,2494622745","2825,18144982164","5,58966466242418",0,0,"-25,631983884565","-84,4613067883185","87,1808228780367","473274432,348319","38,1528900146484","26,0801078328066","-0,00000346","1,78652249760908","405,570627909849","80934,4273619987"
"81181,0761901252",1,"4059457535,09447","1404806,13267751","72731,4386849603","3753,0810499022","5,58966466242418",0,0,"-3,69453713235478","-90,9779982787996","92,7865595202762","872215299,55915","35,3480438232422","26,0801078328066","-0,0000035","1,78652249760908","405,570627909849","81735,0761901252"
"81941,7059557512",1,"5386279661,53331","1537730,14985424","89237,9182105416","4681,04461209169","5,58966466242418",0,0,"18,245666326905","-97,490868015424","98,390228915662","1403707790,65242","32,5462432861328","26,0801078328066","-0,00000355","1,78652249760908","405,570627909849","82495,7059557512"
"82662,3166588768",1,"6713001265,89779","1663662,89336087","105712,836526007","5609,06809970066","5,58966466242418",0,0,"40,1884701201736","-104,000137214545","103,991951271545","2067745866,51601","29,7473236083984","26,0801078328066","-0,00000359","1,78652249760908","405,570627909849","83216,3166588768"
"83343,0303307511",1,"8039625900,20713","1782625,2659851","122157,335677825","6537,14775998678","5,58966466242418",0,0,"62,1337223598884","-110,50602146468","109,591842247786","2864323827,49875","26,9511260986328","26,0801078328066","-0,00000362","1,78652249760908","405,570627909849","83897,0303307511"
"83983,7249791883",1,"9366157106,72031","1875315,43162093","138572,558356014","7465,28008535999","5,58966466242418",0,0,"84,0812746954922","-117,008729590425","115,190014054341","3793436374,68843","24,1574859619141","26,0801078328066","-0,00000366","1,78652249760908","405,570627909849","84537,7249791883"
"84584,400565125",1,"10692598408,8122","1770337,69826142","154959,64467244","8393,46179602222","5,58966466242418",0,0,"106,030981582816","-123,508465040197","120,786576528801","4855078437,45669","21,3662414550781","26,0801078328066","-0,00000369","1,78652249760908","405,570627909849","85138,400565125"
"85145,1791198142",1,"12018953313,6907","1672331,23401651","171319,732376947","9321,68981791046","5,58966466242418",0,0,"127,982700976098","-130,005426443802","126,38163530201","6049245318,69522","18,5772399902344","26,0801078328066","-0,00000372","1,78652249760908","405,570627909849","85699,1791198142"
"85665,9386510625",1,"13345225299,0129","1581317,77962815","187653,953552672","10249,9612716328","5,58966466242418",0,0,"149,93629276259","-136,499808030355","131,975294800227","7375932715,00252","15,7903228759766","26,0801078328066","-0,00000375","1,78652249760908","405,570627909849","86219,9386510625"
"86146,6791198142",1,"13345300209,216","1497297,59359818","187655,100007448","10249,9141607019","5,58966466242418",0,0,"149,95268963164","-136,478252084324","131,964749568899","8569913000,26884","15,8101531982422","26,0801078328066","-0,00000378","1,78652249760908","405,570627909849","86700,6791198142"
"86587,5225573145",1,"13345371139,5473","1420249,57988016","187656,185599021","10249,8703435449","5,58966466242418",0,0,"149,968118259478","-136,457989673919","131,954823313769","9631196983,97321","15,8287780761719","26,0801078328066","-0,0000038","1,78652249760908","405,570627909849","87141,5225573145"
"86988,3469713777",1,"13345437985,2948","1350195,25897071","187657,208675348","10249,82904988","5,58966466242418",0,0,"149,982562663544","-136,439038153665","131,945528150004","10559795028,9932","15,8462036132813","26,0801078328066","-0,00000382","1,78652249760908","405,570627909849","87542,3469713777"
"87349,1523229405",1,"13345500649,7088","1287134,82185752","187658,167755766","10249,7903394302","5,58966466242418",0,0,"149,996021025416","-136,421395811454","131,93686517943","11355717127,8108","15,8624298095703","26,0801078328066","-0,00000384","1,78652249760908","405,570627909849","87903,1523229405"
"87670,060643252",1,"13345559044,1756","1231047,09018546","187659,061484129","10249,754266894","5,58966466242418",0,0,"150,008491718223","-136,405061879085","131,928835521647","12018972905,6386","15,8774536132813","26,0801078328066","-0,00000386","1,78652249760908","405,570627909849","88224,060643252"
"87950,9499205947",1,"13345613083,9029","1181953,52721208","187659,888562778","10249,7208846107","5,58966466242418",0,0,"150,019972798523","-136,390035612833","131,921441232866","12549571624,0081","15,8912750244141","26,0801078328066","-0,00000387","1,78652249760908","405,570627909849","88504,9499205947"
"88191,8201549686",1,"13345662692,1346","1139854,24891563","187660,647817043","10249,6902399576","5,58966466242418",0,0,"150,030462913165","-136,376315762103","131,91468438706","12947522182,5496","15,9038970947266","26,0801078328066","-0,00000388","1,78652249760908","405,570627909849","88745,8201549686"
"88392,793358095",1,"13345707800,2603","1104728,02496468","187661,338196913","10249,6623752828","5,58966466242418",0,0,"150,039960708358","-136,363901585479","131,908564782158","13212833121,6944","15,9153198242188","26,0801078328066","-0,00000389","1,78652249760908","405,570627909849","88946,793358095"
"88553,7475182526",1,"13345748343,4407","1076596,26508827","187661,958710097","10249,6373306066","5,58966466242418",0,0,"150,048465046362","-136,352792575766","131,90308498826","13345512624,6694","15,9255401611328","26,0801078328066","-0,0000039","1,78652249760908","405,570627909849","89107,7475182526"
"88674,6826354414",1,"13345784264,9059","1055459,02369694","187662,508487794","10249,6151409683","5,58966466242418",0,0,"150,055974357493","-136,342988237566","131,898245299505","13345568521,2587","15,9345642089844","26,0801078328066","-0,0000039","1,78652249760908","405,570627909849","89228,6826354414"
"88755,7207213789",1,"13345815516,0337","1041295,02923871","187662,986785899","10249,5958363764","5,58966466242418",0,0,"150,062488391493","-136,334487581488","131,894046488267","13345620051,9405","15,9423889160156","26,0801078328066","-0,00000391","1,78652249760908","405,570627909849","89309,7207213789"
"88796,7397643477",1,"13345842051,9378","1034125,63175219","187663,392917479","10249,5794445349","5,58966466242418",0,0,"150,068005328053","-136,327290360563","131,890490263626","13345667143,1795","15,9490142822266","26,0801078328066","-0,00000391","1,78652249760908","405,570627909849","89350,7397643477"
"88797,7397643477",1,"13345863835,8263","1033950,84971186","187663,726319478","10249,5659881513","5,58966466242418",0,0,"150,072524871032","-136,321395844836","131,887576518082","13345709728,2327","15,9544403076172","26,0801078328066","-0,00000391","1,78652249760908","405,570627909849","89351,7397643477"
"88798,7397643477",1,"13345881324,2932","1033776,06446772","187663,993980086","10249,5551851636","5,58966466242418",0,0,"150,076146355614","-136,316674285604","131,885241407275","13345747795,6911","15,9587860107422","26,0801078328066","-0,00000391","1,78652249760908","405,570627909849","89352,7397643477"
"88799,7397643477",1,"13345894978,4797","1033601,28592324","187664,202957085","10249,5467507043","5,58966466242418",0,0,"150,078969049132","-136,312994777862","131,883421104006","13345781389,1215","15,9621734619141","26,0801078328066","-0,00000391","1,78652249760908","405,570627909849","89353,7397643477"
"88800,7397643477",1,"13345905266,3282","1033426,50416558","187664,360412342","10249,5403957074","5,58966466242418",0,0,"150,081093004256","-136,310226877041","131,882051796473","13345810607,3641","15,9647216796875","26,0801078328066","-0,00000391","1,78652249760908","405,570627909849","89354,7397643477"
"88801,7397643477",1,"13345912660,4621","1033251,71890986","187664,473579358","10249,5358282181","5,58966466242418",0,0,"150,082617259685","-136,308240868525","131,881068310423","13345835604,1968","15,9665496826172","26,0801078328066","-0,00000391","1,78652249760908","405,570627909849","89355,7397643477"
"88802,7397643477",1,"13345917636,0407","1033076,9371463","187664,549730445","10249,5327547171","5,58966466242418",0,0,"150,083642163724","-136,30690583622","131,880407318248","13345856587,7748","15,9677795410156","26,0801078328066","-0,00000391","1,78652249760908","405,570627909849","89356,7397643477"
"88803,7397643477",1,"13345920673,0421","1032902,15538004","187664,59621166","10249,5308787104","5,58966466242418",0,0,"150,0842671097","-136,306091582613","131,880004125828","13345873820,735","15,9685302734375","26,0801078328066","-0,00000391","1,78652249760908","405,570627909849","89357,7397643477"
"88804,7397643477",1,"13345922254,1263","1032727,37332578","187664,620410104","10249,5299020488","5,58966466242418",0,0,"150,084592239287","-136,305668157139","131,879794505686","13345887619,657","15,9689208984375","26,0801078328066","-0,00000391","1,78652249760908","405,570627909849","89358,7397643477"
"88805,7397643477",1,"13345922862,4847","1032552,59155296","187664,629721011","10249,529526256","5,58966466242418",0,0,"150,08471721956","-136,305505351393","131,87971377754","13345898354,3021","15,9690704345703","26,0801078328066","-0,00000391","1,78652249760908","405,570627909849","89359,7397643477"
"88806,7397643477",1,"13345922984,1392","1032377,80977672","187664,63158293","10249,5294511081","5,58966466242418",0,0,"150,084742340118","-136,305472978979","131,879697265053","13345906447,5223","15,9691009521484","26,0801078328066","-0,00000391","1,78652249760908","405,570627909849","89360,7397643477"
"88807,7397643477",1,"13345923105,7952","1032203,02450343","187664,63344487","10249,5293759593","5,58966466242418",0,0,"150,084767416051","-136,305440606564","131,879680752569","13345912374,5191","15,9691314697266","26,0801078328066","-0,00000391","1,78652249760908","405,570627909849","89361,7397643477"
"88808,7397643477",1,"13345923227,4525","1032028,24272156","187664,635306831","10249,5293008096","5,58966466242418",0,0,"150,084792343979","-136,305408245154","131,879664698769","13345916564,8351","15,9691619873047","26,0801078328066","-0,00000391","1,78652249760908","405,570627909849","89362,7397643477"
"88809,7397643477",1,"13345923349,1111","1031853,46414678","187664,637168813","10249,5292256591","5,58966466242418",0,0,"150,08481741991","-136,305375636821","131,879648644974","13345919401,8982","15,9691925048828","26,0801078328066","-0,00000391","1,78652249760908","405,570627909849","89363,7397643477"
"88810,7397643477",1,"13345923470,7712","1031678,68235848","187664,639030817","10249,5291505077","5,58966466242418",0,0,"150,084842370151","-136,30534327541","131,879632132503","13345921222,3425","15,9692230224609","26,0801078328066","-0,00000391","1,78652249760908","405,570627909849","89364,7397643477"
"88811,7397643477",1,"13345923592,4327","1031503,89707315","187664,640892841","10249,5290753555","5,58966466242418",0,0,"150,084867468395","-136,305310420155","131,879616078716","13345922315,5396","15,9692535400391","26,0801078328066","-0,00000391","1,78652249760908","405,570627909849","89365,7397643477"
"88812,7397643477",1,"13345923714,0955","1031329,11527918","187664,642754887","10249,5290002024","5,58966466242418",0,0,"150,084892566638","-136,305278058744","131,879600483613","13345922923,3451","15,9692840576172","26,0801078328066","-0,00000391","1,78652249760908","405,570627909849","89366,7397643477"
"88813,7397643477",1,"13345923835,7598","1031154,33348198","187664,644616955","10249,5289250485","5,58966466242418",0,0,"150,084917516879","-136,305245450412","131,879584429834","13345923239,6168","15,9693145751953","26,0801078328066","-0,00000391","1,78652249760908","405,570627909849","89367,7397643477"
"88814,7397643477",1,"13345923957,4254","1030979,55139854","187664,646479043","10249,5288498937","5,58966466242418",0,0,"150,084942422494","-136,305212606157","131,879567917379","13345923409,9467","15,9693450927734","26,0801078328066","-0,00000391","1,78652249760908","405,570627909849","89368,7397643477"
"88815,7397643477",1,"13345924079,0924","1030804,76959479","187664,648341153","10249,528774738","5,58966466242418",0,0,"150,084967395045","-136,305179761904","131,879551863608","13345923531,6075","15,9693756103516","26,0801078328066","-0,00000391","1,78652249760908","405,570627909849","89369,7397643477"
"88816,7397643477",1,"13345924200,7608","1030629,98778862","187664,650203284","10249,5286995815","5,58966466242418",0,0,"150,084992152657","-136,30514690665","131,879535809842","13345923653,2696","15,9694061279297","26,0801078328066","-0,00000391","1,78652249760908","405,570627909849","89370,7397643477"
"88817,7397643477",1,"13345924322,4306","1030455,20248548","187664,652065436","10249,5286244242","5,58966466242418",0,0,"150,085017273213","-136,305114298317","131,879519756079","13345923774,9332","15,9694366455078","26,0801078328066","-0,00000391","1,78652249760908","405,570627909849","89371,7397643477"
"88818,7397643477",1,"13345924444,1018","1030280,4206732","187664,653927609","10249,528549266","5,58966466242418",0,0,"150,085042371458","-136,305081443063","131,87950370232","13345923896,5981","15,9694671630859","26,0801078328066","-0,00000391","1,78652249760908","405,570627909849","89372,7397643477"
"88819,7397643477",1,"13345924565,7743","1030105,64206757","187664,655789804","10249,5284741069","5,58966466242418",0,0,"150,085067469701","-136,30504908165","131,879487648565","13345924018,2644","15,9694976806641","26,0801078328066","-0,00000391","1,78652249760908","405,570627909849","89373,7397643477"
"88820,7397643477",1,"13345924687,4483","1029930,85675517","187664,65765202","10249,528398947","5,58966466242418",0,0,"150,08509241994","-136,305016462317","131,879471594815","13345924139,9321","15,9695281982422","26,0801078328066","-0,00000391","1,78652249760908","405,570627909849","89374,7397643477"
"88821,7397643477",1,"13345924809,1236","1029756,07493413","187664,659514257","10249,5283237862","5,58966466242418",0,0,"150,085117347868","-136,304983853985","131,879455541068","13345924261,6012","15,9695587158203","26,0801078328066","-0,00000391","1,78652249760908","405,570627909849","89375,7397643477"
"88822,7397643477",1,"13345924930,8003","1029581,29310953","187664,661376516","10249,5282486245","5,58966466242418",0,0,"150,085142275796","-136,304951245651","131,879439487325","13345924383,2717","15,9695892333984","26,0801078328066","-0,00000391","1,78652249760908","405,570627909849","89376,7397643477"
"88823,7397643477",1,"13345925052,4784","1029406,50778869","187664,663238795","10249,528173462","5,58966466242418",0,0,"150,085167226034","-136,304918637319","131,879423433586","13345924504,9436","15,9696197509766","26,0801078328066","-0,00000391","1,78652249760908","405,570627909849","89377,7397643477"
"88824,7397643477",1,"13345925174,1579","1029231,72916744","187664,665101096","10249,5280982987","5,58966466242418",0,0,"150,085192324278","-136,304886264906","131,879407379852","13345924626,6168","15,9696502685547","26,0801078328066","-0,00000391","1,78652249760908","405,570627909849","89378,7397643477"
"88825,7397643477",1,"13345925295,8388","1029056,94733461","187664,666963418","10249,5280231344","5,58966466242418",0,0,"150,085217548215","-136,304853892495","131,879391326121","13345924748,2915","15,9696807861328","26,0801078328066","-0,00000391","1,78652249760908","405,570627909849","89379,7397643477"
"88826,7397643477",1,"13345925417,5211","1028882,16200464","187664,668825762","10249,5279479694","5,58966466242418",0,0,"150,085242794464","-136,304821531083","131,879375731073","13345924869,9675","15,9697113037109","26,0801078328066","-0,00000391","1,78652249760908","405,570627909849","89380,7397643477"
"88827,7397643477",1,"13345925539,2048","1028707,38016511","187664,670688126","10249,5278728034","5,58966466242418",0,0,"150,085267722393","-136,304788922749","131,87935967735","13345924991,6449","15,9697418212891","26,0801078328066","-0,00000391","1,78652249760908","405,570627909849","89381,7397643477"
"88828,7397643477",1,"13345925660,8898","1028532,60153215","187664,672550512","10249,5277976367","5,58966466242418",0,0,"150,085292524626","-136,304756314416","131,879343164954","13345925113,3237","15,9697723388672","26,0801078328066","-0,00000391","1,78652249760908","405,570627909849","89382,7397643477"
"88829,7397643477",1,"13345925782,5763","1028357,81619312","187664,674412919","10249,527722469","5,58966466242418",0,0,"150,085317452555","-136,304723706082","131,879327111239","13345925235,0039","15,9697998046875","26,0801078328066","-0,00000391","1,78652249760908","405,570627909849","89383,7397643477"
"88830,7397643477",1,"13345925904,2641","1028183,03434429","187664,676275347","10249,5276473005","5,58966466242418",0,0,"150,085342232479","-136,30469109775","131,879311057529","13345925356,6855","15,9698272705078","26,0801078328066","-0,00000391","1,78652249760908","405,570627909849","89384,7397643477"
"88831,7397643477",1,"13345926025,9533","1028008,25249288","187664,678137797","10249,5275721312","5,58966466242418",0,0,"150,085367160408","-136,304658489417","131,879294545146","13345925478,3685","15,9698547363281","26,0801078328066","-0,00000391","1,78652249760908","405,570627909849","89385,7397643477"
"88832,7397643477",1,"13345926147,6439","1027833,46714476","187664,680000268","10249,527496961","5,58966466242418",0,0,"150,085392088337","-136,304625881083","131,879278032767","13345925600,0529","15,9698822021484","26,0801078328066","-0,00000391","1,78652249760908","405,570627909849","89386,7397643477"
"88833,7397643477",1,"13345926269,3359","1027658,68849633","187664,68186276","10249,5274217899","5,58966466242418",0,0,"150,085417164271","-136,304593519669","131,879261979068","13345925721,7386","15,9699096679688","26,0801078328066","-0,00000391","1,78652249760908","405,570627909849","89387,7397643477"
"88834,7397643477",1,"13345926391,0293","1027483,90663567","187664,683725273","10249,527346618","5,58966466242418",0,0,"150,085442410519","-136,304560911336","131,879245925375","13345925843,4257","15,9699371337891","26,0801078328066","-0,00000391","1,78652249760908","405,570627909849","89388,7397643477"
"88835,7397643477",1,"13345926512,7241","1027309,12127951","187664,685587808","10249,5272714452","5,58966466242418",0,0,"150,085467190443","-136,304528303003","131,879229413008","13345925965,1143","15,9699645996094","26,0801078328066","-0,00000391","1,78652249760908","405,570627909849","89389,7397643477"
"88836,7397643477",1,"13345926634,4202","1027134,3394127","187664,687450363","10249,5271962716","5,58966466242418",0,0,"150,085492118373","-136,304495941587","131,879212900645","13345926086,8042","15,9699920654297","26,0801078328066","-0,00000391","1,78652249760908","405,570627909849","89390,7397643477"
"88837,7397643477",1,"13345926756,1178","1026959,55754275","187664,68931294","10249,5271210971","5,58966466242418",0,0,"150,085517216616","-136,304463569178","131,879196846963","13345926208,4955","15,97001953125","26,0801078328066","-0,00000391","1,78652249760908","405,570627909849","89391,7397643477"
"88838,7397643477",1,"13345926877,8167","1026784,77538641","187664,691175538","10249,5270459217","5,58966466242418",0,0,"150,085542314858","-136,304430960845","131,879180793285","13345926330,1882","15,9700469970703","26,0801078328066","-0,00000391","1,78652249760908","405,570627909849","89392,7397643477"
"88839,7397643477",1,"13345926999,517","1026609,9935103","187664,693038158","10249,5269707455","5,58966466242418",0,0,"150,0855674131","-136,304398352511","131,879164739611","13345926451,8822","15,9700775146484","26,0801078328066","-0,00000391","1,78652249760908","405,570627909849","89393,7397643477"
"88840,7397643477",1,"13345927121,2187","1026435,21163175","187664,694900799","10249,5268955684","5,58966466242418",0,0,"150,085592637041","-136,304365991096","131,879148685941","13345926573,5777","15,9701110839844","26,0801078328066","-0,00000391","1,78652249760908","405,570627909849","89394,7397643477"
"88841,7397643477",1,"13345927242,9218","1026260,4297499","187664,696763461","10249,5268203905","5,58966466242418",0,0,"150,085617735284","-136,30433362968","131,879133090952","13345926695,2745","15,9701416015625","26,0801078328066","-0,00000391","1,78652249760908","405,570627909849","89395,7397643477"
"88842,7397643477",1,"13345927364,6263","1026085,64437166","187664,698626144","10249,5267452118","5,58966466242418",0,0,"150,085642833526","-136,304301257271","131,879117037291","13345926816,9728","15,9701721191406","26,0801078328066","-0,00000391","1,78652249760908","405,570627909849","89396,7397643477"
"88843,7397643477",1,"13345927486,3322","1025910,86569292","187664,700488848","10249,5266700321","5,58966466242418",0,0,"150,085667931768","-136,304268648937","131,879100983633","13345926938,6724","15,9702026367187","26,0801078328066","-0,00000391","1,78652249760908","405,570627909849","89397,7397643477"
"88844,7397643477",1,"13345927608,0394","1025736,08380194","187664,702351574","10249,5265948516","5,58966466242418",0,0,"150,085692711692","-136,304236040603","131,879084929979","13345927060,3734","15,9702331542969","26,0801078328066","-0,00000391","1,78652249760908","405,570627909849","89398,7397643477"
"88845,7397643477",1,"13345927729,7481","1025561,29841562","187664,704214321","10249,5265196703","5,58966466242418",0,0,"150,085717661929","-136,30420343227","131,87906887633","13345927182,0758","15,970263671875","26,0801078328066","-0,00000391","1,78652249760908","405,570627909849","89399,7397643477"
"88846,7397643477",1,"13345927851,4581","1025386,51651919","187664,706077089","10249,5264444881","5,58966466242418",0,0,"150,085742737866","-136,304170577019","131,879052822685","13345927303,7796","15,9702941894531","26,0801078328066","-0,00000391","1,78652249760908","405,570627909849","89400,7397643477"
"88847,7397643477",1,"13345927973,1695","1025211,73461867","187664,707939878","10249,526369305","5,58966466242418",0,0,"150,085767665797","-136,304137968686","131,879036769043","13345927425,4848","15,9703247070312","26,0801078328066","-0,00000391","1,78652249760908","405,570627909849","89401,7397643477"
"88848,7397643477",1,"13345928094,8823","1025036,95243247","187664,709802689","10249,5262941211","5,58966466242418",0,0,"150,085792423415","-136,304105596279","131,879020715406","13345927547,1913","15,9703552246094","26,0801078328066","-0,00000391","1,78652249760908","405,570627909849","89402,7397643477"
"88849,7397643477",1,"13345928216,5965","1024862,17052607","187664,711665521","10249,5262189363","5,58966466242418",0,0,"150,085817499351","-136,304072987944","131,879004203097","13345927668,8993","15,9703857421875","26,0801078328066","-0,00000391","1,78652249760908","405,570627909849","89403,7397643477"
"88850,7397643477",1,"13345928338,3121","1024687,38861705","187664,713528374","10249,5261437507","5,58966466242418",0,0,"150,085842449588","-136,304040132694","131,878988149468","13345927790,6086","15,9704132080078","26,0801078328066","-0,00000391","1,78652249760908","405,570627909849","89404,7397643477"
"88851,7397643477",1,"13345928460,0291","1024512,60321276","187664,715391248","10249,5260685642","5,58966466242418",0,0,"150,085867525524","-136,30400752436","131,878972095842","13345927912,3194","15,9704437255859","26,0801078328066","-0,00000391","1,78652249760908","405,570627909849","89405,7397643477"
"88852,7397643477",1,"13345928581,7474","1024337,82129742","187664,717254144","10249,5259933769","5,58966466242418",0,0,"150,085892453455","-136,303974669111","131,878956042221","13345928034,0315","15,9704742431641","26,0801078328066","-0,00000391","1,78652249760908","405,570627909849","89406,7397643477"
"88853,7397643477",1,"13345928703,4672","1024163,04258805","187664,71911706","10249,5259181887","5,58966466242418",0,0,"150,085917233379","-136,303942060777","131,878939529929","13345928155,745","15,9705047607422","26,0801078328066","-0,00000391","1,78652249760908","405,570627909849","89407,7397643477"
"88854,7397643477",1,"13345928825,1883","1023988,25717457","187664,720979999","10249,5258429996","5,58966466242418",0,0,"150,085942309317","-136,303909699358","131,878923476316","13345928277,4599","15,9705352783203","26,0801078328066","-0,00000391","1,78652249760908","405,570627909849","89408,7397643477"
"88855,7397643477",1,"13345928946,9109","1023813,47525066","187664,722842958","10249,5257678097","5,58966466242418",0,0,"150,085967237247","-136,303877326952","131,878907881382","13345928399,1761","15,9705657958984","26,0801078328066","-0,00000391","1,78652249760908","405,570627909849","89409,7397643477"
"88856,7397643477",1,"13345929068,6348","1023638,69332299","187664,724705938","10249,525692619","5,58966466242418",0,0,"150,085992209788","-136,303844718618","131,878891369103","13345928520,8938","15,9705963134766","26,0801078328066","-0,00000391","1,78652249760908","405,570627909849","89410,7397643477"
"88857,7397643477",1,"13345929190,3601","1023463,9079017","187664,72656894","10249,5256174273","5,58966466242418",0,0,"150,086016989714","-136,303812110285","131,878874856827","13345928642,6129","15,9706268310547","26,0801078328066","-0,00000391","1,78652249760908","405,570627909849","89411,7397643477"
"88858,7397643477",1,"13345929312,0867","1023289,12917679","187664,728431963","10249,5255422349","5,58966466242418",0,0,"150,086042087956","-136,303779512941","131,87885880323","13345928764,3333","15,9706573486328","26,0801078328066","-0,00000391","1,78652249760908","405,570627909849","89412,7397643477"
"88859,7397643477",1,"13345929433,8148","1023114,34724054","187664,730295007","10249,5254670415","5,58966466242418",0,0,"150,086067038191","-136,303747140534","131,878842749638","13345928886,0551","15,9706878662109","26,0801078328066","-0,00000391","1,78652249760908","405,570627909849","89413,7397643477"
"88860,7397643477",1,"13345929555,5443","1022939,56180953","187664,732158073","10249,5253918473","5,58966466242418",0,0,"150,086092136432","-136,303714532201","131,878826696049","13345929007,7784","15,9707183837891","26,0801078328066","-0,00000391","1,78652249760908","405,570627909849","89414,7397643477"
"88861,7397643477",1,"13345929677,2751","1022764,77986701","187664,734021159","10249,5253166523","5,58966466242418",0,0,"150,086117086668","-136,303681923866","131,878810183791","13345929129,503","15,9707489013672","26,0801078328066","-0,00000391","1,78652249760908","405,570627909849","89415,7397643477"
"88862,7397643477",1,"13345929799,0074","1022589,99792167","187664,735884267","10249,5252414564","5,58966466242418",0,0,"150,086142332916","-136,303649562449","131,87879413021","13345929251,229","15,9707794189453","26,0801078328066","-0,00000391","1,78652249760908","405,570627909849","89416,7397643477"
"88863,7397643477",1,"13345929920,741","1022415,21569031","187664,737747397","10249,5251662596","5,58966466242418",0,0,"150,086167431156","-136,303616954115","131,878778076633","13345929372,9563","15,9708099365234","26,0801078328066","-0,00000391","1,78652249760908","405,570627909849","89417,7397643477"
"88864,7397643477",1,"13345930042,476","1022240,4337389","187664,739610547","10249,525091062","5,58966466242418",0,0,"150,086192381392","-136,303584334793","131,878762023061","13345929494,6851","15,9708404541016","26,0801078328066","-0,00000391","1,78652249760908","405,570627909849","89418,7397643477"
"88865,7397643477",1,"13345930164,2124","1022065,65178394","187664,741473719","10249,5250158635","5,58966466242418",0,0,"150,086217627639","-136,303551490533","131,878745510819","13345929616,4153","15,9708709716797","26,0801078328066","-0,00000391","1,78652249760908","405,570627909849","89419,7397643477"
"88866,7397643477",1,"13345930285,9502","1021890,86633525","187664,743336912","10249,5249406642","5,58966466242418",0,0,"150,08624255557","-136,303519118127","131,878729915928","13345929738,1468","15,9709014892578","26,0801078328066","-0,00000391","1,78652249760908","405,570627909849","89420,7397643477"
"88867,7397643477",1,"13345930407,6894","1021716,08437492","187664,745200126","10249,524865464","5,58966466242418",0,0,"150,086267653811","-136,303486756708","131,878713862368","13345929859,8797","15,9709320068359","26,0801078328066","-0,00000391","1,78652249760908","405,570627909849","89421,7397643477"
"88868,7397643477",1,"13345930529,43","1021541,30562045","187664,747063361","10249,524790263","5,58966466242418",0,0,"150,086292900058","-136,303454148373","131,878697808811","13345929981,6141","15,9709625244141","26,0801078328066","-0,00000391","1,78652249760908","405,570627909849","89422,7397643477"
"88869,7397643477",1,"13345930651,1719","1021366,5201627","187664,748926618","10249,5247150611","5,58966466242418",0,0,"150,086317679984","-136,303421293126","131,878681755259","13345930103,3498","15,9709930419922","26,0801078328066","-0,00000391","1,78652249760908","405,570627909849","89423,7397643477"
"88870,7397643477",1,"13345930772,9152","1021191,73819299","187664,750789896","10249,5246398583","5,58966466242418",0,0,"150,086342607915","-136,303389167635","131,878665243038","13345930225,0869","15,9710235595703","26,0801078328066","-0,00000391","1,78652249760908","405,570627909849","89424,7397643477"
"88871,7397643477",1,"13345930894,66","1021016,95622048","187664,752653195","10249,5245646547","5,58966466242418",0,0,"150,086367706156","-136,3033565593","131,878649189494","13345930346,8254","15,9710540771484","26,0801078328066","-0,00000391","1,78652249760908","405,570627909849","89425,7397643477"
"88872,7397643477",1,"13345931016,4061","1020842,17075358","187664,754516515","10249,5244894502","5,58966466242418",0,0,"150,08639265639","-136,303323950967","131,878633135954","13345930468,5652","15,9710845947266","26,0801078328066","-0,00000391","1,78652249760908","405,570627909849","89426,7397643477"
"88873,7397643477",1,"13345931138,1536","1020667,39198355","187664,756379857","10249,5244142449","5,58966466242418",0,0,"150,086417584321","-136,303291342633","131,878617082418","13345930590,3065","15,9711151123047","26,0801078328066","-0,00000391","1,78652249760908","405,570627909849","89427,7397643477"
"88874,7397643477",1,"13345931259,9025","1020492,61000172","187664,758243219","10249,5243390387","5,58966466242418",0,0,"150,086442682561","-136,303258734299","131,878600570214","13345930712,0491","15,9711456298828","26,0801078328066","-0,00000391","1,78652249760908","405,570627909849","89428,7397643477"
"88875,7397643477",1,"13345931381,6528","1020317,82801708","187664,760106604","10249,5242638317","5,58966466242418",0,0,"150,086467462487","-136,303226125966","131,878584516686","13345930833,7932","15,9711761474609","26,0801078328066","-0,00000391","1,78652249760908","405,570627909849","89429,7397643477"
"88876,7397643477",1,"13345931503,4044","1020143,04253857","187664,761970009","10249,5241886238","5,58966466242418",0,0,"150,086492708734","-136,303193764546","131,878568463161","13345930955,5386","15,9712066650391","26,0801078328066","-0,00000391","1,78652249760908","405,570627909849","89430,7397643477"
"88877,7397643477",1,"13345931625,1575","1019968,26054807","187664,763833435","10249,524113415","5,58966466242418",0,0,"150,086517784674","-136,303160909299","131,878552409642","13345931077,2854","15,9712371826172","26,0801078328066","-0,00000391","1,78652249760908","405,570627909849","89431,7397643477"
"88878,7397643477",1,"13345931746,9119","1019793,48176241","187664,765696883","10249,5240382054","5,58966466242418",0,0,"150,086542712606","-136,303128536894","131,878535897454","13345931199,0336","15,9712677001953","26,0801078328066","-0,00000391","1,78652249760908","405,570627909849","89432,7397643477"
"88879,7397643477",1,"13345931868,6678","1019618,69627534","187664,767560352","10249,523962995","5,58966466242418",0,0,"150,086567936553","-136,303096175473","131,878519843942","13345931320,7832","15,9712982177734","26,0801078328066","-0,00000391","1,78652249760908","405,570627909849","89433,7397643477"
"88880,7397643477",1,"13345931990,425","1019443,91427568","187664,769423842","10249,5238877836","5,58966466242418",0,0,"150,086593034793","-136,303063320228","131,878504249106","13345931442,5342","15,9713287353516","26,0801078328066","-0,00000391","1,78652249760908","405,570627909849","89434,7397643477"
"88881,7397643477",1,"13345932112,1836","1019269,13227276","187664,771287354","10249,5238125715","5,58966466242418",0,0,"150,086617940425","-136,303030947824","131,878488195603","13345931564,2865","15,9713592529297","26,0801078328066","-0,00000391","1,78652249760908","405,570627909849","89435,7397643477"
"88882,7397643477",1,"13345932233,9436","1019094,34998461","187664,773150887","10249,5237373584","5,58966466242418",0,0,"150,086642868357","-136,30299833949","131,878471683432","13345931686,0403","15,9713897705078","26,0801078328066","-0,00000391","1,78652249760908","405,570627909849","89436,7397643477"
"88883,7397643477",1,"13345932355,705","1018919,56797612","187664,775014441","10249,5236621445","5,58966466242418",0,0,"150,086667944297","-136,302965720174","131,878455629936","13345931807,7954","15,9714202880859","26,0801078328066","-0,00000391","1,78652249760908","405,570627909849","89437,7397643477"
"88884,7397643477",1,"13345932477,4677","1018744,78596384","187664,776878016","10249,5235869298","5,58966466242418",0,0,"150,086692894529","-136,302933111841","131,878439576445","13345931929,5519","15,9714477539063","26,0801078328066","-0,00000391","1,78652249760908","405,570627909849","89438,7397643477"
"88885,7397643477",1,"13345932599,2319","1018570,00045863","187664,778741612","10249,5235117142","5,58966466242418",0,0,"150,086718140776","-136,302900739438","131,878423522958","13345932051,3098","15,9714752197266","26,0801078328066","-0,00000391","1,78652249760908","405,570627909849","89439,7397643477"
"88886,7397643477",1,"13345932720,9975","1018395,21844099","187664,78060523","10249,5234364977","5,58966466242418",0,0,"150,086743091008","-136,302867895173","131,878407010803","13345932173,0691","15,9715026855469","26,0801078328066","-0,00000391","1,78652249760908","405,570627909849","89440,7397643477"
"88887,7397643477",1,"13345932842,7644","1018220,43962797","187664,782468869","10249,5233612804","5,58966466242418",0,0,"150,086767893234","-136,302835286839","131,878390957324","13345932294,8298","15,971533203125","26,0801078328066","-0,00000391","1,78652249760908","405,570627909849","89441,7397643477"
"88888,7397643477",1,"13345932964,5327","1018045,65411368","187664,784332529","10249,5232860622","5,58966466242418",0,0,"150,086792991474","-136,302802442574","131,878374903849","13345932416,5919","15,9715637207031","26,0801078328066","-0,00000391","1,78652249760908","405,570627909849","89442,7397643477"
"88889,7397643477",1,"13345933086,3024","1017870,87208767","187664,78619621","10249,5232108432","5,58966466242418",0,0,"150,086817941708","-136,30276983424","131,878358850378","13345932538,3554","15,9715911865234","26,0801078328066","-0,00000391","1,78652249760908","405,570627909849","89443,7397643477"
"88890,7397643477",1,"13345933208,0735","1017696,09005773","187664,788059913","10249,5231356233","5,58966466242418",0,0,"150,086842869641","-136,302737236887","131,87834233824","13345932660,1202","15,9716186523438","26,0801078328066","-0,00000391","1,78652249760908","405,570627909849","89444,7397643477"
"88891,7397643477",1,"13345933329,846","1017521,304535","187664,789923637","10249,5230604026","5,58966466242418",0,0,"150,08686799018","-136,302704628554","131,878326284777","13345932781,8865","15,9716461181641","26,0801078328066","-0,00000391","1,78652249760908","405,570627909849","89445,7397643477"
"88892,7397643477",1,"13345933451,6199","1017346,52570643","187664,791787382","10249,522985181","5,58966466242418",0,0,"150,086892918114","-136,302672020219","131,878310231318","13345932903,6541","15,9716735839844","26,0801078328066","-0,00000391","1,78652249760908","405,570627909849","89446,7397643477"
"88893,7397643477",1,"13345933573,3951","1017171,7436675","187664,793651148","10249,5229099585","5,58966466242418",0,0,"150,086918016353","-136,302639422866","131,878294177863","13345933025,4231","15,9717041015625","26,0801078328066","-0,00000391","1,78652249760908","405,570627909849","89447,7397643477"
"88894,7397643477",1,"13345933695,1718","1016996,95813569","187664,795514936","10249,5228347352","5,58966466242418",0,0,"150,086943092293","-136,302606814532","131,878278124412","13345933147,1935","15,9717346191406","26,0801078328066","-0,00000391","1,78652249760908","405,570627909849","89448,7397643477"
"88895,7397643477",1,"13345933816,9498","1016822,17609093","187664,797378745","10249,5227595111","5,58966466242418",0,0,"150,086967872219","-136,3025742062","131,878262070965","13345933268,9653","15,9717681884766","26,0801078328066","-0,00000391","1,78652249760908","405,570627909849","89449,7397643477"
"88896,7397643477",1,"13345933938,7292","1016647,39404315","187664,799242575","10249,522684286","5,58966466242418",0,0,"150,086992800153","-136,302541833796","131,878246017522","13345933390,7385","15,9717987060547","26,0801078328066","-0,00000391","1,78652249760908","405,570627909849","89450,7397643477"
"88897,7397643477",1,"13345934060,5101","1016472,61170951","187664,801106426","10249,5226090602","5,58966466242418",0,0,"150,087018172109","-136,302509225463","131,878229964083","13345933512,5131","15,971826171875","26,0801078328066","-0,00000391","1,78652249760908","405,570627909849","89451,7397643477"
"88898,7397643477",1,"13345934182,2923","1016297,82965584","187664,802970299","10249,5225338334","5,58966466242418",0,0,"150,087042929738","-136,30247685306","131,878213910649","13345933634,289","15,9718536376953","26,0801078328066","-0,00000391","1,78652249760908","405,570627909849","89452,7397643477"
"88899,7397643477",1,"13345934304,0758","1016123,04759876","187664,804834192","10249,5224586058","5,58966466242418",0,0,"150,08706787997","-136,302444244726","131,878197398549","13345933756,0663","15,9718841552734","26,0801078328066","-0,00000391","1,78652249760908","405,570627909849","89453,7397643477"
"88900,7397643477",1,"13345934425,8608","1015948,26204983","187664,806698107","10249,5223833774","5,58966466242418",0,0,"150,087092978209","-136,302411872324","131,878181345122","13345933877,8451","15,9719146728516","26,0801078328066","-0,00000391","1,78652249760908","405,570627909849","89454,7397643477"
"88901,7397643477",1,"13345934547,6472","1015773,47998731","187664,808562044","10249,5223081481","5,58966466242418",0,0,"150,087117928439","-136,30237926399","131,878165291699","13345933999,6252","15,9719451904297","26,0801078328066","-0,00000391","1,78652249760908","405,570627909849","89455,7397643477"
"88902,7397643477",1,"13345934669,4349","1015598,70112799","187664,810426001","10249,5222329179","5,58966466242418",0,0,"150,08714287867","-136,302346891589","131,878149238281","13345934121,4067","15,9719757080078","26,0801078328066","-0,00000391","1,78652249760908","405,570627909849","89456,7397643477"
"88903,7397643477",1,"13345934791,2241","1015423,91556959","187664,81228998","10249,5221576869","5,58966466242418",0,0,"150,087167806605","-136,302314530164","131,878132726198","13345934243,1896","15,9720031738281","26,0801078328066","-0,00000391","1,78652249760908","405,570627909849","89457,7397643477"
"88904,7397643477",1,"13345934913,0146","1015249,13349754","187664,81415398","10249,522082455","5,58966466242418",0,0,"150,087192586531","-136,302282168739","131,878116672787","13345934364,9739","15,9720336914062","26,0801078328066","-0,00000391","1,78652249760908","405,570627909849","89458,7397643477"
"88905,7397643477",1,"13345935034,8065","1015074,35142309","187664,816018001","10249,5220072223","5,58966466242418",0,0,"150,087217662474","-136,302249560406","131,87810061938","13345934486,7596","15,9720611572266","26,0801078328066","-0,00000391","1,78652249760908","405,570627909849","89459,7397643477"
"88906,7397643477",1,"13345935156,5998","1014899,56585569","187664,817882044","10249,5219319887","5,58966466242418",0,0,"150,087242760712","-136,302216952071","131,878084565978","13345934608,5466","15,9720916748047","26,0801078328066","-0,00000391","1,78652249760908","405,570627909849","89460,7397643477"
"88907,7397643477",1,"13345935278,3945","1014724,7869814","187664,819746107","10249,5218567542","5,58966466242418",0,0,"150,087267414928","-136,302184590646","131,878068053911","13345934730,3351","15,9721221923828","26,0801078328066","-0,00000391","1,78652249760908","405,570627909849","89461,7397643477"
"88908,7397643477",1,"13345935400,1906","1014550,00489778","187664,821610192","10249,5217815189","5,58966466242418",0,0,"150,087292661176","-136,302151982312","131,878052000517","13345934852,1249","15,9721527099609","26,0801078328066","-0,00000391","1,78652249760908","405,570627909849","89462,7397643477"
"88909,7397643477",1,"13345935521,988","1014375,21932163","187664,823474298","10249,5217062828","5,58966466242418",0,0,"150,087317611406","-136,302119609912","131,878036405795","13345934973,9161","15,9721832275391","26,0801078328066","-0,00000391","1,78652249760908","405,570627909849","89463,7397643477"
"88910,7397643477",1,"13345935643,7869","1014200,4372314","187664,825338426","10249,5216310458","5,58966466242418",0,0,"150,087342517045","-136,302086765644","131,878020352409","13345935095,7087","15,9722137451172","26,0801078328066","-0,00000391","1,78652249760908","405,570627909849","89464,7397643477"
"88911,7397643477",1,"13345935765,5871","1014025,6551392","187664,827202575","10249,5215558079","5,58966466242418",0,0,"150,087367592987","-136,30205415731","131,878003840359","13345935217,5027","15,9722442626953","26,0801078328066","-0,00000391","1,78652249760908","405,570627909849","89465,7397643477"
"88912,7397643477",1,"13345935887,3888","1013850,87624989","187664,829066744","10249,5214805692","5,58966466242418",0,0,"150,087392691224","-136,302021548977","131,877987786981","13345935339,2981","15,9722747802734","26,0801078328066","-0,00000391","1,78652249760908","405,570627909849","89466,7397643477"
"88913,7397643477",1,"13345936009,1918","1013676,09066187","187664,830930936","10249,5214053296","5,58966466242418",0,0,"150,087417789463","-136,301989176575","131,877971733608","13345935461,0949","15,9723052978516","26,0801078328066","-0,00000391","1,78652249760908","405,570627909849","89467,7397643477"
"88914,7397643477",1,"13345936130,9962","1013501,30856011","187664,832795148","10249,5213300891","5,58966466242418",0,0,"150,087442865406","-136,301956321332","131,877955680238","13345935582,893","15,9723358154297","26,0801078328066","-0,00000391","1,78652249760908","405,570627909849","89468,7397643477"
"88915,7397643477",1,"13345936252,802","1013326,52645514","187664,834659381","10249,5212548478","5,58966466242418",0,0,"150,087468133948","-136,301923712999","131,877939168204","13345935704,6926","15,9723663330078","26,0801078328066","-0,00000391","1,78652249760908","405,570627909849","89469,7397643477"
"88916,7397643477",1,"13345936374,6092","1013151,74085774","187664,836523636","10249,5211796057","5,58966466242418",0,0,"150,087493061882","-136,301891104664","131,877923114842","13345935826,4935","15,9723968505859","26,0801078328066","-0,00000391","1,78652249760908","405,570627909849","89470,7397643477"
"88917,7397643477",1,"13345936496,4177","1012976,96195365","187664,838387912","10249,5211043627","5,58966466242418",0,0,"150,087518137826","-136,301858496329","131,877907061485","13345935948,2958","15,9724273681641","26,0801078328066","-0,00000391","1,78652249760908","405,570627909849","89471,7397643477"
"88918,7397643477",1,"13345936618,2277","1012802,17983994","187664,84025221","10249,5210291188","5,58966466242418",0,0,"150,087542940048","-136,301825887995","131,877891008131","13345936070,0995","15,9724578857422","26,0801078328066","-0,00000391","1,78652249760908","405,570627909849","89472,7397643477"
"88919,7397643477",1,"13345936740,039","1012627,39423421","187664,842116528","10249,5209538741","5,58966466242418",0,0,"150,087568163999","-136,301793279662","131,877874496114","13345936191,9046","15,9724884033203","26,0801078328066","-0,00000391","1,78652249760908","405,570627909849","89473,7397643477"
"88920,7397643477",1,"13345936861,8518","1012452,61211436","187664,843980868","10249,5208786285","5,58966466242418",0,0,"150,087593284532","-136,301760671326","131,877858442768","13345936313,7111","15,9725189208984","26,0801078328066","-0,00000391","1,78652249760908","405,570627909849","89474,7397643477"
"88921,7397643477",1,"13345936983,6659","1012277,82999101","187664,845845229","10249,5208033821","5,58966466242418",0,0,"150,087618064458","-136,301728309899","131,877842389427","13345936435,519","15,9725494384766","26,0801078328066","-0,00000391","1,78652249760908","405,570627909849","89475,7397643477"
"88922,7397643477",1,"13345937105,4814","1012103,04758348","187664,847709611","10249,5207281348","5,58966466242418",0,0,"150,087642992393","-136,301695701565","131,87782633609","13345936557,3283","15,9725799560547","26,0801078328066","-0,00000391","1,78652249760908","405,570627909849","89476,7397643477"
"88923,7397643477",1,"13345937227,2983","1011928,26545447","187664,849574015","10249,5206528866","5,58966466242418",0,0,"150,087667920329","-136,301662846324","131,877810741423","13345936679,1389","15,9726104736328","26,0801078328066","-0,00000391","1,78652249760908","405,570627909849","89477,7397643477"
"88924,7397643477",1,"13345937349,1166","1011753,48332223","187664,85143844","10249,5205776376","5,58966466242418",0,0,"150,08769304086","-136,301630473926","131,877794688093","13345936800,951","15,9726409912109","26,0801078328066","-0,00000391","1,78652249760908","405,570627909849","89478,7397643477"
"88925,7397643477",1,"13345937470,9362","1011578,6976987","187664,853302886","10249,5205023877","5,58966466242418",0,0,"150,087717991088","-136,301597876563","131,877778634768","13345936922,7644","15,9726715087891","26,0801078328066","-0,00000391","1,78652249760908","405,570627909849","89479,7397643477"
"88926,7397643477",1,"13345937592,7573","1011403,91556102","187664,855167353","10249,520427137","5,58966466242418",0,0,"150,087743089325","-136,301565268228","131,877762581446","13345937044,5792","15,9727020263672","26,0801078328066","-0,00000391","1,78652249760908","405,570627909849","89480,7397643477"
"88927,7397643477",1,"13345937714,5797","1011229,13662608","187664,857031841","10249,5203518855","5,58966466242418",0,0,"150,087768039554","-136,301532648923","131,877746528129","13345937166,3954","15,9727325439453","26,0801078328066","-0,00000391","1,78652249760908","405,570627909849","89481,7397643477"
"88928,7397643477",1,"13345937836,4036","1011054,35099376","187664,858896351","10249,520276633","5,58966466242418",0,0,"150,087792989782","-136,301500040589","131,87773001615","13345937288,213","15,9727630615234","26,0801078328066","-0,00000391","1,78652249760908","405,570627909849","89482,7397643477"
"88929,7397643477",1,"13345937958,2288","1010879,56884686","187664,860760882","10249,5202013797","5,58966466242418",0,0,"150,08781776971","-136,301467432255","131,877713962841","13345937410,032","15,9727935791016","26,0801078328066","-0,00000391","1,78652249760908","405,570627909849","89483,7397643477"
"88930,7397643477",1,"13345938080,0554","1010704,78669651","187664,862625434","10249,5201261256","5,58966466242418",0,0,"150,087842867946","-136,301435059857","131,877697909536","13345937531,8523","15,9728240966797","26,0801078328066","-0,00000391","1,78652249760908","405,570627909849","89484,7397643477"
"88931,7397643477",1,"13345938201,8834","1010530,00105568","187664,864490008","10249,5200508706","5,58966466242418",0,0,"150,087868114192","-136,301402204616","131,877681856235","13345937653,6741","15,9728546142578","26,0801078328066","-0,00000391","1,78652249760908","405,570627909849","89485,7397643477"
"88932,7397643477",1,"13345938323,7128","1010355,22210592","187664,866354602","10249,5199756147","5,58966466242418",0,0,"150,087893360437","-136,301369843188","131,877665344273","13345937775,4972","15,9728851318359","26,0801078328066","-0,00000391","1,78652249760908","405,570627909849","89486,7397643477"
"88933,7397643477",1,"13345938445,5436","1010180,43994728","187664,868219218","10249,519900358","5,58966466242418",0,0,"150,087918310666","-136,301337234854","131,877648832314","13345937897,3217","15,9729156494141","26,0801078328066","-0,00000391","1,78652249760908","405,570627909849","89487,7397643477"
"88934,7397643477",1,"13345938567,3757","1010005,65429739","187664,870083855","10249,5198251004","5,58966466242418",0,0,"150,087943238601","-136,301304626521","131,877632779024","13345938019,1477","15,9729461669922","26,0801078328066","-0,00000391","1,78652249760908","405,570627909849","89488,7397643477"
"88935,7397643477",1,"13345938689,2093","1009830,87213247","187664,871948514","10249,519749842","5,58966466242418",0,0,"150,087967996236","-136,301272018185","131,87761672574","13345938140,975","15,9729766845703","26,0801078328066","-0,00000391","1,78652249760908","405,570627909849","89489,7397643477"
"88936,7397643477",1,"13345938811,0442","1009656,08996462","187664,873813193","10249,5196745827","5,58966466242418",0,0,"150,087992924172","-136,30123940985","131,877600213794","13345938262,8037","15,9730072021484","26,0801078328066","-0,00000392","1,78652249760908","405,570627909849","89490,7397643477"
"88937,7397643477",1,"13345938932,8805","1009481,30751137","187664,875677894","10249,5195993226","5,58966466242418",0,0,"150,088018022409","-136,301206801517","131,877584160517","13345938384,6337","15,9730346679688","26,0801078328066","-0,00000392","1,78652249760908","405,570627909849","89491,7397643477"
"88938,7397643477",1,"13345939054,7183","1009306,52533767","187664,877542616","10249,5195240616","5,58966466242418",0,0,"150,088043268653","-136,301174193182","131,87756856591","13345938506,4652","15,9730621337891","26,0801078328066","-0,00000392","1,78652249760908","405,570627909849","89492,7397643477"
"88939,7397643477",1,"13345939176,5574","1009131,74316051","187664,879407359","10249,5194487997","5,58966466242418",0,0,"150,0880683446","-136,301141584848","131,877552512641","13345938628,2981","15,9730895996094","26,0801078328066","-0,00000392","1,78652249760908","405,570627909849","89493,7397643477"
"88940,7397643477",1,"13345939298,3978","1008956,9574927","187664,881272124","10249,519373537","5,58966466242418",0,0,"150,088093124526","-136,301108976514","131,877536000712","13345938750,1323","15,9731170654297","26,0801078328066","-0,00000392","1,78652249760908","405,570627909849","89494,7397643477"
"88941,7397643477",1,"13345939420,2397","1008782,17530959","187664,88313691","10249,5192982735","5,58966466242418",0,0,"150,088118052463","-136,301076604118","131,877519947451","13345938871,9679","15,9731475830078","26,0801078328066","-0,00000392","1,78652249760908","405,570627909849","89495,7397643477"
"88942,7397643477",1,"13345939542,083","1008607,39632983","187664,885001717","10249,519223009","5,58966466242418",0,0,"150,088142832391","-136,30104374888","131,877503894195","13345938993,8049","15,9731781005859","26,0801078328066","-0,00000392","1,78652249760908","405,570627909849","89496,7397643477"
"88943,7397643477",1,"13345939663,9276","1008432,61065394","187664,886866545","10249,5191477438","5,58966466242418",0,0,"150,088167782618","-136,301011387449","131,877487840943","13345939115,6434","15,9732055664063","26,0801078328066","-0,00000392","1,78652249760908","405,570627909849","89497,7397643477"
"88944,7397643477",1,"13345939785,7737","1008257,82846149","187664,888731395","10249,5190724776","5,58966466242418",0,0,"150,088192858564","-136,300978779116","131,87747132903","13345939237,4831","15,9732330322266","26,0801078328066","-0,00000392","1,78652249760908","405,570627909849","89498,7397643477"
"88945,7397643477",1,"13345939907,6211","1008083,04626662","187664,890596265","10249,5189972106","5,58966466242418",0,0,"150,0882179568","-136,300946406719","131,877455275786","13345939359,3243","15,9732604980469","26,0801078328066","-0,00000392","1,78652249760908","405,570627909849","89499,7397643477"
"88946,7397643477",1,"13345940029,4699","1007908,26406876","187664,892461157","10249,5189219428","5,58966466242418",0,0,"150,088243032747","-136,300913798384","131,877439222546","13345939481,1669","15,9732879638672","26,0801078328066","-0,00000392","1,78652249760908","405,570627909849","89500,7397643477"
"88947,7397643477",1,"13345940151,3201","1007733,48158604","187664,894326071","10249,5188466741","5,58966466242418",0,0,"150,088268130982","-136,300881436954","131,87742316931","13345939603,0109","15,9733184814453","26,0801078328066","-0,00000392","1,78652249760908","405,570627909849","89501,7397643477"
"88948,7397643477",1,"13345940273,1717","1007558,6993817","187664,896191005","10249,5187714045","5,58966466242418",0,0,"150,08829288862","-136,300848828619","131,877407116077","13345939724,8562","15,9733489990234","26,0801078328066","-0,00000392","1,78652249760908","405,570627909849","89502,7397643477"
"88949,7397643477",1,"13345940395,0247","1007383,91717512","187664,898055961","10249,5186961341","5,58966466242418",0,0,"150,088317838848","-136,300816220285","131,877391062849","13345939846,7029","15,9733795166016","26,0801078328066","-0,00000392","1,78652249760908","405,570627909849","89503,7397643477"
"88950,7397643477",1,"13345940516,879","1007209,13147769","187664,899920938","10249,5186208628","5,58966466242418",0,0,"150,088342914794","-136,300783858854","131,877375009625","13345939968,5511","15,9734100341797","26,0801078328066","-0,00000392","1,78652249760908","405,570627909849","89504,7397643477"
"88951,7397643477",1,"13345940638,7348","1007034,34926513","187664,901785936","10249,5185455907","5,58966466242418",0,0,"150,08836801303","-136,30075125052","131,877358956405","13345940090,4006","15,9734375","26,0801078328066","-0,00000392","1,78652249760908","405,570627909849","89505,7397643477"
"88952,7397643477",1,"13345940760,5919","1006859,57025479","187664,903650955","10249,5184703177","5,58966466242418",0,0,"150,088392963256","-136,300718889089","131,877343361852","13345940212,2515","15,9734649658203","26,0801078328066","-0,00000392","1,78652249760908","405,570627909849","89506,7397643477"
"88953,7397643477",1,"13345940882,4505","1006684,78454823","187664,905515996","10249,5183950439","5,58966466242418",0,0,"150,088418039202","-136,300686280753","131,877326849977","13345940334,1037","15,9734954833984","26,0801078328066","-0,00000392","1,78652249760908","405,570627909849","89507,7397643477"
"88954,7397643477",1,"13345941004,3104","1006510,00232695","187664,907381058","10249,5183197692","5,58966466242418",0,0,"150,088442967141","-136,30065367242","131,87731079677","13345940455,9574","15,9735260009766","26,0801078328066","-0,00000392","1,78652249760908","405,570627909849","89508,7397643477"
"88955,7397643477",1,"13345941126,1717","1006335,22010218","187664,909246141","10249,5182444936","5,58966466242418",0,0,"150,088467895078","-136,300621064085","131,877294743565","13345940577,8125","15,9735565185547","26,0801078328066","-0,00000392","1,78652249760908","405,570627909849","89509,7397643477"
"88956,7397643477",1,"13345941248,0344","1006160,4343875","187664,911111246","10249,5181692172","5,58966466242418",0,0,"150,088492845305","-136,30058869169","131,877278690366","13345940699,6689","15,9735870361328","26,0801078328066","-0,00000392","1,78652249760908","405,570627909849","89510,7397643477"
"88957,7397643477",1,"13345941369,8985","1005985,65536195","187664,912976371","10249,5180939399","5,58966466242418",0,0,"150,088517750954","-136,300556094316","131,877262178508","13345940821,5268","15,9736175537109","26,0801078328066","-0,00000392","1,78652249760908","405,570627909849","89511,7397643477"
"88958,7397643477",1,"13345941491,7639","1005810,87312765","187664,914841518","10249,5180186618","5,58966466242418",0,0,"150,088542871478","-136,300523721923","131,877245666653","13345940943,386","15,9736480712891","26,0801078328066","-0,00000392","1,78652249760908","405,570627909849","89512,7397643477"
"88959,7397643477",1,"13345941613,6308","1005636,08740424","187664,916706686","10249,5179433828","5,58966466242418",0,0,"150,088567947426","-136,300491113588","131,877229613465","13345941065,2466","15,9736785888672","26,0801078328066","-0,00000392","1,78652249760908","405,570627909849","89513,7397643477"
"88960,7397643477",1,"13345941735,499","1005461,30516411","187664,918571876","10249,517868103","5,58966466242418",0,0,"150,088593045662","-136,300458258351","131,877213560282","13345941187,1086","15,9737091064453","26,0801078328066","-0,00000392","1,78652249760908","405,570627909849","89514,7397643477"
"88961,7397643477",1,"13345941857,3687","1005286,52612659","187664,920437086","10249,5177928223","5,58966466242418",0,0,"150,088617995886","-136,300425660977","131,87719704844","13345941308,972","15,9737396240234","26,0801078328066","-0,00000392","1,78652249760908","405,570627909849","89515,7397643477"
"88962,7397643477",1,"13345941979,2397","1005111,74039389","187664,922302318","10249,5177175407","5,58966466242418",0,0,"150,088643049547","-136,300393052642","131,877180536602","13345941430,8368","15,9737701416016","26,0801078328066","-0,00000392","1,78652249760908","405,570627909849","89516,7397643477"
"88963,7397643477",1,"13345942101,1121","1004936,95814514","187664,924167571","10249,5176422583","5,58966466242418",0,0,"150,088667851762","-136,300360680248","131,877164942093","13345941552,7029","15,9738006591797","26,0801078328066","-0,00000392","1,78652249760908","405,570627909849","89517,7397643477"
"88964,7397643477",1,"13345942222,9859","1004762,1758933","187664,926032845","10249,5175669751","5,58966466242418",0,0,"150,088692949998","-136,300328318815","131,877148888926","13345941674,5705","15,9738311767578","26,0801078328066","-0,00000392","1,78652249760908","405,570627909849","89518,7397643477"
"88965,7397643477",1,"13345942344,8611","1004587,39015238","187664,927898141","10249,5174916909","5,58966466242418",0,0,"150,088718048233","-136,30029571048","131,877132377101","13345941796,4394","15,9738616943359","26,0801078328066","-0,00000392","1,78652249760908","405,570627909849","89519,7397643477"
"88966,7397643477",1,"13345942466,7376","1004412,61110007","187664,929763458","10249,517416406","5,58966466242418",0,0,"150,088743146468","-136,300263102146","131,877116323942","13345941918,3097","15,9738922119141","26,0801078328066","-0,00000392","1,78652249760908","405,570627909849","89520,7397643477"
"88967,7397643477",1,"13345942588,6156","1004237,82883875","187664,931628796","10249,5173411201","5,58966466242418",0,0,"150,088768096693","-136,30023048285","131,877100270787","13345942040,1814","15,9739227294922","26,0801078328066","-0,00000392","1,78652249760908","405,570627909849","89521,7397643477"
"88968,7397643477",1,"13345942710,4949","1004063,04308891","187664,933494155","10249,5172658334","5,58966466242418",0,0,"150,088793172641","-136,300197885474","131,877084217636","13345942162,0545","15,9739532470703","26,0801078328066","-0,00000392","1,78652249760908","405,570627909849","89522,7397643477"
"88969,7397643477",1,"13345942832,3757","1003888,26082186","187664,935359535","10249,5171905459","5,58966466242418",0,0,"150,088818293162","-136,30016527714","131,877068164489","13345942283,929","15,9739837646484","26,0801078328066","-0,00000392","1,78652249760908","405,570627909849","89523,7397643477"
"88970,7397643477",1,"13345942954,2578","1003713,47855218","187664,937224937","10249,5171152575","5,58966466242418",0,0,"150,088843369111","-136,300132915705","131,877052111346","13345942405,8049","15,9740142822266","26,0801078328066","-0,00000392","1,78652249760908","405,570627909849","89524,7397643477"
"88971,7397643477",1,"13345943076,1413","1003538,69599813","187664,93909036","10249,5170399682","5,58966466242418",0,0,"150,08886844506","-136,300100543312","131,877036058207","13345942527,6822","15,9740447998047","26,0801078328066","-0,00000392","1,78652249760908","405,570627909849","89525,7397643477"
"88972,7397643477",1,"13345943198,0262","1003363,91372221","187664,940955804","10249,5169646781","5,58966466242418",0,0,"150,088893395285","-136,300067934976","131,877020005072","13345942649,5608","15,9740753173828","26,0801078328066","-0,00000392","1,78652249760908","405,570627909849","89526,7397643477"
"88973,7397643477",1,"13345943319,9125","1003189,1314435","187664,94282127","10249,5168893871","5,58966466242418",0,0,"150,088918471234","-136,300035326642","131,877003951941","13345942771,4409","15,9741058349609","26,0801078328066","-0,00000392","1,78652249760908","405,570627909849","89527,7397643477"
"88974,7397643477",1,"13345943441,8002","1003014,34567592","187664,944686756","10249,5168140953","5,58966466242418",0,0,"150,088943273447","-136,300002471407","131,876987898814","13345942893,3223","15,9741363525391","26,0801078328066","-0,00000392","1,78652249760908","405,570627909849","89528,7397643477"
"88975,7397643477",1,"13345943563,6892","1002839,56339121","187664,946552264","10249,5167388026","5,58966466242418",0,0,"150,088968201386","-136,299969863072","131,876971845692","13345943015,2051","15,9741668701172","26,0801078328066","-0,00000392","1,78652249760908","405,570627909849","89529,7397643477"
"88976,7397643477",1,"13345943685,5797","1002664,78430832","187664,948417793","10249,5166635091","5,58966466242418",0,0,"150,088993151609","-136,299937254737","131,876955792573","13345943137,0893","15,9741973876953","26,0801078328066","-0,00000392","1,78652249760908","405,570627909849","89530,7397643477"
"88977,7397643477",1,"13345943807,4715","1002489,99853184","187664,950283344","10249,5165882147","5,58966466242418",0,0,"150,08901822756","-136,299904893302","131,876940198119","13345943258,9749","15,9742279052734","26,0801078328066","-0,00000392","1,78652249760908","405,570627909849","89531,7397643477"
"88978,7397643477",1,"13345943929,3647","1002315,21623828","187664,952148915","10249,5165129194","5,58966466242418",0,0,"150,089043155499","-136,29987227401","131,876924145008","13345943380,8619","15,9742584228516","26,0801078328066","-0,00000392","1,78652249760908","405,570627909849","89532,7397643477"
"88979,7397643477",1,"13345944051,2594","1002140,43394173","187664,954014508","10249,5164376233","5,58966466242418",0,0,"150,089068105721","-136,299839912574","131,876907633241","13345943502,7502","15,9742889404297","26,0801078328066","-0,00000392","1,78652249760908","405,570627909849","89533,7397643477"
"88980,7397643477",1,"13345944173,1554","1001965,64815637","187664,955880122","10249,5163623263","5,58966466242418",0,0,"150,089092907935","-136,299807540182","131,876891580138","13345943624,64","15,9743194580078","26,0801078328066","-0,00000392","1,78652249760908","405,570627909849","89534,7397643477"
"88981,7397643477",1,"13345944295,0527","1001790,86905803","187664,957745758","10249,5162870285","5,58966466242418",0,0,"150,089117687864","-136,299774684949","131,87687552704","13345943746,5311","15,9743499755859","26,0801078328066","-0,00000392","1,78652249760908","405,570627909849","89535,7397643477"
"88982,7397643477",1,"13345944416,9515","1001616,08675248","187664,959611414","10249,5162117298","5,58966466242418",0,0,"150,089142808381","-136,299742076613","131,876859015286","13345943868,4237","15,9743804931641","26,0801078328066","-0,00000392","1,78652249760908","405,570627909849","89536,7397643477"
"88983,7397643477",1,"13345944538,8517","1001441,30444365","187664,961477092","10249,5161364303","5,58966466242418",0,0,"150,089168054625","-136,299709468278","131,876842503536","13345943990,3176","15,9744110107422","26,0801078328066","-0,00000392","1,78652249760908","405,570627909849","89537,7397643477"
"88984,7397643477",1,"13345944660,7532","1001266,51864681","187664,963342791","10249,5160611299","5,58966466242418",0,0,"150,089193278586","-136,299677342787","131,876826450449","13345944112,2129","15,9744415283203","26,0801078328066","-0,00000392","1,78652249760908","405,570627909849","89538,7397643477"
"88985,7397643477",1,"13345944782,6562","1001091,73633175","187664,965208512","10249,5159858286","5,58966466242418",0,0,"150,08921837682","-136,299644970397","131,876810397368","13345944234,1096","15,9744720458984","26,0801078328066","-0,00000392","1,78652249760908","405,570627909849","89539,7397643477"
"88986,7397643477",1,"13345944904,5605","1000916,95721868","187664,967074253","10249,5159105265","5,58966466242418",0,0,"150,089243452769","-136,29961260896","131,87679388563","13345944356,0077","15,9745025634766","26,0801078328066","-0,00000392","1,78652249760908","405,570627909849","89540,7397643477"
"88987,7397643477",1,"13345945026,4662","1000742,17141341","187664,968940016","10249,5158352236","5,58966466242418",0,0,"150,089268402993","-136,299579753726","131,876777373897","13345944477,9071","15,9745330810547","26,0801078328066","-0,00000392","1,78652249760908","405,570627909849","89541,7397643477"
"88988,7397643477",1,"13345945148,3733","1000567,38908992","187664,9708058","10249,5157599198","5,58966466242418",0,0,"150,089293501227","-136,299547392289","131,876761320826","13345944599,808","15,9745635986328","26,0801078328066","-0,00000392","1,78652249760908","405,570627909849","89542,7397643477"
"88989,7397643477",1,"13345945270,2818","1000392,60676346","187664,972671605","10249,5156846151","5,58966466242418",0,0,"150,089318406883","-136,299514537056","131,87674526776","13345944721,7102","15,9745941162109","26,0801078328066","-0,00000392","1,78652249760908","405,570627909849","89543,7397643477"
"88990,7397643477",1,"13345945392,1917","1000217,8209484","187664,974537432","10249,5156093095","5,58966466242418",0,0,"150,089343482834","-136,299481928721","131,87672875604","13345944843,6139","15,9746215820313","26,0801078328066","-0,00000392","1,78652249760908","405,570627909849","89544,7397643477"
"88991,7397643477",1,"13345945514,1029","1000043,04182018","187664,976403279","10249,5155340032","5,58966466242418",0,0,"150,089368558786","-136,299449320387","131,876712702982","13345944965,5189","15,9746490478516","26,0801078328066","-0,00000392","1,78652249760908","405,570627909849","89545,7397643477"
"88992,7397643477",1,"13345945636,0156","999868,259484857","187664,978269148","10249,5154586959","5,58966466242418",0,0,"150,089393634736","-136,299416712051","131,876697108587","13345945087,4253","15,9746765136719","26,0801078328066","-0,00000392","1,78652249760908","405,570627909849","89546,7397643477"
"88993,7397643477",1,"13345945757,9296","999693,473661022","187664,980135039","10249,5153833878","5,58966466242418",0,0,"150,089418562676","-136,299384103716","131,876681055537","13345945209,3331","15,9747039794922","26,0801078328066","-0,00000392","1,78652249760908","405,570627909849","89547,7397643477"
"88994,7397643477",1,"13345945879,8451","999518,691319937","187664,98200095","10249,5153080788","5,58966466242418",0,0,"150,089443512899","-136,299351259436","131,876665002491","13345945331,2423","15,9747344970703","26,0801078328066","-0,00000392","1,78652249760908","405,570627909849","89548,7397643477"
"88995,7397643477",1,"13345946001,7619","999343,908974952","187664,983866883","10249,515232769","5,58966466242418",0,0,"150,089468440839","-136,299318651101","131,876648949449","13345945453,1529","15,9747650146484","26,0801078328066","-0,00000392","1,78652249760908","405,570627909849","89549,7397643477"
"88996,7397643477",1,"13345946123,6801","999169,126346732","187664,985732837","10249,5151574584","5,58966466242418",0,0,"150,08949336878","-136,299285795869","131,876632896412","13345945575,0648","15,9747924804688","26,0801078328066","-0,00000392","1,78652249760908","405,570627909849","89550,7397643477"
"88997,7397643477",1,"13345946245,5997","998994,343996976","187664,987598812","10249,5150821468","5,58966466242418",0,0,"150,089518319001","-136,29925342348","131,876616843379","13345945696,9782","15,9748199462891","26,0801078328066","-0,00000392","1,78652249760908","405,570627909849","89551,7397643477"
"88998,7397643477",1,"13345946367,5207","998819,561643676","187664,989464808","10249,5150068344","5,58966466242418",0,0,"150,089543417234","-136,299220568248","131,876600790349","13345945818,8929","15,9748474121094","26,0801078328066","-0,00000392","1,78652249760908","405,570627909849","89552,7397643477"
"88999,7397643477",1,"13345946489,443","998644,77580248","187664,991330826","10249,5149315212","5,58966466242418",0,0,"150,089568515467","-136,299188442757","131,876584737323","13345945940,809","15,9748748779297","26,0801078328066","-0,00000392","1,78652249760908","405,570627909849","89553,7397643477"
"89000,7397643477",1,"13345946611,3668","998469,993443126","187664,993196865","10249,5148562071","5,58966466242418",0,0,"150,089593465688","-136,299155598474","131,876568684302","13345946062,7265","15,9749084472656","26,0801078328066","-0,00000392","1,78652249760908","405,570627909849","89554,7397643477"
"89001,7397643477",1,"13345946733,2919","998295,214284489","187664,995062925","10249,5147808921","5,58966466242418",0,0,"150,089618267899","-136,299123237036","131,876552631285","13345946184,6454","15,9749389648438","26,0801078328066","-0,00000392","1,78652249760908","405,570627909849","89555,7397643477"
"89002,7397643477",1,"13345946855,2185","998120,428434625","187664,996929006","10249,5147055763","5,58966466242418",0,0,"150,08964319584","-136,2990906287","131,876536578271","13345946306,5657","15,9749694824219","26,0801078328066","-0,00000392","1,78652249760908","405,570627909849","89556,7397643477"
"89003,7397643477",1,"13345946977,1464","997945,646066693","187664,998795109","10249,5146302597","5,58966466242418",0,0,"150,089668123782","-136,299058020365","131,876520525261","13345946428,4874","15,9750030517578","26,0801078328066","-0,00000392","1,78652249760908","405,570627909849","89557,7397643477"
"89004,7397643477",1,"13345947099,0757","997770,863694886","187665,000661233","10249,5145549421","5,58966466242418",0,0,"150,089693051723","-136,299025647977","131,876504013599","13345946550,4105","15,9750305175781","26,0801078328066","-0,00000392","1,78652249760908","405,570627909849","89558,7397643477"
"89005,7397643477",1,"13345947221,0064","997596,077836192","187665,002527378","10249,5144796238","5,58966466242418",0,0,"150,089718297967","-136,298993039642","131,876487960598","13345946672,3349","15,9750579833984","26,0801078328066","-0,00000392","1,78652249760908","405,570627909849","89559,7397643477"
"89006,7397643477",1,"13345947342,9385","997421,298662776","187665,004393544","10249,5144043045","5,58966466242418",0,0,"150,08974337392","-136,298960431307","131,876472366257","13345946794,2608","15,9750915527344","26,0801078328066","-0,00000392","1,78652249760908","405,570627909849","89560,7397643477"
"89007,7397643477",1,"13345947464,8719","997246,516282864","187665,006259732","10249,5143289844","5,58966466242418",0,0,"150,089768449873","-136,298928069868","131,876456313264","13345946916,188","15,9751220703125","26,0801078328066","-0,00000392","1,78652249760908","405,570627909849","89561,7397643477"
"89008,7397643477",1,"13345947586,8068","997071,730415619","187665,00812594","10249,5142536635","5,58966466242418",0,0,"150,089793525825","-136,298895697482","131,876439801618","13345947038,1166","15,9751525878906","26,0801078328066","-0,00000392","1,78652249760908","405,570627909849","89562,7397643477"
"89009,7397643477",1,"13345947708,743","996896,948029325","187665,00999217","10249,5141783417","5,58966466242418",0,0,"150,089818453767","-136,298862853199","131,876423748633","13345947160,0466","15,9751831054688","26,0801078328066","-0,00000392","1,78652249760908","405,570627909849","89563,7397643477"
"89010,7397643477",1,"13345947830,6807","996722,165640542","187665,011858422","10249,514103019","5,58966466242418",0,0,"150,08984370001","-136,298830480811","131,876407695652","13345947281,978","15,9752105712891","26,0801078328066","-0,00000392","1,78652249760908","405,570627909849","89564,7397643477"
"89011,7397643477",1,"13345947952,6197","996547,382967465","187665,013724694","10249,5140276955","5,58966466242418",0,0,"150,089869094266","-136,298797872475","131,876391184019","13345947403,9108","15,9752410888672","26,0801078328066","-0,00000392","1,78652249760908","405,570627909849","89565,7397643477"
"89012,7397643477",1,"13345948074,5601","996372,600572565","187665,015590988","10249,5139523711","5,58966466242418",0,0,"150,089894022208","-136,298765500088","131,87637467239","13345947525,8449","15,9752716064453","26,0801078328066","-0,00000392","1,78652249760908","405,570627909849","89566,7397643477"
"89013,7397643477",1,"13345948196,5019","996197,818174319","187665,017457303","10249,5138770459","5,58966466242418",0,0,"150,089918972429","-136,298732891752","131,876358619421","13345947647,7805","15,9752990722656","26,0801078328066","-0,00000392","1,78652249760908","405,570627909849","89567,7397643477"
"89014,7397643477",1,"13345948318,4451","996023,032289219","187665,019323639","10249,5138017198","5,58966466242418",0,0,"150,089944070661","-136,298700294363","131,876342566456","13345947769,7174","15,9753295898437","26,0801078328066","-0,00000392","1,78652249760908","405,570627909849","89568,7397643477"
"89015,7397643477",1,"13345948440,3897","995848,249885324","187665,021189996","10249,5137263929","5,58966466242418",0,0,"150,089968872869","-136,298667686028","131,87632605484","13345947891,6557","15,9753601074219","26,0801078328066","-0,00000392","1,78652249760908","405,570627909849","89569,7397643477"
"89016,7397643477",1,"13345948562,3356","995673,470681691","187665,023056375","10249,5136510651","5,58966466242418",0,0,"150,08999382309","-136,298635313643","131,876309543227","13345948013,5955","15,9753875732422","26,0801078328066","-0,00000392","1,78652249760908","405,570627909849","89570,7397643477"
"89017,7397643477",1,"13345948684,283","995498,684787981","187665,024922775","10249,5135757364","5,58966466242418",0,0,"150,09001909161","-136,298602705307","131,876293490274","13345948135,5366","15,9754180908203","26,0801078328066","-0,00000392","1,78652249760908","405,570627909849","89571,7397643477"
"89018,7397643477",1,"13345948806,2317","995323,902374784","187665,026789196","10249,5135004069","5,58966466242418",0,0,"150,09004404183","-136,298570096974","131,876277437326","13345948257,479","15,9754486083984","26,0801078328066","-0,00000392","1,78652249760908","405,570627909849","89572,7397643477"
"89019,7397643477",1,"13345948928,1818","995149,119959613","187665,028655639","10249,5134250765","5,58966466242418",0,0,"150,090069117785","-136,298537724587","131,876261384381","13345948379,4229","15,9754791259766","26,0801078328066","-0,00000392","1,78652249760908","405,570627909849","89573,7397643477"
"89020,7397643477",1,"13345949050,1333","994974,337540484","187665,030522102","10249,5133497453","5,58966466242418",0,0,"150,090093897715","-136,298505116252","131,876245331441","13345948501,3682","15,9755096435547","26,0801078328066","-0,00000392","1,78652249760908","405,570627909849","89574,7397643477"
"89021,7397643477",1,"13345949172,0862","994799,554838146","187665,032388587","10249,5132744132","5,58966466242418",0,0,"150,090118847934","-136,298472507916","131,87622973716","13345948623,3148","15,9755401611328","26,0801078328066","-0,00000392","1,78652249760908","405,570627909849","89575,7397643477"
"89022,7224779725",1,"13345949293,8297","994627,791553046","187665,034251867","10249,5131992105","5,58966466242418",0,0,"150,09014392389","-136,298439899581","131,876213684228","13345948745,2418","15,9755706787109","26,0801078328066","-0,00000392","1,78652249760908","405,570627909849","89576,7224779725"
"89023,6855724566",1,"13345949415,1244","994459,458702814","187665,036108278","10249,513124285","5,58966466242418",0,0,"150,090169022121","-136,298407527196","131,876197631299","13345948867,1041","15,9756011962891","26,0801078328066","-0,00000392","1,78652249760908","405,570627909849","89577,6855724566"
"89024,6291076131",1,"13345949535,7319","994294,54410979","187665,037954171","10249,513049784","5,58966466242418",0,0,"150,090193802051","-136,298375154809","131,876181578375","13345948988,8327","15,9756317138672","26,0801078328066","-0,00000392","1,78652249760908","405,570627909849","89578,6291076131"
"89025,5530236289",1,"13345949655,4128","994133,060858195","187665,039785883","10249,5129758554","5,58966466242418",0,0,"150,090218285956","-136,29834327621","131,87616598411","13345949110,3351","15,9756622314453","26,0801078328066","-0,00000392","1,78652249760908","405,570627909849","89579,5530236289"
"89026,4573205039",1,"13345949773,9277","993975,005756481","187665,04159975","10249,512902647","5,58966466242418",0,0,"150,090242599574","-136,298311633563","131,876150389848","13345949231,4943","15,9756927490234","26,0801078328066","-0,00000392","1,78652249760908","405,570627909849","89580,4573205039"
"89027,3420580514",1,"13345949891,0382","993820,36891145","187665,043392122","10249,5128303061","5,58966466242418",0,0,"150,090266572614","-136,298279990914","131,876134795589","13345949352,1698","15,9757232666016","26,0801078328066","-0,00000392","1,78652249760908","405,570627909849","89581,3420580514"
"89028,2071764581",1,"13345950006,5049","993669,159925119","187665,045159336","10249,5127589807","5,58966466242418",0,0,"150,090290123893","-136,298249078002","131,876119201335","13345949472,1971","15,9757507324219","26,0801078328066","-0,00000392","1,78652249760908","405,570627909849","89582,2071764581"
"89029,052675724",1,"13345950120,0884","993521,382853581","187665,046897728","10249,5126888185","5,58966466242418",0,0,"150,090313253413","-136,298218647933","131,876104065739","13345949591,3878","15,9757781982422","26,0801078328066","-0,00000392","1,78652249760908","405,570627909849","89583,052675724"
"89029,8786156662",1,"13345950231,5503","993377,02027508","187665,048603647","10249,5126199669","5,58966466242418",0,0,"150,090336190368","-136,298188936657","131,8760893888","13345949709,5295","15,9758056640625","26,0801078328066","-0,00000392","1,78652249760908","405,570627909849","89583,8786156662"
"89030,6849364676",1,"13345950340,651","993236,092522708","187665,05027343","10249,5125525738","5,58966466242418",0,0,"150,090358512997","-136,298160191067","131,876074711864","13345949826,3859","15,9758331298828","26,0801078328066","-0,00000392","1,78652249760908","405,570627909849","89584,6849364676"
"89031,4716381282",1,"13345950447,3621","993098,589717745","187665,05190664","10249,5124866568","5,58966466242418",0,0,"150,090380413866","-136,298131692371","131,87606095224","13345949941,7392","15,9758605957031","26,0801078328066","-0,00000392","1,78652249760908","405,570627909849","89585,4716381282"
"89032,2387804613",1,"13345950551,6843","992964,508374876","187665,053503287","10249,5124222154","5,58966466242418",0,0,"150,090401803871","-136,29810392341","131,876047192619","13345950055,3952","15,9758850097656","26,0801078328066","-0,00000392","1,78652249760908","405,570627909849","89586,2387804613"
"89032,9863036536",1,"13345950653,6167","992833,851688833","187665,055063359","10249,5123592503","5,58966466242418",0,0,"150,090422601826","-136,298076873243","131,876033891656","13345950167,1836","15,9759094238281","26,0801078328066","-0,00000392","1,78652249760908","405,570627909849","89586,9863036536"
"89033,7142077051",1,"13345950753,1593","992706,626637877","187665,056586855","10249,5122977614","5,58966466242418",0,0,"150,090443081479","-136,298050294978","131,876020590695","13345950276,9583","15,9759338378906","26,0801078328066","-0,00000392","1,78652249760908","405,570627909849","89587,7142077051"
"89034,4225524329",1,"13345950850,3128","992582,819564632","187665,058073786","10249,5122377483","5,58966466242418",0,0,"150,090462843347","-136,298024457391","131,87600774839","13345950384,5968","15,9759582519531","26,0801078328066","-0,00000392","1,78652249760908","405,570627909849","89588,4225524329"
"89035,1112780198",1,"13345950945,0763","992462,444115241","187665,059524138","10249,5121792115","5,58966466242418",0,0,"150,090482286914","-136,297999338597","131,875995364741","13345950490,0006","15,9759796142578","26,0801078328066","-0,00000392","1,78652249760908","405,570627909849","89589,1112780198"
"89035,7803844661",1,"13345951037,4498","992345,493334424","187665,060937911","10249,5121221511","5,58966466242418",0,0,"150,090501264168","-136,297974949538","131,875983439749","13345950593,0951","15,9760040283203","26,0801078328066","-0,00000392","1,78652249760908","405,570627909849","89589,7803844661"
"89036,4299315847",1,"13345951127,4339","992231,964296977","187665,062315115","10249,5120665665","5,58966466242418",0,0,"150,090519923123","-136,297951021443","131,875971514759","13345950693,8296","15,976025390625","26,0801078328066","-0,00000392","1,78652249760908","405,570627909849","89590,4299315847"
"89037,0598595627",1,"13345951215,028","992121,863119924","187665,063655739","10249,5120124584","5,58966466242418",0,0,"150,090537990026","-136,297927834023","131,875959589771","13345950792,1774","15,9760467529297","26,0801078328066","-0,00000392","1,78652249760908","405,570627909849","89591,0598595627"
"89037,6701683998",1,"13345951300,2318","992015,190375816","187665,064959781","10249,5119598268","5,58966466242418",0,0,"150,090555272318","-136,297904882555","131,875948123438","13345950888,1355","15,9760681152344","26,0801078328066","-0,00000392","1,78652249760908","405,570627909849","89591,6701683998"
"89038,2609179132",1,"13345951383,0461","991911,938814108","187665,066227251","10249,5119086712","5,58966466242418",0,0,"150,090572258584","-136,297882896773","131,875936657108","13345950981,7039","15,9760864257813","26,0801078328066","-0,00000392","1,78652249760908","405,570627909849","89592,2609179132"
"89038,8320482858",1,"13345951463,4701","991812,112190664","187665,067458137","10249,5118589921","5,58966466242418",0,0,"150,0905886528","-136,297861393834","131,875925649432","13345951072,8825","15,9761077880859","26,0801078328066","-0,00000392","1,78652249760908","405,570627909849","89592,8320482858"
"89039,3835595176",1,"13345951541,5038","991715,720406334","187665,06865244","10249,5118107896","5,58966466242418",0,0,"150,09060455843","-136,29784062063","131,875915559064","13345951161,6712","15,9761291503906","26,0801078328066","-0,00000392","1,78652249760908","405,570627909849","89593,3835595176"
"89039,9155114219",1,"13345951617,1477","991622,743400019","187665,069810168","10249,5117640632","5,58966466242418",0,0,"150,090620190306","-136,297820577161","131,875905927351","13345951248,07","15,9761474609375","26,0801078328066","-0,00000392","1,78652249760908","405,570627909849","89593,9155114219"
"89040,4278441854",1,"13345951690,4013","991533,194534986","187665,070931311","10249,5117188135","5,58966466242418",0,0,"150,090635333597","-136,297801005597","131,87589629564","13345951332,0789","15,9761657714844","26,0801078328066","-0,00000392","1,78652249760908","405,570627909849","89594,4278441854"
"89040,9205578081",1,"13345951761,2643","991447,08050911","187665,072015866","10249,5116750404","5,58966466242418",0,0,"150,090649884837","-136,297782399719","131,87588666393","13345951413,6977","15,9761840820312","26,0801078328066","-0,00000392","1,78652249760908","405,570627909849","89594,9205578081"
"89041,3936522901",1,"13345951829,7367","991364,391433203","187665,073063835","10249,511632744","5,58966466242418",0,0,"150,090663799478","-136,297763793842","131,875877490874","13345951492,9264","15,9761993408203","26,0801078328066","-0,00000392","1,78652249760908","405,570627909849","89595,3936522901"
"89041,8471874446",1,"13345951895,8186","991285,120619453","187665,074075215","10249,5115919243","5,58966466242418",0,0,"150,09067739582","-136,297746175528","131,875868776472","13345951569,7648","15,9762176513672","26,0801078328066","-0,00000392","1,78652249760908","405,570627909849","89595,8471874446"
"89042,281103462",1,"13345951959,5098","991209,277667718","187665,075050007","10249,5115525813","5,58966466242418",0,0,"150,09069040011","-136,297729029119","131,875860520724","13345951644,213","15,9762329101563","26,0801078328066","-0,00000392","1,78652249760908","405,570627909849","89596,281103462"
"89042,6954003386",1,"13345952020,8103","991136,866352156","187665,075988209","10249,5115147151","5,58966466242418",0,0,"150,090703256388","-136,297712612444","131,87585272363","13345951716,2709","15,9762481689453","26,0801078328066","-0,00000392","1,78652249760908","405,570627909849","89596,6954003386"
"89043,0901378877",1,"13345952079,72","991067,873298065","187665,076889821","10249,5114783257","5,58966466242418",0,0,"150,09071549834","-136,297696914565","131,875844926537","13345951785,9383","15,9762634277344","26,0801078328066","-0,00000392","1,78652249760908","405,570627909849","89597,0901378877"
"89043,4652562961",1,"13345952136,2391","991002,311589706","187665,077754842","10249,511443413","5,58966466242418",0,0,"150,090726977955","-136,297681935482","131,875837588097","13345951853,2151","15,9762756347656","26,0801078328066","-0,00000392","1,78652249760908","405,570627909849","89597,4652562961"
"89043,8207555637",1,"13345952190,3673","990940,174833198","187665,078583273","10249,5114099773","5,58966466242418",0,0,"150,090738309557","-136,297667428305","131,875830249658","13345951918,1015","15,9762878417969","26,0801078328066","-0,00000392","1,78652249760908","405,570627909849","89597,8207555637"
"89044,1566955037",1,"13345952242,1046","990881,456058372","187665,079375111","10249,5113780184","5,58966466242418",0,0,"150,090748856547","-136,2976536618","131,875823369871","13345951980,5972","15,9763000488281","26,0801078328066","-0,00000392","1,78652249760908","405,570627909849","89598,1566955037"
"89044,473016303",1,"13345952291,4511","990826,168629157","187665,080130357","10249,5113475363","5,58966466242418",0,0,"150,090758937225","-136,297640378138","131,875816948738","13345952040,7022","15,9763092041016","26,0801078328066","-0,00000392","1,78652249760908","405,570627909849","89598,473016303"
"89044,7697179616",1,"13345952338,4067","990774,309634424","187665,080849011","10249,5113185312","5,58966466242418",0,0,"150,090768425852","-136,29762782421","131,875810986258","13345952098,4164","15,9763214111328","26,0801078328066","-0,00000392","1,78652249760908","405,570627909849","89598,7697179616"
"89045,0468602963",1,"13345952382,972","990725,872104356","187665,081531082","10249,5112910025","5,58966466242418",0,0,"150,090777744193","-136,297615989078","131,875805023779","13345952153,7399","15,9763336181641","26,0801078328066","-0,00000392","1,78652249760908","405,570627909849","89599,0468602963"
"89045,3043834902",1,"13345952425,1464","990680,859234718","187665,082176559","10249,5112649508","5,58966466242418",0,0,"150,090786174456","-136,297604636789","131,8757990613","13345952206,6727","15,9763427734375","26,0801078328066","-0,00000392","1,78652249760908","405,570627909849","89599,3043834902"
"89045,5422875434",1,"13345952464,9298","990639,278003374","187665,082785443","10249,511240376","5,58966466242418",0,0,"150,09079428642","-136,297594003297","131,875794016127","13345952257,2147","15,9763549804688","26,0801078328066","-0,00000392","1,78652249760908","405,570627909849","89599,5422875434"
"89045,7606322691",1,"13345952502,3229","990601,114753702","187665,083357742","10249,5112172778","5,58966466242418",0,0,"150,090801636046","-136,297583852648","131,875788970953","13345952305,366","15,9763610839844","26,0801078328066","-0,00000392","1,78652249760908","405,570627909849","89599,7606322691"
"89046,1384642981",1,"13345952569,9359","990535,076180002","187665,084392557","10249,5111755123","5,58966466242418",0,0,"150,090815232389","-136,297565740552","131,875780256563","13345952394,4962","15,9763793945313","26,0801078328066","-0,00000392","1,78652249760908","405,570627909849","89600,1384642981"
"89046,437939398",1,"13345952627,9859","990482,736834949","187665,085281011","10249,5111396539","5,58966466242418",0,0,"150,09082668973","-136,29755005361","131,875772459479","13345952474,0632","15,9763916015625","26,0801078328066","-0,00000392","1,78652249760908","405,570627909849","89600,437939398"
"89046,658997748",1,"13345952676,4722","990444,096725389","187665,086023091","10249,5111097033","5,58966466242418",0,0,"150,09083677041","-136,297537016837","131,875765579699","13345952544,0671","15,9764007568359","26,0801078328066","-0,00000392","1,78652249760908","405,570627909849","89600,658997748"
"89046,8659240194",1,"13345952744,7535","990407,931036911","187665,087068134","10249,5110675249","5,58966466242418",0,0,"150,090850411297","-136,297519162567","131,875756865312","13345952655,3846","15,9764190673828","26,0801078328066","-0,00000392","1,78652249760908","405,570627909849","89600,8659240194"
"89047,0859240144",1,"13345952799,1256","990369,378471599","187665,087900154","10249,5110340814","5,58966466242418","0,655890160819192",0,"150,07967362647","-136,287044385416","131,864684002033","13345952785,7725","15,9765350341797","26,0801078328066","-0,00000392","1,78652249760908","405,570627909849","89601,0859240144"
"89047,3059240095",1,"13345952825,9645","990330,927769185","187665,088310514","10249,5110179074","5,58966466242418","0,276114027885326",0,"149,996258880324","-136,209313710179","131,782451268739","13345952814,985","15,9785034179687","26,0801078328066","-0,00000392","1,78652249760908","405,570627909849","89601,3059240095"
"89047,5259240046",1,"13345952852,8035","990292,473586135","187665,088720853","10249,5110017547","5,58966466242418","0,000000717",0,"149,818537457192","-136,04527400585","131,608620631275","13345952841,8239","15,9825347900391","26,0801078328066","-0,00000392","1,78652249760908","405,570627909849","89601,5259240046"
"89047,7459239997",1,"13345952879,6425","990254,022888558","187665,089131172","10249,5109856234","5,58966466242418","0,000000719",0,"149,545531042288","-135,794326216786","131,342969862918","13345952868,6629","15,9883697509766","26,0801078328066","-0,00000392","1,78652249760908","405,570627909849","89601,7459239997"
"89047,9659239948",1,"13345952906,4816","990215,572192649","187665,089541467","10249,5109695177","5,58966466242418","0,000000719",0,"149,176027324499","-135,455818192968","130,985438110092","13345952895,5019","15,9956420898438","26,0801078328066","-0,00000392","1,78652249760908","405,570627909849","89601,9659239948"
"89048,1859239899",1,"13345952933,3207","990177,118016643","187665,089951738","10249,5109534367","5,58966466242418","0,000000719",0,"148,708365024926","-135,02883924253","130,5359267966","13345952922,3411","16,0038330078125","26,0801078328066","-0,00000392","1,78652249760908","405,570627909849","89602,1859239899"
"89048,4059239849",1,"13345952960,16","990138,667325663","187665,090361971","10249,5109373947","5,58966466242418","0,000000719",0,"148,14042627688","-134,512261697002","129,99434207117","13345952949,1803","16,0123107910156","26,0801078328066","-0,00000392","1,78652249760908","405,570627909849","89602,4059239849"
"89048,62592398",1,"13345952986,9993","990100,213153364","187665,090772163","10249,5109213955","5,58966466242418","0,000000718",0,"147,469603022523","-133,904701312276","129,3605678608","13345952976,0195","16,0203369140625","26,0801078328066","-0,00000392","1,78652249760908","405,570627909849","89602,62592398"
"89048,8459239751",1,"13345953013,8386","990061,762465606","187665,09118231","10249,5109054422","5,58966466242418","0,000000718",0,"146,692727606405","-133,204529931804","128,634466137718","13345953002,8589","16,0269805908203","26,0801078328066","-0,00000392","1,78652249760908","405,570627909849","89602,8459239751"
"89049,0659239702",1,"13345953040,678","990023,308296258","187665,09159239","10249,5108895561","5,58966466242418","0,000000724",0,"145,806027621476","-132,409873242418","127,81589901265","13345953029,6983","16,0312194824219","26,0801078328066","-0,00000392","1,78652249760908","405,570627909849","89603,0659239702"
"89049,2859239653",1,"13345953067,5175","989984,857610817","187665,092002401","10249,5108737409","5,58966466242418","0,000000727",0,"144,805128770513","-131,518592169418","126,904723019188","13345953056,5377","16,0319030761719","26,0801078328066","-0,00000392","1,78652249760908","405,570627909849","89603,2859239653"
"89049,5059239604",1,"13345953094,3571","989946,403442637","187665,092412338","10249,5108580008","5,58966466242418","0,000000731",0,"143,685002097009","-130,528290609975","125,90079482855","13345953083,3773","16,0277557373047","26,0801078328066","-0,00000392","1,78652249760908","405,570627909849","89603,5059239604"
"89049,7259239554",1,"13345953121,1967","989907,952757223","187665,0928222","10249,5108423379","5,58966466242418","0,000000735",0,"142,439811535403","-129,4363035788","124,803967684409","13345953110,2169","16,0173461914063","26,0801078328066","-0,00000392","1,78652249760908","405,570627909849","89603,7259239554"
"89049,9459239505",1,"13345953148,0364","989869,498589717","187665,093231969","10249,5108267679","5,58966466242418","0,000000745",0,"141,062991758267","-128,239728900683","123,614109728795","13345953137,0565","15,9991546630859","26,0801078328066","-0,00000392","1,78652249760908","405,570627909849","89603,9459239505"
"89050,1659239456",1,"13345953174,8762","989831,047903435","187665,093641647","10249,5108112909","5,58966466242418","0,000000754",0,"139,547055996736","-126,935413830456","122,331071654593","13345953163,8963","15,9715240478516","26,0801078328066","-0,00000392","1,78652249760908","405,570627909849","89604,1659239456"
"89050,3859239407",1,"13345953201,716","989792,597216191","187665,094051239","10249,5107959017","5,58966466242418","0,000000768",0,"137,883616309147","-125,520010121085","120,954732849596","13345953190,7361","15,9326446533203","26,0801078328066","-0,00000392","1,78652249760908","405,570627909849","89604,3859239407"
"89050,6059239358",1,"13345953228,5559","989754,14304415","187665,09446073","10249,5107806134","5,58966466242418","0,000000786",0,"136,06338585754","-123,989969514404","119,484993668722","13345953217,5759","15,8806640625","26,0801078328066","-0,00000392","1,78652249760908","405,570627909849","89604,6059239358"
"89050,8259239309",1,"13345953255,3959","989715,692352837","187665,094870131","10249,5107654181","5,58966466242418","0,000000798",0,"134,076135490485","-122,341591446446","117,921737486199","13345953244,4159","15,8135620117188","26,0801078328066","-0,00000392","1,78652249760908","405,570627909849","89604,8259239309"
"89051,0459239259",1,"13345953282,2359","989677,238175281","187665,09527943","10249,5107503251","5,58966466242418","0,000000812",0,"131,910710473547","-120,571076718365","116,264880359394","13345953271,2559","15,7292602539063","26,0801078328066","-0,00000392","1,78652249760908","405,570627909849","89605,0459239259"
"89051,265923921",1,"13345953309,076","989638,787476894","187665,095688626","10249,5107353372","5,58966466242418","0,000000837",0,"129,555183577561","-118,67465418763","114,514334030968","13345953298,0959","15,6255706787109","26,0801078328066","-0,00000392","1,78652249760908","405,570627909849","89605,265923921"
"89051,4859239161",1,"13345953335,9161","989600,333291405","187665,096097725","10249,5107204476","5,58966466242418","0,00000086",0,"126,997011453231","-116,648653381321","112,670044491002","13345953324,9361","15,5002288818359","26,0801078328066","-0,00000392","1,78652249760908","405,570627909849","89605,4859239161"
"89051,7059239112",1,"13345953362,7564","989561,882582777","187665,096506715","10249,5107056683","5,58966466242418","0,000000888",0,"124,223395391477","-114,48963945366","110,731972948156","13345953351,7763","15,350927734375","26,0801078328066","-0,00000392","1,78652249760908","405,570627909849","89605,7059239112"
"89051,9259239063",1,"13345953389,5967","989523,428386544","187665,096915604","10249,5106909922","5,58966466242418","0,000000918",0,"121,221812213218","-112,194559878601","108,700082272123","13345953378,6165","15,1752807617187","26,0801078328066","-0,00000392","1,78652249760908","405,570627909849","89605,9259239063"
"89052,1459239013",1,"13345953416,437","989484,977665223","187665,097324389","10249,5106764207","5,58966466242418","0,000000955",0,"117,980664378257","-109,760955582193","106,574361015516","13345953405,4569","14,9709197998047","26,0801078328066","-0,00000392","1,78652249760908","405,570627909849","89606,1459239013"
"89052,3659238964",1,"13345953443,2775","989446,523454708","187665,097733048","10249,5106619774","5,58966466242418","0,000001",0,"114,490290435553","-107,187172520359","104,354815205275","13345953432,2973","14,7354339599609","26,0801078328066","-0,00000392","1,78652249760908","405,570627909849","89606,3659238964"
"89052,5859238915",1,"13345953470,118","989408,072717188","187665,098141635","10249,5106476083","5,58966466242418","0,00000103",0,"110,744169856979","-104,472595460229","102,041462551919","13345953459,1378","14,4664337158203","26,0801078328066","-0,00000392","1,78652249760908","405,570627909849","89606,5859238915"
"89052,8059238866",1,"13345953496,9585","989369,618489055","187665,098550195","10249,5106332672","5,58966466242418","0,00000106",0,"106,740387235932","-101,617929782413","99,6343471748493","13345953485,9783","14,1615997314453","26,0801078328066","-0,00000392","1,78652249760908","405,570627909849","89606,8059238866"
"89053,0259238817",1,"13345953523,7992","989331,167732187","187665,098958664","10249,5106190192","5,58966466242418","0,00000111",0,"102,483265765027","-98,6254361333607","97,1335337278016","13345953512,8189","13,8186492919922","26,0801078328066","-0,00000392","1,78652249760908","405,570627909849","89607,0259238817"
"89053,2459238768",1,"13345953550,6399","989292,720166293","187665,099367043","10249,5106048631","5,58966466242418","0,00000117",0,"97,9848653230212","-95,4991646005642","94,5390975358501","13345953539,6596","13,4354248046875","26,0801078328066","-0,00000392","1,78652249760908","405,570627909849","89607,2459238768"
"89053,4659238718",1,"13345953577,4806","989254,265903368","187665,099775475","10249,5105906562","5,58966466242418","0,00000121",0,"93,2700651408933","-92,2478169654604","91,853319145797","13345953566,5003","13,0083923339844","26,0801078328066","-0,00000392","1,78652249760908","405,570627909849","89607,4659238718"
"89053,6859238669",1,"13345953604,3215","989215,815100538","187665,100184701","10249,5105756634","5,58966466242418","0,00000116",0,"88,4300501125193","-88,9211234980645","89,110626408","13345953593,3411","12,5193237304688","26,0801078328066","-0,00000392","1,78652249760908","405,570627909849","89607,6859238669"
"89053,905923862",1,"13345953631,1624","989177,360804709","187665,100594456","10249,5105601355","5,58966466242418","0,00000105",0,"83,5840996414981","-85,5850673652719","86,3575127149178","13345953620,182","11,9868743896484","26,0801078328066","-0,00000392","1,78652249760908","405,570627909849","89607,905923862"
"89054,1259238571",1,"13345953658,0034","989138,909979939","187665,101004325","10249,5105444943","5,58966466242418","0,00000103",0,"78,7884047689981","-82,2626489180526","83,6046500435289","13345953647,023","11,4264434814453","26,0801078328066","-0,00000392","1,78652249760908","405,570627909849","89608,1259238571"
"89054,3459238522",1,"13345953684,8444","989100,455664106","187665,101414285","10249,5105287634","5,58966466242418","0,00000103",0,"74,0778767295068","-78,9639110171929","80,852299893433","13345953673,864","10,8395568847656","26,0801078328066","-0,00000392","1,78652249760908","405,570627909849","89608,3459238522"
"89054,5659238473",1,"13345953711,6855","989062,004820063","187665,101824336","10249,5105129421","5,58966466242418","0,00000105",0,"69,482900296336","-75,6983946094106","78,1008239311785","13345953700,705","10,2276184082031","26,0801078328066","-0,00000392","1,78652249760908","405,570627909849","89608,5659238473"
"89054,7859238423",1,"13345953738,5267","989023,550479088","187665,102234982","10249,5104965321","5,58966466242418","0,00000118",0,"65,0461447094197","-72,4894354787558","75,3628120613448","13345953727,5462","9,58435668945313","26,0801078328066","-0,00000392","1,78652249760908","405,570627909849","89608,7859238423"
"89055,0059238374",1,"13345953765,3679","988985,099602507","187665,102646018","10249,5104797338","5,58966466242418","0,00000129",0,"60,8158909112889","-69,3737335096177","72,6629584330907","13345953754,3874","8,89645690917969","26,0801078328066","-0,00000392","1,78652249760908","405,570627909849","89609,0059238374"
"89055,2259238325",1,"13345953792,2092","988946,645225174","187665,103057276","10249,5104627136","5,58966466242418","0,00000128",0,"56,798711138232","-66,3622056568113","70,0058969666374","13345953781,2287","8,16387023925781","26,0801078328066","-0,00000392","1,78652249760908","405,570627909849","89609,2259238325"
"89055,4459238276",1,"13345953819,0506","988908,194312914","187665,103468691","10249,5104455382","5,58966466242418","0,00000126",0,"52,9909220539495","-63,4612236579152","67,3937678026556","13345953808,07","7,38821105957031","26,0801078328066","-0,00000392","1,78652249760908","405,570627909849","89609,4459238276"
"89055,6659238227",1,"13345953845,892","988869,739900448","187665,103880277","10249,5104281931","5,58966466242418","0,00000125",0,"49,3840797904849","-60,6757488803419","64,8287810872061","13345953834,9114","6,57113342285156","26,0801078328066","-0,00000392","1,78652249760908","405,570627909849","89609,6659238227"
"89055,8859238178",1,"13345953872,7336","988831,28895387","187665,104292028","10249,5104106827","5,58966466242418","0,00000124",0,"45,9664931567371","-58,0094288562371","62,3132437200853","13345953861,7529","5,71425476074219","26,0801078328066","-0,00000392","1,78652249760908","405,570627909849","89609,8859238178"
"89056,1059238128",1,"13345953899,5751","988792,837710093","187665,104703932","10249,5103930196","5,58966466242418","0,00000123",0,"42,7245655844653","-55,4647216721426","59,8496110671808","13345953888,5945","4,81920166015625","26,0801078328066","-0,00000392","1,78652249760908","405,570627909849","89610,1059238128"
"89056,3259238079",1,"13345953926,4168","988754,386730654","187665,105115975","10249,5103752185","5,58966466242418","0,00000122",0,"39,6437616205814","-53,0430491182946","57,4405411428114","13345953915,4361","3,88751525878906","26,0801078328066","-0,00000392","1,78652249760908","405,570627909849","89610,3259238079"
"89056,545923803",1,"13345953953,2585","988715,935736172","187665,105528156","10249,510357279","5,58966466242418","0,0000012",0,"36,7093636245053","-50,7449321655392","55,0889388052266","13345953942,2778","2,92069091796875","26,0801078328066","-0,00000392","1,78652249760908","405,570627909849","89610,545923803"
"89088,0776816122",1,"13345954355,8538","983204,813427222","187665,111690944","10249,5101075176","5,58966466242418",0,0,"34,6588084153288","-49,151130187483","53,4165974389481","13345954000,1065","2,19618225097656","26,0801078328066","-0,00000392","1,78652249760908","405,570627909849","89642,0776816122"
"89159,3860312216",1,"13345955611,8089","970741,311057497","187665,130913417","10249,5093315721","5,58966466242418",0,0,"34,4314115002163","-48,975632111079","53,2302964472481","13345954166,2055","2,11343078613281","26,0801078328066","-0,00000392","1,78652249760908","405,570627909849","89713,3860312216"
"89270,7330429405",1,"13345958228,4938","951279,693981368","187665,170961794","10249,5077150991","5,58966466242418",0,0,"34,229142801081","-48,8202168866448","53,0648831307777","13345954593,729","2,03944091796875","26,0801078328066","-0,00000392","1,78652249760908","405,570627909849","89824,7330429405"
"89422,1187167689",1,"13345962698,0533","924819,916424867","187665,239368333","10249,5049540954","5,58966466242418",0,0,"34,0517211491467","-48,6848396508893","52,9202985694985","13345955467,9645","1,97413635253906","26,0801078328066","-0,00000392","1,78652249760908","405,570627909849","89976,1187167689"
"89613,4209823944",1,"13345969513,6574","891383,269051865","187665,343680969","10249,5007439277","5,58966466242418",0,0,"33,8988665647209","-48,5694572637931","52,7964849776508","13345957023,5164","1,91744079589844","26,0801078328066","-0,00000392","1,78652249760908","405,570627909849","90167,4209823944"
"89844,7619198933",1,"13345979173,1573","850948,346395948","187665,491519292","10249,4947770697","5,58966466242418",0,0,"33,7702959365699","-48,4740239892867","52,6933844493919","13345959544,7742","1,86927490234375","26,0801078328066","-0,00000392","1,78652249760908","405,570627909849","90398,7619198933"
"90116,1415097378",1,"13345992178,2605","803515,08243598","187665,690561895","10249,4867436198","5,58966466242418",0,0,"33,6657317827383","-48,3984972636399","52,6109376482095","13345963366,2983","1,82956237792969","26,0801078328066","-0,00000392","1,78652249760908","405,570627909849","90670,1415097378"
"90427,4377011433",1,"13346009033,6854","749104,732172639","187665,948533457","10249,4763318151","5,58966466242418",0,0,"33,5848971135923","-48,342832417701","52,5490867967089","13345968873,121","1,79822387695312","26,0801078328066","-0,00000392","1,78652249760908","405,570627909849","90981,4377011433"
"90778,7725448944",1,"13346030250,8413","687695,886102239","187666,273261046","10249,4632257666","5,58966466242418",0,0,"33,5275129967344","-48,3069845852238","52,5077714008477","13345976501,4151","1,77518005371094","26,0801078328066","-0,00000392","1,78652249760908","405,570627909849","91332,7725448944"
"91170,1460605189",1,"13346056346,993","619288,471022301","187666,672661345","10249,4471059671","5,58966466242418",0,0,"33,4933044850367","-48,290909640252","52,4869333712573","13345986739,0805","1,76035461425781","26,0801078328066","-0,00000392","1,78652249760908","405,570627909849","91724,1460605189"
"91601,5582480207",1,"13346087462,8545","543882,460756449","187667,14888793","10249,4278855199","5,58966466242418",0,0,"33,4821339685999","-48,2945200031081","52,4865178973745","13346000049,7805","1,75375061035156","26,0801078328066","-0,00000392","1,78652249760908","405,570627909849","92155,5582480207"
"92072,8869980201",1,"13346123640,4945","461499,262285794","187667,70258462","10249,4055384484","5,58966466242418",0,0,"33,4691823588489","-48,2987043885665","52,4860382697658","13346016852,6491","1,74609375","26,0801078328066","-0,00000392","1,78652249760908","405,570627909849","92626,8869980201"
"92584,2544198968",1,"13346164928,4411","372117,823942424","187668,33449407","10249,3800348071","5,58966466242418",0,0,"33,4544482251092","-48,3034620597998","52,4854953483299","13346037522,6438","1,73738403320313","26,0801078328066","-0,00000392","1,78652249760908","405,570627909849","93138,2544198968"
"93135,6605136469",1,"13346211381,8868","275739,148788279","187669,045460924","10249,3513405379","5,58966466242418",0,0,"33,4379301410329","-48,3087932715911","52,4848899927944","13346062391,0272","1,72762756347656","26,0801078328066","-0,00000392","1,78652249760908","405,570627909849","93689,6605136469"
"93726,9832089581",1,"13346263062,618","172388,659204047","187669,83643073","10249,3194175144","5,58966466242418",0,0,"33,4196262977633","-48,3146970319787","52,4842239238933","13346091745,9232","1,71681518554688","26,0801078328066","-0,00000392","1,78652249760908","405,570627909849","94280,9832089581"
"94358,3445370831",1,"13346320039,1407","62080,8254558345","187670,708451877","10249,2842234649","5,58966466242418",0,0,"33,399533841785","-48,3211733966291","52,4834975706001","13346125832,5216","1,7049560546875","26,0801078328066","-0,00000392","1,78652249760908","405,570627909849","94912,3445370831"
"95029,7445370816",1,"13346382386,6239","55458,8511818775","187671,662674708","10249,2457120076","5,58966466242418",0,0,"33,3776512476447","-48,3282211747077","52,4827130840129","13346164853,3579","1,692041015625","26,0801078328066","-0,00000392","1,78652249760908","405,570627909849","95583,7445370816"
"95741,0610995814",1,"13346450186,8064","179734,226067023","187672,700350115","10249,2038327076","5,58966466242418",0,0,"33,35397613296","-48,3358403660941","52,4818717540221","13346208968,67","1,678076171875","26,0801078328066","-0,00000392","1,78652249760908","405,570627909849","96295,0610995814"
"96492,4163339548",1,"13346523528,1645","311062,814517948","187673,822832085","10249,1585309748","5,58966466242418",0,0,"33,3285054453633","-48,3440302337373","52,4809753010256","13346258296,4023","1,6630615234375","26,0801078328066","-0,00000392","1,78652249760908","405,570627909849","97046,4163339548"
"97283,8102402054",1,"13346602505,8337","449399,091923921","187675,031576514","10249,1097481125","5,58966466242418",0,0,"33,3012367994635","-48,3527900682854","52,4800250148601","13346312912,2864","1,64699401855469","26,0801078328066","-0,00000392","1,78652249760908","405,570627909849","97837,8102402054"
"98115,1207870804",1,"13346687219,9622","594717,180093272","187676,328116003","10249,0574223331","5,58966466242418",0,0,"33,2721669492918","-48,3621191895397","52,479023046412","13346372887,9972","1,62987365722656","26,0801078328066","-0,00000393","1,78652249760908","405,570627909849","98669,1207870804"
"98986,4699277058",1,"13346777780,511","747037,332590171","187677,714133315","10249,001485798","5,58966466242418",0,0,"33,2412927383899","-48,3720168888441","52,4779711159793","13346438301,9988","1,61170349121094","26,0801078328066","-0,00000393","1,78652249760908","405,570627909849","99540,4699277058"
"99897,857740205",1,"13346874302,5654","906359,298620573","187679,19138963","10248,9418675079","5,58966466242418",0,0,"33,2086104416798","-48,3824824290798","52,4768718051445","13346509239,4113","1,59248352050781","26,0801078328066","-0,00000393","1,78652249760908","405,570627909849","100451,857740205"
"100849,162193328",1,"13346976906,1767","1072661,72598125","187680,761722113","10248,8784934058","5,58966466242418",0,0,"33,1741168946336","-48,3935146479637","52,4757272648163","13346585791,8403","1,57221069335937","26,0801078328066","-0,00000393","1,78652249760908","405,570627909849","101403,162193328"
"101840,505318329",1,"13347085721,2706","1245966,05219123","187682,427119032","10248,8112833447","5,58966466242418",0,0,"33,1378077973689","-48,4051130634863","52,4745396460458","13346668057,7055","1,55088806152344","26,0801078328066","-0,00000393","1,78652249760908","405,570627909849","102394,505318329"
"102871,88703708",1,"13347200882,869","1426272,39578225","187684,189646639","10248,7401540381","5,58966466242418",0,0,"33,0996789312333","-48,417276485411","52,4733115304922","13346756142,0783","1,52851257324219","26,0801078328066","-0,00000393","1,78652249760908","405,570627909849","103425,88703708"
"103943,185396455",1,"13347322530,9004","1613559,6058004","187686,051446252","10248,6650191793","5,58966466242418",0,0,"33,0597269199848","-48,4300044326097","52,472045069355","13346850156,506","1,50509033203125","26,0801078328066","-0,00000393","1,78652249760908","405,570627909849","104497,185396455"
"105054,522427704",1,"13347450815,2431","1807849,17955918","187688,014811451","10248,5857863268","5,58966466242418",0,0,"33,0179460193649","-48,4432954875798","52,4707437058102","13346950219,3497","1,480615234375","26,0801078328066","-0,00000393","1,78652249760908","405,570627909849","105608,522427704"
"106205,89813083",1,"13347585890,8375","1760769,83401469","187690,08211326","10248,5023599243","5,58966466242418",0,0,"32,974331996412","-48,4571492273546","52,4694100218849","13347056455,617","1,45508728027344","26,0801078328066","-0,00000393","1,78652249760908","405,570627909849","106759,89813083"
"107397,190396454",1,"13347727917,4595","1552496,34896259","187692,255796694","10248,4146414397","5,58966466242418",0,0,"32,9288802292489","-48,4715639796052","52,4680465997746","13347168996,7796","1,42850952148438","26,0801078328066","-0,00000393","1,78652249760908","405,570627909849","107951,190396454"
"108628,521333955",1,"13347877064,9238","1337220,00350719","187694,538460369","10248,3225261548","5,58966466242418",0,0,"32,8815854065905","-48,4865387820575","52,4666568831619","13347287981,2757","1,40088195800781","26,0801078328066","-0,00000393","1,78652249760908","405,570627909849","109182,521333955"
"109899,89094333",1,"13348033508,0607","1114940,71334536","187696,932779645","10248,225906266","5,58966466242418",0,0,"32,8324416597581","-48,5020726710499","52,4652443158891","13347413554,0307","1,37220153808594","26,0801078328066","-0,00000393","1,78652249760908","405,570627909849","110453,89094333"
"111211,177193329",1,"13348197426,4667","885679,817198754","187699,44150279","10248,1246710414","5,58966466242418",0,0,"32,7814442397205","-48,5181644863613","52,4638119115029","13347545866,4208","1,34247131347656","26,0801078328066","-0,00000393","1,78652249760908","405,570627909849","111765,177193329"
"112562,502037078",1,"13348369009,8669","649416,31391854","187702,067533057","10248,0187035081","5,58966466242418",0,0,"32,7285864005497","-48,5348128133953","52,4623631142582","13347685076,7898","1,31168823242188","26,0801078328066","-0,00000393","1,78652249760908","405,570627909849","113116,502037078"
"113953,865474578",1,"13348548452,9521","406151,767468143","187704,81384966","10247,9078836435","5,58966466242418",0,0,"32,6738628850482","-48,5520167183879","52,4609013687602","13347831349,958","1,27985534667969","26,0801078328066","-0,00000393","1,78652249760908","405,570627909849","114507,865474578"
"115385,267662078",1,"13348735957,0352","155899,125613351","187707,683533124","10247,7920873533","5,58966466242418",0,0,"32,6172675820331","-48,5697747871807","52,4594309812765","13347984857,3746","1,24696960449219","26,0801078328066","-0,00000394","1,78652249760908","405,570627909849","115939,267662078"
"116856,58641208",1,"13348931729,8216","101441,834262819","187710,67976177","10247,671186614","5,58966466242418",0,0,"32,5587931411554","-48,5880856058702","52,4579553969169","13348145777,2667","1,21303100585938","26,0801078328066","-0,00000394","1,78652249760908","405,570627909849","117410,58641208"
"118367,943912081",1,"13349135985,8287","365664,869046742","187713,805818132","10247,5450492127","5,58966466242418",0,0,"32,4984335138997","-48,6069482109742","52,4564780611597","13348314294,3253","1,17804260253906","26,0801078328066","-0,00000394","1,78652249760908","405,570627909849","118921,943912081"
"119919,34000583",1,"13349348946,1833","636923,381542164","187717,06508585","10247,4135388798","5,58966466242418",0,0,"32,4361817734818","-48,6263609649393","52,4550037118816","13348490599,8598","1,14200439453125","26,0801078328066","-0,00000394","1,78652249760908","405,570627909849","120473,34000583"
"121510,65266208",1,"13349570838,3691","915168,651118656","187720,461045808","10247,276515439","5,58966466242418",0,0,"32,3720301143702","-48,6463221969732","52,4535366565491","13348674891,9508","1,10491638183594","26,0801078328066","-0,00000394","1,78652249760908","405,570627909849","122064,65266208"
"123142,00406833",1,"13349801896,6945","1200419,71746371","187723,997283288","10247,1338345253","5,58966466242418",0,0,"32,3059721854009","-48,6668307514884","52,4520807722678","13348867375,1279","1,06677551269531","26,0801078328066","-0,00000394","1,78652249760908","405,570627909849","123696,00406833"
"124813,394068331",1,"13350042362,0524","1492676,04747993","187727,677484289","10246,9853477312","5,58966466242418",0,0,"32,2380002280685","-48,6878849897249","52,4506407979304","13349068260,527","1,02758483886719","26,0801078328066","-0,00000394","1,78652249760908","405,570627909849","125367,394068331"
"126524,700630829",1,"13350292481,6616","1791916,14645772","187731,505431568","10246,8309027698","5,58966466242418",0,0,"32,1681058494106","-48,7094832430411","52,4492206112689","13349277766,0465","0,987344360351562","26,0801078328066","-0,00000395","1,78652249760908","405,570627909849","127078,700630829"
"128276,045943327",1,"13350552509,5695","1671749,77223277","187735,485012327","10246,670343167","5,58966466242418",0,0,"32,0962820858772","-48,7316245828045","52,4478253825346","13349496116,0168","0,946054077148437","26,0801078328066","-0,00000395","1,78652249760908","405,570627909849","128830,045943327"
"130067,429849576",1,"13350822706,3934","1358499,49037717","187739,620214254","10246,503508422","5,58966466242418",0,0,"32,0225194611037","-48,7543068901453","52,4464602824003","13349723541,3609","0,903713989257813","26,0801078328066","-0,00000395","1,78652249760908","405,570627909849","130621,429849576"
"131898,730318327",1,"13351103337,0976","1038265,6426502","187743,915091496","10246,3302353798","5,58966466242418",0,0,"31,9468106134693","-48,7775284978681","52,4451296203093","13349960279,3672","0,860324096679687","26,0801078328066","-0,00000395","1,78652249760908","405,570627909849","132452,730318327"
"133770,069537077",1,"13351394677,3226","711027,444769039","187748,373861519","10246,1503543289","5,58966466242418",0,0,"31,8691464660918","-48,8012877386821","52,4438385674471","13350206574,1173","0,815884399414063","26,0801078328066","-0,00000395","1,78652249760908","405,570627909849","134324,069537077"
"135681,447349578",1,"13351697007,3466","376787,912617443","187753,00081269","10245,9636927308","5,58966466242418",0,0,"31,7895179863427","-48,825583266026","52,442592726178","13350462676,2691","0,770391845703125","26,0801078328066","-0,00000395","1,78652249760908","405,570627909849","136235,447349578"
"137632,741724577",1,"13352010611,6792","35690,4361498898","187757,800298054","10245,7700754686","5,58966466242418",0,0,"31,7079165212267","-48,8504129012775","52,4413972683685","13350728842,8186","0,7238525390625","26,0801078328066","-0,00000396","1,78652249760908","405,570627909849","138186,741724577"
"139624,074849576",1,"13352335785,6511","312709,056133682","187762,77683618","10245,5693207848","5,58966466242418",0,0,"31,6243324061197","-48,8757753005069","52,4402569351899","13351005337,5468","0,676263427734375","26,0801078328066","-0,00000396","1,78652249760908","405,570627909849","140178,074849576"
"141624,074849576",1,"13352672217,9242","662455,807032862","187767,925661091","10245,3616214405","5,58966466242418",0,0,"31,5389013948053","-48,9016251687977","52,4391790530175","13351292369,6698","0,627706909179688","26,0801078328066","-0,00000396","1,78652249760908","405,570627909849","142178,074849576"
"143624,074849576",1,"13353019405,934","1012212,39671536","187773,23908027","10245,1472882383","5,58966466242418",0,0,"31,4518018329018","-48,927905232089","52,4381696559583","13351590074,058","0,578289794921875","26,0801078328066","-0,00000396","1,78652249760908","405,570627909849","144178,074849576"
"145624,074849576",1,"13353376821,3978","1361973,96324229","187778,70900764","10244,926647847","5,58966466242418",0,0,"31,3632121235421","-48,9545584069892","52,4372352090159","13351898508,0316","0,52811279296875","26,0801078328066","-0,00000397","1,78652249760908","405,570627909849","146178,074849576"
"147624,074849576",1,"13353743905,4565","1711739,4700411","187784,326889207","10244,7000457899","5,58966466242418",0,0,"31,2733105598399","-48,9815273199525","52,4363808847706","13352217647,6203","0,477285766601563","26,0801078328066","-0,00000397","1,78652249760908","405,570627909849","148178,074849576"
"149624,074849576",1,"13354120070,111","1708402,68241403","187790,083725048","10244,4678455689","5,58966466242418",0,0,"31,1822781920171","-49,0087558872561","52,4356118558314","13352547383,9921","0,425912475585937","26,0801078328066","-0,00000397","1,78652249760908","405,570627909849","150178,074849576"
"151624,074849576",1,"13354504699,7644","1358630,54654314","187795,97009293","10244,2304277002","5,58966466242418",0,0,"31,0902953363133","-49,0361877328551","52,4349320021288","13352887520,2587","0,374099731445313","26,0801078328066","-0,00000397","1,78652249760908","405,570627909849","152178,074849576"
"153624,074849576",1,"13354897146,1973","1008855,71694779","187801,976071414","10243,988192811","5,58966466242418",0,0,"30,9975444668752","-49,0637662223665","52,4343460651697","13353237767,1462","0,321951293945313","26,0801078328066","-0,00000398","1,78652249760908","405,570627909849","154178,074849576"
"155624,074849576",1,"13355296730,0812","659079,210897845","187808,091263022","10243,7415607067","5,58966466242418",0,0,"30,904208318325","-49,0914349822132","52,4338562012248","13353597739,4197","0,269573974609375","26,0801078328066","-0,00000398","1,78652249760908","405,570627909849","156178,074849576"
"157624,074849576",1,"13355702742,6243","309305,964790355","187814,304819443","10243,4909693458","5,58966466242418",0,0,"30,8104706858488","-49,1191385657661","52,4334649971602","13353966952,5142","0,217068773880601","26,0801078328066","-0,00000398","1,78652249760908","405,570627909849","158178,074849576"
"159624,074849576",1,"13356114440,3834","40624,9521815647","187820,605362127","10243,23687805","5,58966466242418",0,0,"30,7165166350046","-49,146821305484","52,4331754703622","13354344817,9874","0,164543319866061","26,0801078328066","-0,00000399","1,78652249760908","405,570627909849","160178,074849576"
"161624,074849576",1,"13356531658,0358","390297,229532706","187826,99036018","10242,9793892338","5,58966466242418",0,0,"30,6223863736295","-49,1744709047149","52,4329876220207","13354730761,9986","0,112021850422025","26,0801078328066","-0,00000399","1,78652249760908","405,570627909849","162178,074849576"
"163624,074849576",1,"13356954394,3011","740081,353300617","187833,459793206","10242,7185040569","5,58966466242418",0,0,"30,5280794067908","-49,2020878184521","52,4329014528973","13355124260,8353","0,0595019850879908","26,0801078328066","-0,00000399","1,78652249760908","405,570627909849","164178,074849576"
"165624,074849576",1,"13357382647,8722","1089872,08538809","187840,013640398","10242,4542236942","5,58966466242418",0,0,"30,4335951890825","-49,2296720158432","52,4329169633467","13355524843,4827","0,00698804296553135","26,0801078328066","-0,000004","1,78652249760908","405,570627909849","166178,074849576"
"167624,074849576",1,"13357816417,4513","1439666,35483951","187846,651881069","10242,1865493354","5,58966466242418",0,0,"30,3389336900701","-49,25722379733","52,4330341533071","13355932094,6822","-0,045523988828063","26,0801078328066","-0,000004","1,78652249760908","405,570627909849","168178,074849576"
"169624,074849576",1,"13358255701,6908","1789463,38610502","187853,374493777","10241,9154821853","5,58966466242418",0,0,"30,244094226465","-49,2847431724174","52,4332525914476","13356345657,8402","-0,0980328496545553","26,0801078328066","-0,000004","1,78652249760908","405,570627909849","170178,074849576"
"171624,074849576",1,"13358700499,2431","1630648,30819483","187860,181457058","10241,6410234635","5,58966466242418",0,0,"30,1490769395751","-49,3122301099117","52,4335727077324","13356765237,788","-0,150538909062743","26,0801078328066","-0,00000401","1,78652249760908","405,570627909849","172178,074849576"
"173624,074849576",1,"13359150808,7414","1280846,75192876","187867,072749148","10241,363174405","5,58966466242418",0,0,"30,0538808793748","-49,3396850959953","52,4339940699941","13357190604,0424","-0,203041517361999","26,0801078328066","-0,00000401","1,78652249760908","405,570627909849","174178,074849576"
"175624,074849576",1,"13359606628,8114","931043,553972086","187874,048348153","10241,0819362593","5,58966466242418",0,0,"29,9585063673116","-49,3671083983819","52,4345171073776","13357621593,9155","-0,255539431795478","26,0801078328066","-0,00000401","1,78652249760908","405,570627909849","176178,074849576"
"177624,074849576",1,"13360067958,0541","581240,006595598","187881,108231796","10240,7973102912","5,58966466242418",0,0,"29,8629524984928","-49,3944997620913","52,4351422485507","13358058115,4584","-0,308033666014671","26,0801078328066","-0,00000402","1,78652249760908","405,570627909849","178178,074849576"
"179624,074849576",1,"13360534795,0435","231444,567828342","187888,252377379","10240,5092977803","5,58966466242418",0,0,"29,7672193926905","-49,4218594551312","52,4358686293082","13358500150,9245","-0,360523126274347","26,0801078328066","-0,00000402","1,78652249760908","405,570627909849","180178,074849576"
"181624,074849576",1,"13361007138,3615","118433,330216536","187895,480762304","10240,2179000211","5,58966466242418",0,0,"29,671306440359","-49,4491877050679","52,4366962466691","13358947698,957","-0,413008619844913","26,0801078328066","-0,00000402","1,78652249760908","405,570627909849","182178,074849576"
"183624,074849576",1,"13361484986,5464","468213,382215676","187902,79336331","10239,9231183231","5,58966466242418",0,0,"29,5752129873959","-49,4764847014752","52,4376255280795","13359400758,1816","-0,465489596128464","26,0801078328066","-0,00000403","1,78652249760908","405,570627909849","184178,074849576"
"185624,074849576",1,"13361968338,1471","818023,572145007","187910,190157275","10239,6249540104","5,58966466242418",0,0,"29,4789388500361","-49,5037505252066","52,4386560389248","13359859327,209","-0,517966946959496","26,0801078328066","-0,00000403","1,78652249760908","405,570627909849","186178,074849576"
"187624,074849576",1,"13362457191,6641","1167838,46394337","187917,671120343","10239,3234084224","5,58966466242418",0,0,"29,3824844247743","-49,5309851847502","52,4397877750374","13360323404,6303","-0,570439091324806","26,0801078328066","-0,00000404","1,78652249760908","405,570627909849","188178,074849576"
"189624,074849576",1,"13362951545,6083","1517655,99795082","187925,236228789","10239,018482913","5,58966466242418",0,0,"29,2858491238127","-49,5581888318393","52,441020731775","13360792989,0221","-0,622907277941704","26,0801078328066","-0,00000404","1,78652249760908","405,570627909849","190178,074849576"
"191624,074849576",1,"13363451398,4652","1867475,47650894","187932,8854585","10238,7101788511","5,58966466242418",0,0,"29,1890319811964","-49,5853620299187","52,4423553349083","13361268078,9443","-0,67537052333355","26,0801078328066","-0,00000404","1,78652249760908","405,570627909849","192178,074849576"
"193624,074849576",1,"13363956748,7055","1552614,24140626","187940,618785119","10238,3984976203","5,58966466242418",0,0,"29,0920330563026","-49,6125043024764","52,443791148198","13361748672,9407","-0,727828618884087","26,0801078328066","-0,00000405","1,78652249760908","405,570627909849","194178,074849576"
"195624,074849576",1,"13364467594,7799","1202791,44971167","187948,436183979","10238,0834406191","5,58966466242418",0,0,"28,9948519739347","-49,6396161001705","52,4453281658403","13362234769,5376","-0,780282539129257","26,0801078328066","-0,00000405","1,78652249760908","405,570627909849","196178,074849576"
"197624,074849576",1,"13364983935,1171","852967,733649922","187956,337630072","10237,7650092607","5,58966466242418",0,0,"28,8974886237699","-49,6666976871903","52,446966381439","13362726367,2439","-0,832730633020401","26,0801078328066","-0,00000406","1,78652249760908","405,570627909849","198178,074849576"
"199624,074849576",1,"13365505768,136","503144,84577973","187964,323098222","10237,4432049732","5,58966466242418",0,0,"28,7999424694073","-49,6937492931341","52,4487057884624","13363223464,5531","-0,885174119472504","26,0801078328066","-0,00000406","1,78652249760908","405,570627909849","200178,074849576"
"201624,074849576",1,"13366033092,2468","153339,828244827","187972,392563107","10237,1180291993","5,58966466242418",0,0,"28,7022134549165","-49,7207709224842","52,4505459490851","13363726059,9416","-0,937611263990402","26,0801078328066","-0,00000407","1,78652249760908","405,570627909849","202178,074849576"
"203624,074849576",1,"13366565905,8332","196551,26131301","187980,545998996","10236,7894833964","5,58966466242418",0,0,"28,6043011429772","-49,7477621383094","52,452487286468","13364234151,8703","-0,990043646097183","26,0801078328066","-0,00000407","1,78652249760908","405,570627909849","204178,074849576"
"205624,074849576",1,"13367104207,252","546366,010510079","187988,783379742","10236,4575690368","5,58966466242418",0,0,"28,5062052676607","-49,7747236503637","52,4545297927616","13364747738,7808","-1,04247079491615","26,0801078328066","-0,00000408","1,78652249760908","405,570627909849","206178,074849576"
"207624,074849576",1,"13367647994,8674","896195,522885292","187997,104679286","10236,1222876072","5,58966466242418",0,0,"28,4079249722077","-49,8016556868247","52,4566734597148","13365266819,1011","-1,09489206671715","26,0801078328066","-0,00000408","1,78652249760908","405,570627909849","208178,074849576"
"209624,074849576",1,"13368197267,0105","1246028,5378637","188005,509871067","10235,7836406093","5,58966466242418",0,0,"28,3094604772925","-49,8285584708276","52,4589178479084","13365791391,2414","-1,14730767607689","26,0801078328066","-0,00000408","1,78652249760908","405,570627909849","210178,074849576"
"211624,074849576",1,"13368752022,0078","1595863,60123929","188013,998928432","10235,4416295591","5,58966466242418",0,0,"28,2108115169252","-49,8554315289286","52,4612633787951","13366321453,5956","-1,19971715211868","26,0801078328066","-0,00000409","1,78652249760908","405,570627909849","212178,074849576"
"213624,074849576",1,"13369312258,1605","1824210,88074821","188022,571824337","10235,0962559874","5,58966466242418",0,0,"28,1119779707665","-49,8822758701794","52,4637096122939","13366857004,5411","-1,25212055444717","26,0801078328066","-0,00000409","1,78652249760908","405,570627909849","214178,074849576"
"215624,074849576",1,"13369877973,7471","1474372,93799124","188031,228531391","10234,7475214398","5,58966466242418",0,0,"28,0129588030347","-49,9090909780933","52,466256969149","13367398042,4378","-1,30451786518097","26,0801078328066","-0,0000041","1,78652249760908","405,570627909849","216178,074849576"
"217624,074849576",1,"13370449167,0466","1124533,96228618","188039,969022182","10234,3954274761","5,58966466242418",0,0,"27,9137543798585","-49,9358768997663","52,4689045776398","13367944565,6308","-1,35690904855728","26,0801078328066","-0,0000041","1,78652249760908","405,570627909849","218178,074849576"
"219624,074849576",1,"13371025836,3133","774694,613642229","188048,793268921","10234,0399756709","5,58966466242418",0,0,"27,814364408718","-49,9626338198441","52,4716532884001","13368496572,4485","-1,40929428339005","26,0801078328066","-0,00000411","1,78652249760908","405,570627909849","220178,074849576"
"221624,074849576",1,"13371607979,7755","424857,416281556","188057,701243414","10233,6811676133","5,58966466242418",0,0,"27,714787997352","-49,9893620047224","52,4745026598119","13369054061,2014","-1,46167322397232","26,0801078328066","-0,00000411","1,78652249760908","405,570627909849","222178,074849576"
"223624,074849576",1,"13372195595,6589","75070,8517277353","188066,692917414","10233,3190049071","5,58966466242418",0,0,"27,6150250159684","-50,0160619412604","52,4774526800883","13369617030,184","-1,51404522657394","26,0801078328066","-0,00000412","1,78652249760908","405,570627909849","224178,074849576"
"225624,074849576",1,"13372788682,1797","274863,263648311","188075,768262509","10232,9534891702","5,58966466242418",0,0,"27,5150756601621","-50,0427333738801","52,4805033373625","13370185477,6767","-1,56641030311584","26,0801078328066","-0,00000413","1,78652249760908","405,570627909849","226178,074849576"
"227624,074849576",1,"13373387237,5179","624699,051635714","188084,927249742","10232,5846220355","5,58966466242418",0,0,"27,414939469454","-50,0693765715984","52,4836546193714","13370759401,9418","-1,61876926422119","26,0801078328066","-0,00000413","1,78652249760908","405,570627909849","228178,074849576"
"229624,074849576",1,"13373991259,8435","974543,657769492","188094,169849983","10232,2124051498","5,58966466242418",0,0,"27,3146156997116","-50,0959915805698","52,4869065134555","13371338801,2251","-1,67112073898315","26,0801078328066","-0,00000414","1,78652249760908","405,570627909849","230178,074849576"
"231624,074849576",1,"13374600747,3179","1324390,96653793","188103,496033962","10231,8368401749","5,58966466242418",0,0,"27,2141045043925","-50,1225785837023","52,4902581453171","13371923673,7561","-1,72346532344818","26,0801078328066","-0,00000414","1,78652249760908","405,570627909849","232178,074849576"
"233624,074849576",1,"13375215698,0812","1674239,92221954","188112,905772072","10231,4579287866","5,58966466242418",0,0,"27,1134054532221","-50,1491375875476","52,4937107929872","13372514017,7482","-1,77580273151398","26,0801078328066","-0,00000415","1,78652249760908","405,570627909849","234178,074849576"
"235624,074849576",1,"13375836110,2502","1745821,00498816","188122,399034348","10231,0756726754","5,58966466242418",0,0,"27,0125187024932","-50,1756688593999","52,497263581594","13373109831,3985","-1,82813264131546","26,0801078328066","-0,00000415","1,78652249760908","405,570627909849","236178,074849576"
"237624,074849576",1,"13376461981,9357","1395969,77025934","188131,975790716","10230,6900735459","5,58966466242418",0,0,"26,9114433280033","-50,202172842379","52,5009164969218","13373711112,8874","-1,88045568466187","26,0801078328066","-0,00000416","1,78652249760908","405,570627909849","238178,074849576"
"239624,074849576",1,"13377093311,2353","1046117,85117386","188141,63601089","10230,3011331174","5,58966466242418",0,0,"26,8101791768198","-50,2286491047788","52,5046695241462","13374317860,3796","-1,93277103900909","26,0801078328066","-0,00000416","1,78652249760908","405,570627909849","240178,074849576"
"241624,074849576",1,"13377730096,2149","696266,063463095","188151,379664094","10229,9088531232","5,58966466242418",0,0,"26,7087260851888","-50,2550981333252","52,5085230787868","13374930072,0235","-1,98507865667343","26,0801078328066","-0,00000417","1,78652249760908","405,570627909849","242178,074849576"
"243624,074849576",1,"13378372334,9462","346418,270829175","188161,206719625","10229,5132353111","5,58966466242418",0,0,"26,607084057259","-50,2815199338935","52,5124767146617","13375547745,9523","-2,03737860918045","26,0801078328066","-0,00000418","1,78652249760908","405,570627909849","244178,074849576"
"245624,074849576",1,"13379020025,4648","4733,1348152505","188171,117146227","10229,1142814432","5,58966466242418",0,0,"26,5052523062828","-50,3079144667201","52,5165299857062","13376170880,2808","-2,08967094421387","26,0801078328066","-0,00000418","1,78652249760908","405,570627909849","246178,074849576"
"247624,074849576",1,"13379673165,791","353325,589780184","188181,110912399","10228,7119932958","5,58966466242418",0,0,"26,4032308170077","-50,3342822203038","52,5206833060082","13376799473,1081","-2,14195501804352","26,0801078328066","-0,00000419","1,78652249760908","405,570627909849","248178,074849576"
"249624,074849576",1,"13380331753,9474","703176,67266005","188191,187986657","10228,3063726594","5,58966466242418",0,0,"26,3010197286441","-50,360622935491","52,5249366589813","13377433522,5185","-2,19423109292984","26,0801078328066","-0,00000419","1,78652249760908","405,570627909849","250178,074849576"
"251624,074849576",1,"13380995787,915","1053033,61498304","188201,348336886","10227,8974213389","5,58966466242418",0,0,"26,198618094452","-50,3869371436844","52,5292904578268","13378073026,5782","-2,24649879932404","26,0801078328066","-0,0000042","1,78652249760908","405,570627909849","252178,074849576"
"253624,074849576",1,"13381665265,6834","1402892,71616966","188211,591931077","10227,4851411533","5,58966466242418",0,0,"26,0960258809624","-50,4132245880115","52,5337433941641","13378717983,3384","-2,2987583398819","26,0801078328066","-0,00000421","1,78652249760908","405,570627909849","254178,074849576"
"255624,074849576",1,"13382340185,2116","1752753,17043032","188221,918736755","10227,0695339358","5,58966466242418",0,0,"25,9932427648456","-50,4394857547671","52,5382963108338","13379368390,8345","-2,35100965499878","26,0801078328066","-0,00000421","1,78652249760908","405,570627909849","256178,074849576"
"257624,074849576",1,"13383020544,4526","1667296,47769942","188232,328721334","10226,6506015336","5,58966466242418",0,0,"25,8902685538095","-50,4657204314921","52,5429491896838","13380024247,0862","-2,40325231552124","26,0801078328066","-0,00000422","1,78652249760908","405,570627909849","258178,074849576"
"259624,074849576",1,"13383706341,3215","1317434,18327468","188242,821851658","10226,2283458084","5,58966466242418",0,0,"25,7871030563225","-50,4919291059101","52,5477015818403","13380685550,0948","-2,45548639297485","26,0801078328066","-0,00000423","1,78652249760908","405,570627909849","260178,074849576"
"261624,074849576",1,"13384397573,7462","967571,477012558","188253,398094734","10225,8027686355","5,58966466242418",0,0,"25,6837462291899","-50,5181115196318","52,5525538984571","13381352297,848","-2,5077121257782","26,0801078328066","-0,00000423","1,78652249760908","405,570627909849","262178,074849576"
"263624,074849576",1,"13385094239,6234","617709,431212493","188264,057417094","10225,3738719048","5,58966466242418",0,0,"25,5801975677369","-50,5442678948269","52,5575052599274","13382024488,3157","-2,55992879867554","26,0801078328066","-0,00000424","1,78652249760908","405,570627909849","264178,074849576"
"265624,074849576",1,"13385796336,8206","267854,464373626","188274,799784826","10224,94165752","5,58966466242418",0,0,"25,4764568691609","-50,5703987632394","52,5625565068834","13382702119,4513","-2,61213648319244","26,0801078328066","-0,00000425","1,78652249760908","405,570627909849","266178,074849576"
"267624,074849576",1,"13386503863,2392","82095,9032910173","188285,625164492","10224,5061273987","5,58966466242418",0,0,"25,3725236250091","-50,5965036041051","52,5677071890008","13383385189,1961","-2,66433489322662","26,0801078328066","-0,00000425","1,78652249760908","405,570627909849","268178,074849576"
"269624,074849576",1,"13387216816,6988","431912,016904879","188296,533521437","10224,0672834729","5,58966466242418",0,0,"25,268397769026","-50,6225829496293","52,5729572858567","13384073695,4712","-2,71652407646179","26,0801078328066","-0,00000426","1,78652249760908","405,570627909849","270178,074849576"
"271624,074849576",1,"13387935195,0444","781775,27867056","188307,524821356","10223,6251276882","5,58966466242418",0,0,"25,1640791052343","-50,6486367582522","52,578306346469","13384767636,1842","-2,76870431900024","26,0801078328066","-0,00000427","1,78652249760908","405,570627909849","272178,074849576"
"273624,074849576",1,"13388658996,0871","1131642,72046644","188318,599029434","10223,1796620044","5,58966466242418",0,0,"25,0595677065359","-50,6746655160444","52,5837547798565","13385467009,2245","-2,82087514400482","26,0801078328066","-0,00000427","1,78652249760908","405,570627909849","274178,074849576"
"275624,074849576",1,"13389388217,6397","1481511,9336704","188329,756110858","10222,7308883952","5,58966466242418",0,0,"24,9548630543204","-50,700668796819","52,5893017045309","13386171812,4674","-2,87303614616394","26,0801078328066","-0,00000428","1,78652249760908","405,570627909849","276178,074849576"
"277624,074849576",1,"13390122857,4813","1831382,27155268","188340,996030299","10222,2788088481","5,58966466242418",0,0,"24,8499650729042","-50,7266470379286","52,5949479582076","13386882043,7702","-2,92518734931946","26,0801078328066","-0,00000429","1,78652249760908","405,570627909849","278178,074849576"
"279624,074849576",1,"13390862913,3992","1588657,619737","188352,318752538","10221,8234253647","5,58966466242418",0,0,"24,7448732206132","-50,7526001965841","52,6006930888192","13387597700,978","-2,97732884883881","26,0801078328066","-0,0000043","1,78652249760908","405,570627909849","280178,074849576"
"281624,074849576",1,"13391608383,1299","1238785,76364056","188363,724241583","10221,3647399603","5,58966466242418",0,0,"24,6395875575305","-50,77852880682","52,6065366436923","13388318781,9164","-3,02946076393127","26,0801078328066","-0,0000043","1,78652249760908","405,570627909849","282178,074849576"
"283624,074849576",1,"13392359264,4161","888913,74500028","188375,212461519","10220,9027546641","5,58966466242418",0,0,"24,5341078786749","-50,8044328730759","52,612479459528","13389045284,3956","-3,08158228397369","26,0801078328066","-0,00000431","1,78652249760908","405,570627909849","284178,074849576"
"285624,074849576",1,"13393115554,9883","539043,027319647","188386,783376231","10220,437471519","5,58966466242418",0,0,"24,4284337673349","-50,830312185633","52,6185206532684","13389777206,2124","-3,13369357585907","26,0801078328066","-0,00000432","1,78652249760908","405,570627909849","286178,074849576"
"287624,074849576",1,"13393877252,5462","189185,632390922","188398,436949136","10219,9688925818","5,58966466242418",0,0,"24,3225652765828","-50,8561669654747","52,6246606307919","13390514545,1431","-3,18579516410828","26,0801078328066","-0,00000433","1,78652249760908","405,570627909849","288178,074849576"
"289624,074849576",1,"13394644354,7964","160750,852155526","188410,173143732","10219,4970199232","5,58966466242418",0,0,"24,2165021885631","-50,8819974330353","52,6308989383983","13391257298,9529","-3,23788650035858","26,0801078328066","-0,00000433","1,78652249760908","405,570627909849","290178,074849576"
"291624,074849576",1,"13395416859,407","510605,474376294","188421,991922933","10219,0218556273","5,58966466242418",0,0,"24,1102442210652","-50,9078036433237","52,6372355516373","13392005465,3891","-3,28996684551239","26,0801078328066","-0,00000434","1,78652249760908","405,570627909849","292178,074849576"
"293624,074849576",1,"13396194764,0451","860479,023703128","188433,893249619","10218,5434017922","5,58966466242418",0,0,"24,0037908101914","-50,9335858167882","52,6436708751552","13392759042,1849","-3,34203674793243","26,0801078328066","-0,00000435","1,78652249760908","405,570627909849","294178,074849576"
"295624,074849576",1,"13396978066,3514","1210355,71925079","188445,877086268","10218,0616605296","5,58966466242418",0,0,"23,897141998134","-50,9593441759322","52,6502048840544","13393518027,0561","-3,39409611225128","26,0801078328066","-0,00000436","1,78652249760908","405,570627909849","296178,074849576"
"297624,074849576",1,"13397766763,9496","1560233,90484136","188457,943395088","10217,5766339648","5,58966466242418",0,0,"23,790297671266","-50,9850786726059","52,6568366931699","13394282417,7029","-3,44614450931549","26,0801078328066","-0,00000436","1,78652249760908","405,570627909849","298178,074849576"
"299624,074849576",1,"13398560854,4574","1859798,00259025","188470,09213818","10217,0883242367","5,58966466242418",0,0,"23,683257600978","-51,0107894138679","52,6635671357193","13395052211,8088","-3,49818255901337","26,0801078328066","-0,00000437","1,78652249760908","405,570627909849","300178,074849576"
"301624,074849576",1,"13399360335,4824","1509918,15271623","188482,323277477","10216,5967334979","5,58966466242418",0,0,"23,5760214639482","-51,0364764065083","52,6703953267114","13395827407,044","-3,55020904541016","26,0801078328066","-0,00000438","1,78652249760908","405,570627909849","302178,074849576"
"303624,074849576",1,"13400165204,6114","1160037,75883438","188494,636774592","10216,1018639147","5,58966466242418",0,0,"23,4685889971733","-51,0621395514744","52,6773216684312","13396608001,0635","-3,60222516059876","26,0801078328066","-0,00000439","1,78652249760908","405,570627909849","304178,074849576"
"305624,074849576",1,"13400975459,4148","810157,451880218","188507,032590877","10215,6037176666","5,58966466242418",0,0,"23,3609603791708","-51,0877793873046","52,6843457050168","13397393991,5062","-3,65422959327698","26,0801078328066","-0,0000044","1,78652249760908","405,570627909849","306178,074849576"
"307624,074849576",1,"13401791097,4099","460279,332137053","188519,510686887","10215,1022969469","5,58966466242418",0,0,"23,2531353250147","-51,1133961323312","52,6914674087505","13398185375,9926","-3,70622236728668","26,0801078328066","-0,0000044","1,78652249760908","405,570627909849","308178,074849576"
"309624,074849576",1,"13402612116,1642","110431,621724353","188532,071023894","10214,5976039623","5,58966466242418",0,0,"23,1451135030241","-51,1389896294637","52,6986871814929","13398982152,1293","-3,75820372104645","26,0801078328066","-0,00000441","1,78652249760908","405,570627909849","310178,074849576"
"311624,074849576",1,"13403438513,1919","239522,265172257","188544,713562375","10214,0896409331","5,58966466242418",0,0,"23,0368949540397","-51,1645600466022","52,7060045660299","13399784317,5078","-3,8101735830307","26,0801078328066","-0,00000442","1,78652249760908","405,570627909849","312178,074849576"
"313624,074849576",1,"13404270285,9988","589394,525852648","188557,438262658","10213,5784100928","5,58966466242418",0,0,"22,9284793996088","-51,1901073878391","52,7134191044956","13400591869,7032","-3,86213181018829","26,0801078328066","-0,00000443","1,78652249760908","405,570627909849","314178,074849576"
"315624,074849576",1,"13405107432,0653","939277,154865004","188570,245084689","10213,0639136884","5,58966466242418",0,0,"22,8198666762879","-51,2156321396892","52,7209316266382","13401404806,2746","-3,9140784740448","26,0801078328066","-0,00000444","1,78652249760908","405,570627909849","316178,074849576"
"317624,074849576",1,"13405949948,8859","1289162,25195543","188583,133988593","10212,5461539805","5,58966466242418",0,0,"22,7110564759098","-51,2411341433612","52,7285412453411","13402223124,7682","-3,96601321697235","26,0801078328066","-0,00000445","1,78652249760908","405,570627909849","318178,074849576"
"319624,074849576",1,"13406797833,9016","1639048,62580825","188596,104933698","10212,0251332428","5,58966466242418",0,0,"22,6020490145761","-51,2666135676265","52,7362483596879","13403046822,7126","-4,01793577671051","26,0801078328066","-0,00000445","1,78652249760908","405,570627909849","320178,074849576"
"321624,074849576",1,"13407651084,5713","1780975,27305206","188609,157879578","10211,5008537623","5,58966466242418",0,0,"22,4928439474383","-51,2920703648841","52,7440525118624","13403875897,6215","-4,06984610557556","26,0801078328066","-0,00000446","1,78652249760908","405,570627909849","322178,074849576"
"323624,074849576",1,"13408509698,299","1431087,39559392","188622,292784983","10210,9733178396","5,58966466242418",0,0,"22,3834411985239","-51,3175051770962","52,7519536708789","13404710346,9903","-4,12174408435822","26,0801078328066","-0,00000447","1,78652249760908","405,570627909849","324178,074849576"
"325624,074849576",1,"13409373672,5104","1081199,1690303","188635,509608959","10210,4425277882","5,58966466242418",0,0,"22,2738404691608","-51,3429176378013","52,7599522359514","13405550168,2998","-4,1736300945282","26,0801078328066","-0,00000448","1,78652249760908","405,570627909849","326178,074849576"
"327624,074849576",1,"13410243004,6157","731311,317613226","188648,808310309","10209,9084859352","5,58966466242418",0,0,"22,1640416540696","-51,3683080717833","52,7680473182954","13406395359,0204","-4,22550349235535","26,0801078328066","-0,00000449","1,78652249760908","405,570627909849","328178,074849576"
"329624,074849576",1,"13411117691,9941","381426,997811388","188662,18884737","10209,3711946207","5,58966466242418",0,0,"22,0540444819839","-51,3936763775154","52,7762393155192","13407245916,6034","-4,27736458778381","26,0801078328066","-0,0000045","1,78652249760908","405,570627909849","330178,074849576"
"331624,074849576",1,"13411997732,0095","31687,5014990727","188675,651178226","10208,8306561979","5,58966466242418",0,0,"21,9438489412838","-51,4190228252626","52,7845281965852","13408101838,4852","-4,32921295166016","26,0801078328066","-0,00000451","1,78652249760908","405,570627909849","332178,074849576"
"333624,074849576",1,"13412883121,9996","318387,105458323","188689,195260565","10208,2868730334","5,58966466242418",0,0,"21,8334549075687","-51,4443472618965","52,792913929645","13408963122,0853","-4,38104853630066","26,0801078328066","-0,00000452","1,78652249760908","405,570627909849","334178,074849576"
"335624,074849576",1,"13413773859,3247","668271,448040059","188702,821052387","10207,7398475068","5,58966466242418",0,0,"21,7228623909048","-51,469650118667","52,8013956249832","13409829764,8112","-4,4328709602356","26,0801078328066","-0,00000453","1,78652249760908","405,570627909849","336178,074849576"
"337624,074849576",1,"13414669941,3127","1018162,36605873","188716,528511205","10207,1895820108","5,58966466242418",0,0,"21,6120710415305","-51,4949314000858","52,8099741081536","13410701764,0539","-4,4846803188324","26,0801078328066","-0,00000453","1,78652249760908","405,570627909849","338178,074849576"
"339624,074849576",1,"13415571365,2434","1368055,28281134","188730,3175938","10206,6360789512","5,58966466242418",0,0,"21,5010808514493","-51,5201913236006","52,8186484884585","13411579117,188","-4,53647632598877","26,0801078328066","-0,00000454","1,78652249760908","405,570627909849","340178,074849576"
"341624,074849576",1,"13416478128,4254","1717949,31280467","188744,188257363","10206,0793407467","5,58966466242418",0,0,"21,3898915290291","-51,5454299493041","52,8274195910734","13412461821,5735","-4,58825960159302","26,0801078328066","-0,00000455","1,78652249760908","405,570627909849","342178,074849576"
"343624,074849576",1,"13417390228,1386","1702067,02387665","188758,140458646","10205,5193698293","5,58966466242418",0,0,"21,278503150012","-51,5706471714164","52,8362865248081","13413349874,5574","-4,64002928733826","26,0801078328066","-0,00000456","1,78652249760908","405,570627909849","344178,074849576"
"345624,074849576",1,"13418307661,6268","1352171,66150689","188772,174153852","10204,9561686436","5,58966466242418",0,0,"21,1669153876331","-51,5958433171878","52,8452496847101","13414243273,469","-4,69178557395935","26,0801078328066","-0,00000457","1,78652249760908","405,570627909849","346178,074849576"
"347624,074849576",1,"13419230426,1506","1002276,09524138","188786,289299419","10204,3897396475","5,58966466242418",0,0,"21,0551283742419","-51,6210186045789","52,8543090371376","13415142015,6225","-4,74352803230286","26,0801078328066","-0,00000458","1,78652249760908","405,570627909849","348178,074849576"
"349624,074849576",1,"13420158518,9254","652381,265126887","188800,485851099","10203,8200853117","5,58966466242418",0,0,"20,9431421487101","-51,6461728254148","52,8634636907879","13416046098,3157","-4,79525699615479","26,0801078328066","-0,00000459","1,78652249760908","405,570627909849","350178,074849576"
"351624,074849576",1,"13421091937,1916","302492,229022318","188814,763764992","10203,2472081196","5,58966466242418",0,0,"20,8309562594033","-51,6713065207364","52,8727140396616","13416955518,8339","-4,84697232246399","26,0801078328066","-0,0000046","1,78652249760908","405,570627909849","352178,074849576"
"353624,074849576",1,"13422030678,1414","47534,5061942685","188829,122996481","10202,6711105677","5,58966466242418",0,0,"20,7185709864261","-51,6964195840914","52,8820600487048","13417870274,4481","-4,89867362976074","26,0801078328066","-0,00000461","1,78652249760908","405,570627909849","354178,074849576"
"355624,074849576",1,"13422974738,9621","397336,950399642","188843,563500856","10202,0917951653","5,58966466242418",0,0,"20,6059860314901","-51,7215115396761","52,8915016830612","13418790362,4118","-4,95036087036133","26,0801078328066","-0,00000462","1,78652249760908","405,570627909849","356178,074849576"
"357624,074849576",1,"13423924116,8064","747231,072622778","188858,085232878","10201,5092644343","5,58966466242418",0,0,"20,493201205652","-51,7465834084937","52,9010389070154","13419715779,9612","-5,00203466415405","26,0801078328066","-0,00000463","1,78652249760908","405,570627909849","358178,074849576"
"359624,074849576",1,"13424878808,8628","1097129,74664887","188872,688147823","10200,9235209097","5,58966466242418",0,0,"20,3802166218299","-51,7716347154565","52,9106712566467","13420646524,3231","-5,05369381904602","26,0801078328066","-0,00000464","1,78652249760908","405,570627909849","360178,074849576"
"361624,074849576",1,"13425838812,2491","1447030,09098859","188887,372199911","10200,3345671388","5,58966466242418",0,0,"20,2670322860475","-51,7966658884934","52,9203986962357","13421582592,7055","-5,10533804893494","26,0801078328066","-0,00000465","1,78652249760908","405,570627909849","362178,074849576"
"363624,074849576",1,"13426804124,0973","1796931,41950896","188902,137343554","10199,742405682","5,58966466242418",0,0,"20,1536479510106","-51,8216769295371","52,930221189193","13422523982,3014","-5,15696816444397","26,0801078328066","-0,00000466","1,78652249760908","405,570627909849","364178,074849576"
"365624,074849576",1,"13427774741,5296","1623077,67712972","188916,983532998","10199,1470391122","5,58966466242418",0,0,"20,0400638373822","-51,8466679032488","52,9401386985994","13423470690,2916","-5,20858397483826","26,0801078328066","-0,00000467","1,78652249760908","405,570627909849","366178,074849576"
"367624,074849576",1,"13428750661,6391","1273175,16547582","188931,91072205","10198,548470015","5,58966466242418",0,0,"19,9262795238101","-51,8716387563161","52,9501511877718","13424422713,8405","-5,26018552780151","26,0801078328066","-0,00000468","1,78652249760908","405,570627909849","368178,074849576"
"369624,074849576",1,"13429731881,5133","923272,600948462","188946,91886442","10197,9467009884","5,58966466242418",0,0,"19,812295124227","-51,8965900313785","52,9602586197149","13425380050,0993","-5,31177172660828","26,0801078328066","-0,00000469","1,78652249760908","405,570627909849","370178,074849576"
"371624,074849576",1,"13430718398,1981","573371,252582763","188962,007913184","10197,3417346433","5,58966466242418",0,0,"19,6981108086696","-51,9215211962851","52,9704605290276","13426342696,1999","-5,36334285736084","26,0801078328066","-0,0000047","1,78652249760908","405,570627909849","372178,074849576"
"373624,074849576",1,"13431710208,7761","223480,081359819","188977,177821949","10196,7335736029","5,58966466242418",0,0,"19,5837260960754","-51,9464330028976","52,9807568776236","13427310649,2634","-5,41489896774292","26,0801078328066","-0,00000471","1,78652249760908","405,570627909849","374178,074849576"
"375624,074849576",1,"13432707310,2689","126490,954501486","188992,428543403","10196,122220503","5,58966466242418",0,0,"19,4691412021253","-51,9713255150703","52,9911476276789","13428283906,3941","-5,46644034385681","26,0801078328066","-0,00000472","1,78652249760908","405,570627909849","376178,074849576"
"377624,074849576",1,"13433709699,6883","476367,27982858","189007,760030079","10195,5076779919","5,58966466242418",0,0,"19,354356084383","-51,9961983503346","53,001632740473","13429262464,6823","-5,51796569824219","26,0801078328066","-0,00000473","1,78652249760908","405,570627909849","378178,074849576"
"379624,074849576",1,"13434717374,0606","826270,004019794","189023,172234699","10194,8899487304","5,58966466242418",0,0,"19,2393707119517","-52,0210520518914","53,012211750284","13430246321,202","-5,56947588920593","26,0801078328066","-0,00000474","1,78652249760908","405,570627909849","380178,074849576"
"381624,074849576",1,"13435730330,3857","1176176,09463586","189038,66510959","10194,2690353916","5,58966466242418",0,0,"19,1241846096009","-52,045886683795","53,0228854729133","13431235473,0157","-5,62097144126892","26,0801078328066","-0,00000475","1,78652249760908","405,570627909849","382178,074849576"
"383624,074849576",1,"13436748565,6403","1526083,61568314","189054,238606715","10193,644940661","5,58966466242418",0,0,"19,008798349061","-52,0707020391422","53,0336525871247","13432229917,17","-5,67245111465454","26,0801078328066","-0,00000477","1,78652249760908","405,570627909849","384178,074849576"
"385624,074849576",1,"13437772076,7702","1875991,80061231","189069,892677573","10193,0176672365","5,58966466242418",0,0,"18,8932117346696","-52,0954984848825","53,0445134802836","13433229650,6941","-5,72391481399536","26,0801078328066","-0,00000478","1,78652249760908","405,570627909849","386178,074849576"
"387624,074849576",1,"13438800860,7467","1544010,06145291","189085,627274016","10192,3872178284","5,58966466242418",0,0,"18,7774247913204","-52,1202760846135","53,0554681128416","13434234670,6048","-5,77536268234253","26,0801078328066","-0,00000479","1,78652249760908","405,570627909849","388178,074849576"
"389624,074849576",1,"13439834914,4898","1194100,61571382","189101,442347131","10191,7535951591","5,58966466242418",0,0,"18,6614374981552","-52,145035053858","53,0665164449521","13435244973,9025","-5,82679491043091","26,0801078328066","-0,0000048","1,78652249760908","405,570627909849","390178,074849576"
"391624,074849576",1,"13440874234,9514","844191,292877995","189117,337848455","10191,1168019633","5,58966466242418",0,0,"18,5452497039895","-52,1697753968069","53,0776584364714","13436260557,5778","-5,87821164131165","26,0801078328066","-0,00000481","1,78652249760908","405,570627909849","392178,074849576"
"393624,074849576",1,"13441918818,9941","494283,873902207","189133,3137282","10190,4768409881","5,58966466242418",0,0,"18,4288614215057","-52,1944971174131","53,0888936194999","13437281418,5996","-5,92961182594299","26,0801078328066","-0,00000482","1,78652249760908","405,570627909849","394178,074849576"
"395624,074849576",1,"13442968663,5332","144397,1066263","189149,369937332","10189,8337149926","5,58966466242418",0,0,"18,3122727657155","-52,2192002219774","53,1002219534239","13438307553,926","-5,98099546432495","26,0801078328066","-0,00000483","1,78652249760908","405,570627909849","396178,074849576"
"397624,074849576",1,"13444023765,4746","205577,79763514","189165,506426667","10189,1874267481","5,58966466242418",0,0,"18,1954839060335","-52,2438849819369","53,1116433966986","13439338960,5046","-6,03236317634583","26,0801078328066","-0,00000484","1,78652249760908","405,570627909849","398178,074849576"
"399624,074849576",1,"13445084121,6506","555475,458427912","189181,723145923","10188,5379790381","5,58966466242418",0,0,"18,0784945053482","-52,2685518827813","53,1231579087606","13440375635,2636","-6,08371505737305","26,0801078328066","-0,00000485","1,78652249760908","405,570627909849","400178,074849576"
"401624,074849576",1,"13446149728,8947","905386,136630749","189198,020044819","10187,885374658","5,58966466242418",0,0,"17,9613051579649","-52,2932001189674","53,1347650202604","13441417575,1146","-6,13504967689514","26,0801078328066","-0,00000487","1,78652249760908","405,570627909849","402178,074849576"
"403624,074849576",1,"13447220584,0655","1255299,42732069","189214,39707343","10187,2296164155","5,58966466242418",0,0,"17,8439156288931","-52,3178305055392","53,1464651173418","13442464776,9571","-6,18636765480042","26,0801078328066","-0,00000488","1,78652249760908","405,570627909849","404178,074849576"
"405624,074849576",1,"13448296684,0106","1605213,96803466","189230,854181651","10186,5707071301","5,58966466242418",0,0,"17,726325950898","-52,3424430466993","53,1582577301951","13443517237,6811","-6,23766894340515","26,0801078328066","-0,00000489","1,78652249760908","405,570627909849","406178,074849576"
"407624,074849576",1,"13449378025,5038","1814781,80458045","189247,391318277","10185,9086496335","5,58966466242418",0,0,"17,6085359477608","-52,3670376849783","53,1701428165877","13444574954,1568","-6,28895363807678","26,0801078328066","-0,0000049","1,78652249760908","405,570627909849","408178,074849576"
"409624,074849576",1,"13450464605,3403","1464865,88044661","189264,008432403","10185,2434467691","5,58966466242418",0,0,"17,4905459189555","-52,391614425368","53,1821203340032","13445637923,2419","-6,34022178649902","26,0801078328066","-0,00000491","1,78652249760908","405,570627909849","410178,074849576"
"411624,074849576",1,"13451556420,3009","1114949,63801764","189280,705472902","10184,5751013925","5,58966466242418",0,0,"17,3723558771549","-52,4161735430194","53,1941902396423","13446706141,7768","-6,39147219657898","26,0801078328066","-0,00000492","1,78652249760908","405,570627909849","412178,074849576"
"413624,074849576",1,"13452653467,1588","765033,730934283","189297,482388511","10183,9036163709","5,58966466242418",0,0,"17,2539658786124","-52,4407153131043","53,2063520642711","13447779606,5933","-6,44270567893982","26,0801078328066","-0,00000493","1,78652249760908","405,570627909849","414178,074849576"
"415624,074849576",1,"13453755742,6685","415120,789792595","189314,339127684","10183,2289945836","5,58966466242418",0,0,"17,1353759385793","-52,4652396148452","53,2186061907518","13448858314,5068","-6,49392228126526","26,0801078328066","-0,00000495","1,78652249760908","405,570627909849","416178,074849576"
"417624,074849576",1,"13454863243,5257","65269,1545681204","189331,275637993","10182,5512389216","5,58966466242418",0,0,"17,0165861911586","-52,489746641264","53,2309517227336","13449942262,3119","-6,54512133598328","26,0801078328066","-0,00000496","1,78652249760908","405,570627909849","418178,074849576"
"419624,074849576",1,"13455975966,4834","284749,584194983","189348,291867836","10181,8703522877","5,58966466242418",0,0,"16,8975967430988","-52,5142359995554","53,243389469147","13451031446,7952","-6,59630274772644","26,0801078328066","-0,00000497","1,78652249760908","405,570627909849","420178,074849576"
"421624,074849576",1,"13457093908,2602","634660,032971004","189365,387765091","10181,1863375963","5,58966466242418",0,0,"16,7784078786553","-52,5387087144418","53,255918533364","13452125864,7318","-6,6474666595459","26,0801078328066","-0,00000498","1,78652249760908","405,570627909849","422178,074849576"
"423624,074849576",1,"13458217065,5324","984578,286501236","189382,563277003","10180,4991977738","5,58966466242418",0,0,"16,6590191799576","-52,5631643133616","53,2685392976921","13453225512,8784","-6,69861330986023","26,0801078328066","-0,00000499","1,78652249760908","405,570627909849","424178,074849576"
"425624,074849576",1,"13459345434,9882","1334498,65416518","189399,818350973","10179,8089357581","5,58966466242418",0,0,"16,5394309187976","-52,5876027357333","53,2812512911039","13454330387,9762","-6,74974188804626","26,0801078328066","-0,00000501","1,78652249760908","405,570627909849","426178,074849576"
"427624,074849576",1,"13460479013,2701","1684420,13256292","189417,152933721","10179,1155544988","5,58966466242418",0,0,"16,4196434191089","-52,6120245927667","53,2940544688671","13455440486,7528","-6,80085196495056","26,0801078328066","-0,00000502","1,78652249760908","405,570627909849","428178,074849576"
"429624,074849576",1,"13461617797,078","1735568,78306331","189434,566972786","10178,4190569569","5,58966466242418",0,0,"16,2996564499764","-52,6364295531928","53,3069487859801","13456555805,9266","-6,85194382667541","26,0801078328066","-0,00000503","1,78652249760908","405,570627909849","430178,074849576"
"431624,074849576",1,"13462761783,0044","1385646,02530554","189452,06041412","10177,7194461054","5,58966466242418",0,0,"16,1794700975353","-52,6608181006344","53,3199337716695","13457676342,197","-6,90301852226257","26,0801078328066","-0,00000504","1,78652249760908","405,570627909849","432178,074849576"
"433624,074849576",1,"13463910967,6924","1035723,0561222","189469,633204405","10177,0167249285","5,58966466242418",0,0,"16,0590850335633","-52,6851897613649","53,3330098067012","13458802092,2503","-6,95407514572144","26,0801078328066","-0,00000506","1,78652249760908","405,570627909849","434178,074849576"
"435624,074849576",1,"13465065347,7385","685800,715212424","189487,285289627","10176,3108964219","5,58966466242418",0,0,"15,9385008685534","-52,7095450160708","53,3461764192005","13459933052,7573","-7,00511288642883","26,0801078328066","-0,00000507","1,78652249760908","405,570627909849","436178,074849576"
"437624,074849576",1,"13466224919,7788","335883,096640738","189505,016616325","10175,6019635929","5,58966466242418",0,0,"15,8177180448033","-52,7338838068468","53,3594335639857","13461069220,3826","-7,0561324596405","26,0801078328066","-0,00000508","1,78652249760908","405,570627909849","438178,074849576"
"439624,074849576",1,"13467389680,3595","14426,6407889308","189522,82712972","10174,8899294603","5,58966466242418",0,0,"15,6967365401371","-52,7582065388131","53,3727811941525","13462210591,7702","-7,10713257789612","26,0801078328066","-0,00000509","1,78652249760908","405,570627909849","440178,074849576"
"441624,074849576",1,"13468559626,057","363999,955776717","189540,716775454","10174,174797054","5,58966466242418",0,0,"15,5755564269254","-52,7825128787321","53,3862192640064","13463357163,5499","-7,15811486244202","26,0801078328066","-0,00000511","1,78652249760908","405,570627909849","442178,074849576"
"443624,074849576",1,"13469734753,4454","713920,34537359","189558,685499115","10173,4565694156","5,58966466242418",0,0,"15,4541781128896","-52,8068033112631","53,3997473018101","13464508932,3412","-7,20907821655273","26,0801078328066","-0,00000512","1,78652249760908","405,570627909849","444178,074849576"
"445624,074849576",1,"13470915059,0107","1063845,96612732","189576,733244997","10172,7352495978","5,58966466242418",0,0,"15,3326016891927","-52,8310779050434","53,4133652607739","13465665894,7435","-7,26002306938171","26,0801078328066","-0,00000513","1,78652249760908","405,570627909849","446178,074849576"
"447624,074849576",1,"13472100539,3424","1413773,34578174","189594,859958882","10172,0108406647","5,58966466242418",0,0,"15,2108271917116","-52,8553362608938","53,4270730938525","13466828047,3507","-7,31094880104065","26,0801078328066","-0,00000515","1,78652249760908","405,570627909849","448178,074849576"
"449624,074849576",1,"13473291190,9016","1763701,72578122","189613,065584668","10171,2833456916","5,58966466242418",0,0,"15,0888548602005","-52,8795790601157","53,4408703289287","13467995386,7331","-7,36185574531555","26,0801078328066","-0,00000516","1,78652249760908","405,570627909849","450178,074849576"
"451624,074849576",1,"13474487010,2389","1656280,33141656","189631,350067544","10170,5527677649","5,58966466242418",0,0,"14,9666850724643","-52,9038059680511","53,4547573441114","13469167909,4565","-7,41274213790894","26,0801078328066","-0,00000517","1,78652249760908","405,570627909849","452178,074849576"
"453624,074849576",1,"13475687993,8334","1306350,77007882","189649,713351636","10169,8191099825","5,58966466242418",0,0,"14,8443175429523","-52,9280176734439","53,4687340916069","13470345612,0706","-7,46360950469971","26,0801078328066","-0,00000518","1,78652249760908","405,570627909849","454178,074849576"
"455624,074849576",1,"13476894138,1313","956421,120864445","189668,155380578","10169,0823754532","5,58966466242418",0,0,"14,7217531284728","-52,9522135623171","53,4827996742077","13471528491,1099","-7,51445775032043","26,0801078328066","-0,0000052","1,78652249760908","405,570627909849","456178,074849576"
"457624,074849576",1,"13478105439,5892","606492,490399336","189686,676098137","10168,3425672968","5,58966466242418",0,0,"14,5989914658108","-52,9763943244347","53,4969548937216","13472716543,0909","-7,56528639793396","26,0801078328066","-0,00000521","1,78652249760908","405,570627909849","458178,074849576"
"459624,074849576",1,"13479321894,689","256571,82703737","189705,275448436","10167,5996886445","5,58966466242418",0,0,"14,4760326722627","-53,0005596247394","53,5111988519922","13473909764,5239","-7,61609625816345","26,0801078328066","-0,00000522","1,78652249760908","405,570627909849","460178,074849576"
"461624,074849576",1,"13480543499,8622","93437,7651023312","189723,953374847","10166,8537426383","5,58966466242418",0,0,"14,3528770876576","-53,0247098063878","53,5255315013422","13475108151,9044","-7,66688590049744","26,0801078328066","-0,00000524","1,78652249760908","405,570627909849","462178,074849576"
"463624,074849576",1,"13481770251,4799","443327,195982112","189742,709819847","10166,1047324313","5,58966466242418",0,0,"14,2295252385265","-53,0488448070847","53,5399532181254","13476311701,7079","-7,71765556335449","26,0801078328066","-0,00000525","1,78652249760908","405,570627909849","464178,074849576"
"465624,074849576",1,"13483002145,9971","793256,29316107","189761,544727118","10165,3526611874","5,58966466242418",0,0,"14,1059771340511","-53,0729646993918","53,5544635290706","13477520410,4065","-7,76840510368347","26,0801078328066","-0,00000526","1,78652249760908","405,570627909849","466178,074849576"
"467624,074849576",1,"13484239179,7766","1143189,16710179","189780,458038987","10164,5975320817","5,58966466242418",0,0,"13,9822328674571","-53,097069690094","53,5690623850082","13478734274,4499","-7,8191349029541","26,0801078328066","-0,00000528","1,78652249760908","405,570627909849","468178,074849576"
"469624,074849576",1,"13485481349,2182","1493123,54954893","189799,4496983","10163,8393483","5,58966466242418",0,0,"13,8582928534573","-53,1211597181214","53,5837497373334","13479953290,2816","-7,86984376907349","26,0801078328066","-0,00000529","1,78652249760908","405,570627909849","470178,074849576"
"471624,074849576",1,"13486728650,6629","1843058,81691715","189818,519647036","10163,0781130388","5,58966466242418",0,0,"13,7341572581101","-53,1452353324119","53,5985251124767","13481177454,324","-7,9205334186554","26,0801078328066","-0,00000531","1,78652249760908","405,570627909849","472178,074849576"
"473624,074849576",1,"13487981080,4916","1576916,34007009","189837,667827738","10162,3138295058","5,58966466242418",0,0,"13,6098266475801","-53,1692960587545","53,6133880368821","13482406762,9898","-7,97120251655579","26,0801078328066","-0,00000532","1,78652249760908","405,570627909849","474178,074849576"
"475624,074849576",1,"13489238635,0243","1226979,9711421","189856,894182043","10161,5465009192","5,58966466242418",0,0,"13,4853005187747","-53,1933426543969","53,6283393099409","13483641212,6791","-8,02185115814209","26,0801078328066","-0,00000533","1,78652249760908","405,570627909849","476178,074849576"
"477624,074849576",1,"13490501310,6093","877043,65335534","189876,198651992","10160,776130508","5,58966466242418",0,0,"13,3605799210156","-53,2173743024102","53,6433780331465","13484880799,7811","-8,07247924804688","26,0801078328066","-0,00000535","1,78652249760908","405,570627909849","478178,074849576"
"479624,074849576",1,"13491769103,5293","527108,922354373","189895,581178651","10160,002721512","5,58966466242418",0,0,"13,2356649960588","-53,241391827623","53,6585041570976","13486125520,6651","-8,12308621406555","26,0801078328066","-0,00000536","1,78652249760908","405,570627909849","480178,074849576"
"481624,074849576",1,"13493042010,0938","177189,202018956","189915,04170346","10159,2262771814","5,58966466242418",0,0,"13,1105559740109","-53,2653949610628","53,6737180556914","13487375371,6883","-8,17367234230042","26,0801078328066","-0,00000537","1,78652249760908","405,570627909849","482178,074849576"
"483624,074849576",1,"13494320026,5983","172810,661891247","189934,580167649","10158,4468007772","5,58966466242418",0,0,"12,9852527140784","-53,2893836362895","53,6890188312369","13488630349,2001","-8,22423758506775","26,0801078328066","-0,00000539","1,78652249760908","405,570627909849","484178,074849576"
"485624,074849576",1,"13495603149,3184","522730,978116185","189954,196512132","10157,6642955712","5,58966466242418",0,0,"12,8597555330077","-53,3133583367703","53,7044068571958","13489890449,5323","-8,27478160858154","26,0801078328066","-0,0000054","1,78652249760908","405,570627909849","486178,074849576"
"487624,074849576",1,"13496891374,5224","872668,174437204","189973,89067771","10156,8787648453","5,58966466242418",0,0,"12,7340651960833","-53,3373194792107","53,7198816592062","13491155669,0069","-8,32530527114868","26,0801078328066","-0,00000542","1,78652249760908","405,570627909849","488178,074849576"
"489624,074849576",1,"13498184698,4322","1222608,26134111","189993,662604488","10156,0902118924","5,58966466242418",0,0,"12,6081818989312","-53,3612664502985","53,7354431869577","13492426003,9283","-8,37580804824829","26,0801078328066","-0,00000543","1,78652249760908","405,570627909849","490178,074849576"
"491624,074849576",1,"13499483117,3056","1572549,66775014","190013,51223308","10155,2986400154","5,58966466242418",0,0,"12,4821059954127","-53,3851995281625","53,7510918130167","13493701450,5925","-8,42628927230835","26,0801078328066","-0,00000545","1,78652249760908","405,570627909849","492178,074849576"
"493624,074849576",1,"13500786627,3187","1847419,18386516","190033,439502899","10154,5040525279","5,58966466242418",0,0,"12,3558372046959","-53,4091189914935","53,7668270634866","13494982005,2752","-8,47674903869629","26,0801078328066","-0,00000546","1,78652249760908","405,570627909849","494178,074849576"
"495624,074849576",1,"13502095224,7351","1497476,35775925","190053,444354617","10153,706452754","5,58966466242418",0,0,"12,2293767339603","-53,4330245001839","53,7826484636697","13496267664,2463","-8,52718753814697","26,0801078328066","-0,00000547","1,78652249760908","405,570627909849","496178,074849576"
"497624,074849576",1,"13503408905,728","1147533,14169754","190073,52672757","10152,9058440278","5,58966466242418",0,0,"12,1027242092294","-53,4569168083144","53,7985559625987","13497558423,7582","-8,57760438919067","26,0801078328066","-0,00000549","1,78652249760908","405,570627909849","498178,074849576"
"499624,074849576",1,"13504727666,4813","797590,165138658","190093,686561243","10152,1022296942","5,58966466242418",0,0,"11,9758803726249","-53,480795516015","53,8145499318385","13498854280,0534","-8,62800016403198","26,0801078328066","-0,0000055","1,78652249760908","405,570627909849","500178,074849576"
"501624,074849576",1,"13506051503,1376","447649,642037965","190113,923794502","10151,295613108","5,58966466242418",0,0,"11,8488455359947","-53,5046607579003","53,8306294736828","13500155229,3578","-8,67837419509888","26,0801078328066","-0,00000552","1,78652249760908","405,570627909849","502178,074849576"
"503624,074849576",1,"13507380411,9146","97745,2215762398","190134,238367288","10150,4859976343","5,58966466242418",0,0,"11,7216199519758","-53,5285129557484","53,8467949601613","13501461267,8894","-8,72872610092163","26,0801078328066","-0,00000553","1,78652249760908","405,570627909849","504178,074849576"
"505624,074849576",1,"13508714388,9244","252276,075759715","190154,630217998","10149,6733866486","5,58966466242418",0,0,"11,5942042019731","-53,55235217289","53,8630459161638","13502772391,85","-8,77905645370483","26,0801078328066","-0,00000555","1,78652249760908","405,570627909849","506178,074849576"
"507624,074849576",1,"13510053430,3038","602211,591573806","190175,099285366","10148,8577835365","5,58966466242418",0,0,"11,4665986507719","-53,5761777350155","53,8793822898989","13504088597,4281","-8,82936449050903","26,0801078328066","-0,00000556","1,78652249760908","405,570627909849","508178,074849576"
"509624,074849576",1,"13511397532,1847","952156,582451317","190195,64550805","10148,0391916936","5,58966466242418",0,0,"11,3388031275931","-53,5999908744928","53,8958040293806","13505409880,8034","-8,87964973449707","26,0801078328066","-0,00000558","1,78652249760908","405,570627909849","510178,074849576"
"511624,074849576",1,"13512746690,6263","1302103,87581491","190216,268823629","10147,2176145256","5,58966466242418",0,0,"11,2108183545271","-53,62379064118","53,9123106593457","13506736238,1354","-8,9299129486084","26,0801078328066","-0,00000559","1,78652249760908","405,570627909849","512178,074849576"
"513624,074849576",1,"13514100901,7496","1652052,35443865","190236,969170564","10146,3930554486","5,58966466242418",0,0,"11,0826451696379","-53,6475774439418","53,9289021284897","13508067665,5785","-8,98015394210815","26,0801078328066","-0,00000561","1,78652249760908","405,570627909849","514178,074849576"
"515624,074849576",1,"13515460161,665","1767909,51702417","190257,746487158","10145,5655178881","5,58966466242418",0,0,"10,9542834471378","-53,6713520385053","53,9455788064498","13509404159,2715","-9,03037261962891","26,0801078328066","-0,00000562","1,78652249760908","405,570627909849","516178,074849576"
"517624,074849576",1,"13516824466,3677","1417959,68730825","190278,600710014","10144,7350052802","5,58966466242418",0,0,"10,8257338819145","-53,695113546643","53,9623402185542","13510745715,3355","-9,0805685043335","26,0801078328066","-0,00000564","1,78652249760908","405,570627909849","518178,074849576"
"519624,074849576",1,"13518193811,979","1068009,58240468","190299,531777565","10143,9015210706","5,58966466242418",0,0,"10,6969963183248","-53,7188625814372","53,9791858893163","13512092329,8853","-9,13074131011963","26,0801078328066","-0,00000565","1,78652249760908","405,570627909849","520178,074849576"
"521624,074849576",1,"13519568194,5432","718059,95990806","190320,539627099","10143,0650687149","5,58966466242418",0,0,"10,5680718005648","-53,7425992177963","53,9961157668824","13513443999,0258","-9,18089084625244","26,0801078328066","-0,00000567","1,78652249760908","405,570627909849","522178,074849576"
"523624,074849576",1,"13520947610,0375","368114,198985484","190341,624194925","10142,2256516786","5,58966466242418",0,0,"10,4389604744338","-53,7663236640197","54,0131302199629","13514800718,8381","-9,23101863861084","26,0801078328066","-0,00000568","1,78652249760908","405,570627909849","524178,074849576"
"525624,074849576",1,"13522332054,5159","18432,8380407431","190362,785418444","10141,3832734372","5,58966466242418",0,0,"10,30966277021","-53,790035443453","54,0302287737012","13516162485,3973","-9,28112297058106","26,0801078328066","-0,0000057","1,78652249760908","405,570627909849","526178,074849576"
"527624,074849576",1,"13523721523,9721","331823,138262536","190384,023234178","10140,5379374757","5,58966466242418",0,0,"10,1801791514515","-53,8137353163443","54,0474109533397","13517529294,7641","-9,33120412826538","26,0801078328066","-0,00000572","1,78652249760908","405,570627909849","528178,074849576"
"529624,074849576",1,"13525116014,3906","681769,664305109","190405,337578493","10139,6896472889","5,58966466242418",0,0,"10,05051058387","-53,8374228082691","54,0646767055891","13518901142,9847","-9,38126268386841","26,0801078328066","-0,00000573","1,78652249760908","405,570627909849","530178,074849576"
"531624,074849576",1,"13526515521,7926","1031722,29532198","190426,728388282","10138,8384063816","5,58966466242418",0,0,"9,92065689690313","-53,8610986025131","54,0820259769835","13520278026,1013","-9,43129720687866","26,0801078328066","-0,00000575","1,78652249760908","405,570627909849","532178,074849576"
"533624,074849576",1,"13527920042,1417","1381676,83839504","190448,195599583","10137,9842182678","5,58966466242418",0,0,"9,79061843954605","-53,8847622245121","54,0994591359877","13521659940,1405","-9,48130903244019","26,0801078328066","-0,00000576","1,78652249760908","405,570627909849","534178,074849576"
"535624,074849576",1,"13529329571,3389","1731632,44500387","190469,739147504","10137,1270864715","5,58966466242418",0,0,"9,6603959365034","-53,9084137536246","54,1169752855069","13523046881,1079","-9,53129644393921","26,0801078328066","-0,00000578","1,78652249760908","405,570627909849","536178,074849576"
"537624,074849576",1,"13530744105,423","1688322,34254234","190491,358969157","10136,2670145261","5,58966466242418",0,0,"9,52998997268289","-53,9320538729059","54,1345743726795","13524438845,0134","-9,58126039505005","26,0801078328066","-0,00000579","1,78652249760908","405,570627909849","538178,074849576"
"539624,074849576",1,"13532163640,26","1338365,46782175","190513,054999117","10135,4040059745","5,58966466242418",0,0,"9,39940139650151","-53,9556822344234","54,1522563435448","13525835827,8415","-9,63120059967041","26,0801078328066","-0,00000581","1,78652249760908","405,570627909849","540178,074849576"
"541624,074849576",1,"13533588171,765","988408,426017595","190534,827172665","10134,5380643694","5,58966466242418",0,0,"9,26862997753443","-53,979298993141","54,170021144916","13527237825,5637","-9,68111782073975","26,0801078328066","-0,00000583","1,78652249760908","405,570627909849","542178,074849576"
"543624,074849576",1,"13535017695,8448","638452,199000786","190556,675424939","10133,6691932726","5,58966466242418",0,0,"9,13767656940022","-54,0029042788333","54,1878683008564","13528644834,1445","-9,73101024627686","26,0801078328066","-0,00000584","1,78652249760908","405,570627909849","544178,074849576"
"545624,074849576",1,"13536452208,403","288502,334709125","190578,59969103","10132,7973962555","5,58966466242418",0,0,"9,00654186674182","-54,0264982454738","54,2057977580457","13530056849,5332","-9,78087873458862","26,0801078328066","-0,00000586","1,78652249760908","405,570627909849","546178,074849576"
"547624,074849576",1,"13537891705,353","61561,3350903236","190600,599906155","10131,922676899","5,58966466242418",0,0,"8,87522631608967","-54,0500806706833","54,2238098835154","13531473867,6712","-9,83072280883789","26,0801078328066","-0,00000587","1,78652249760908","405,570627909849","548178,074849576"
"549624,074849576",1,"13539336182,5454","411450,116917632","190622,676004601","10131,0450387931","5,58966466242418",0,0,"8,74373001850743","-54,0736517108163","54,2419042020789","13532895884,4867","-9,88054294586182","26,0801078328066","-0,00000589","1,78652249760908","405,570627909849","550178,074849576"
"551624,074849576",1,"13540785635,8341","761406,031982714","190644,827920688","10130,1644855373","5,58966466242418",0,0,"8,6120539375092","-54,0972115695059","54,2600806589904","13534322895,8909","-9,93034000396728","26,0801078328066","-0,00000591","1,78652249760908","405,570627909849","552178,074849576"
"553624,074849576",1,"13542240061,0562","1111366,24099318","190667,055588486","10129,2810207402","5,58966466242418",0,0,"8,48019865108975","-54,1207603270324","54,2783383589186","13535754897,7823","-9,98011140823364","26,0801078328066","-0,00000592","1,78652249760908","405,570627909849","554178,074849576"
"555624,074849576",1,"13543699454,0664","1461328,0794278","190689,358942304","10128,3946480199","5,58966466242418",0,0,"8,34816472574432","-54,1442983108405","54,2966776682741","13537191886,0551","-10,0298583984375","26,0801078328066","-0,00000594","1,78652249760908","405,570627909849","556178,074849576"
"557624,074849576",1,"13545163810,6816","1811290,8825764","190711,737915888","10127,5053710034","5,58966466242418",0,0,"8,21595240150633","-54,1678251253373","54,3150985330106","13538633856,5809","-10,0795812606812","26,0801078328066","-0,00000596","1,78652249760908","405,570627909849","558178,074849576"
"559624,074849576",1,"13546633126,6946","1608656,73348985","190734,192442622","10126,6131933269","5,58966466242418",0,0,"8,08356246041611","-54,1913409283141","54,333600478045","13540080805,2244","-10,1292793273926","26,0801078328066","-0,00000597","1,78652249760908","405,570627909849","560178,074849576"
"561624,074849576",1,"13548107397,9574","1258692,74429358","190756,722456744","10125,7181186359","5,58966466242418",0,0,"7,95099512660358","-54,2148461684712","54,3521838690513","13541532727,8436","-10,1789525985718","26,0801078328066","-0,00000599","1,78652249760908","405,570627909849","562178,074849576"
"563624,074849576",1,"13549586620,2596","908728,709078019","190779,327891564","10124,8201505848","5,58966466242418",0,0,"7,81825167776397","-54,2383405279829","54,3708478111278","13542989620,2851","-10,2286005020142","26,0801078328066","-0,00000601","1,78652249760908","405,570627909849","564178,074849576"
"565624,074849576",1,"13551070789,3391","558765,979140421","190802,008679625","10123,919292837","5,58966466242418",0,0,"7,68533215016332","-54,2618244884068","54,3895926696596","13544451478,3787","-10,2782242774963","26,0801078328066","-0,00000602","1,78652249760908","405,570627909849","566178,074849576"
"567624,074849576",1,"13552559900,9326","208814,649516749","190824,764753447","10123,0155490651","5,58966466242418",0,0,"7,55223719347777","-54,2852978527868","54,4084179695694","13545918297,9367","-10,327822303772","26,0801078328066","-0,00000604","1,78652249760908","405,570627909849","568178,074849576"
"569624,074849576",1,"13554053950,8308","141215,133417375","190847,596046322","10122,1089229503","5,58966466242418",0,0,"7,41896746867458","-54,3087609467544","54,4273240757591","13547390074,7652","-10,3773952484131","26,0801078328066","-0,00000606","1,78652249760908","405,570627909849","570178,074849576"
"571624,074849576",1,"13555552934,7958","491157,083543566","190870,502491115","10121,1994181831","5,58966466242418",0,0,"7,28552364864499","-54,3322136529969","54,4463100937493","13548866804,6614","-10,4269423484802","26,0801078328066","-0,00000607","1,78652249760908","405,570627909849","572178,074849576"
"573624,074849576",1,"13557056848,5532","841121,63589693","190893,484020147","10120,2870384626","5,58966466242418",0,0,"7,15190657709278","-54,3556561750282","54,4653763891628","13550348483,4111","-10,4764645576477","26,0801078328066","-0,00000609","1,78652249760908","405,570627909849","574178,074849576"
"575624,074849576",1,"13558565687,7939","1191089,41158642","190916,540565218","10119,3717874968","5,58966466242418",0,0,"7,01811660472825","-54,3790883158443","54,4845224869667","13551835106,7839","-10,5259616851807","26,0801078328066","-0,00000611","1,78652249760908","405,570627909849","576178,074849576"
"577624,074849576",1,"13560079448,2034","1541058,61123856","190939,672058037","10118,4536690025","5,58966466242418",0,0,"6,88415468793368","-54,4025105579438","54,5037483323072","13553326670,536","-10,5754325866699","26,0801078328066","-0,00000612","1,78652249760908","405,570627909849","578178,074849576"
"579624,074849576",1,"13561598125,5216","1878882,1236247","190962,878431101","10117,5326867051","5,58966466242418",0,0,"6,75002088741162","-54,4259230253065","54,523053870201","13554823170,4187","-10,6248780250549","26,0801078328066","-0,00000614","1,78652249760908","405,570627909849","580178,074849576"
"581624,074849576",1,"13563121715,4151","1528911,66148066","190986,159615821","10116,6088443391","5,58966466242418",0,0,"6,61571676114532","-54,4493252029651","54,5424386257181","13556324602,1645","-10,6742974281311","26,0801078328066","-0,00000616","1,78652249760908","405,570627909849","582178,074849576"
"583624,074849576",1,"13564650213,5359","1178940,48259024","191009,515543386","10115,6821456472","5,58966466242418",0,0,"6,48124214619546","-54,472717692127","54,561902963536","13557830961,4921","-10,723691368103","26,0801078328066","-0,00000618","1,78652249760908","405,570627909849","584178,074849576"
"585624,074849576",1,"13566183615,5581","828969,421960306","191032,946145301","10114,7525943809","5,58966466242418",0,0,"6,3465981608761","-54,4961002188678","54,581446408671","13559342244,114","-10,773058795929","26,0801078328066","-0,00000619","1,78652249760908","405,570627909849","586178,074849576"
"587624,074849576",1,"13567721917,1959","479000,388946384","191056,451353636","10113,8201943005","5,58966466242418",0,0,"6,2117851447728","-54,5194730643287","54,6010684873353","13560858445,7404","-10,8224007606506","26,0801078328066","-0,00000621","1,78652249760908","405,570627909849","588178,074849576"
"589624,074849576",1,"13569265114,0174","129055,660028678","191080,031098321","10112,8849491745","5,58966466242418",0,0,"6,07680432355885","-54,5428365095797","54,6207691432999","13562379562,059","-10,8717164039612","26,0801078328066","-0,00000623","1,78652249760908","405,570627909849","590178,074849576"
"591624,074849576",1,"13570813201,6328","220983,505192137","191103,685309891","10111,94686278","5,58966466242418",0,0,"5,94165623352519","-54,5661904792625","54,6405479039685","13563905588,7427","-10,9210059165955","26,0801078328066","-0,00000625","1,78652249760908","405,570627909849","592178,074849576"
"593624,074849576",1,"13572366175,6784","570944,668008029","191127,413919251","10111,0059389028","5,58966466242418",0,0,"5,80634101000736","-54,5895350581636","54,6604055504746","13565436521,4552","-10,9702686309814","26,0801078328066","-0,00000626","1,78652249760908","405,570627909849","594178,074849576"
"595624,074849576",1,"13573924031,7827","920917,488746683","191151,21685718","10110,0621813368","5,58966466242418",0,0,"5,67086000482793","-54,6128700517469","54,6803411908828","13566972355,8541","-11,0195051193237","26,0801078328066","-0,00000628","1,78652249760908","405,570627909849","596178,074849576"
"597624,074849576",1,"13575486765,516","1270892,86104021","191175,0940536","10109,1155938844","5,58966466242418",0,0,"5,53521340621692","-54,6361960574743","54,7003551876974","13568513087,5854","-11,0687152862549","26,0801078328066","-0,0000063","1,78652249760908","405,570627909849","598178,074849576"
"599624,074849576",1,"13577054372,4635","1620869,49025244","191199,045438633","10108,1661803564","5,58966466242418",0,0,"5,39940297469029","-54,6595126835711","54,720446649379","13570058712,2796","-11,1178985595703","26,0801078328066","-0,00000632","1,78652249760908","405,570627909849","600178,074849576"
"601624,074849576",1,"13578626848,1897","1799064,17058718","191223,070942093","10107,2139445719","5,58966466242418",0,0,"5,26342824163398","-54,682820328889","54,7406159382028","13571609225,557","-11,1670554161072","26,0801078328066","-0,00000633","1,78652249760908","405,570627909849","602178,074849576"
"603624,074849576",1,"13580204188,2763","1449086,07570626","191247,170494035","10106,2588903581","5,58966466242418",0,0,"5,12729059876886","-54,7061188820298","54,7608625806956","13573164623,0311","-11,2161848068237","26,0801078328066","-0,00000635","1,78652249760908","405,570627909849","604178,074849576"
"605624,074849576",1,"13581786388,2809","1099107,63583862","191271,344024151","10105,3010215506","5,58966466242418",0,0,"4,99099049998361","-54,7294084612567","54,7811865211443","13574724900,3033","-11,2652878761292","26,0801078328066","-0,00000637","1,78652249760908","405,570627909849","606178,074849576"
"607624,074849576",1,"13583373443,654","749129,538567265","191295,591460557","10104,340341993","5,58966466242418",0,0,"4,85452897262522","-54,7526894319707","54,8015881222242","13576290052,9491","-11,3143636703491","26,0801078328066","-0,00000639","1,78652249760908","405,570627909849","608178,074849576"
"609624,074849576",1,"13584965350,006","399154,616370496","191319,912733697","10103,3768555372","5,58966466242418",0,0,"4,71790671092067","-54,775961518514","54,8220660747217","13577860076,548","-11,3634118080139","26,0801078328066","-0,00000641","1,78652249760908","405,570627909849","610178,074849576"
"611624,074849576",1,"13586562102,8335","49265,9547118371","191344,307772338","10102,4105660431","5,58966466242418",0,0,"4,58112444452252","-54,7992247247497","54,8426215768403","13579434966,6681","-11,4124326705933","26,0801078328066","-0,00000642","1,78652249760908","405,570627909849","612178,074849576"
"613624,074849576",1,"13588163697,6519","300839,972331346","191368,776505517","10101,4414773787","5,58966466242418",0,0,"4,44418329028447","-54,822479448958","54,8632533187361","13581014718,8654","-11,4614268302917","26,0801078328066","-0,00000644","1,78652249760908","405,570627909849","614178,074849576"
"615624,074849576",1,"13589770129,9242","650813,705550817","191393,318861491","10100,46959342","5,58966466242418",0,0,"4,3070836377782","-54,8457257780203","54,8839616637335","13582599328,6796","-11,5103939056396","26,0801078328066","-0,00000646","1,78652249760908","405,570627909849","616178,074849576"
"617624,074849576",1,"13591381395,1763","1000794,61963932","191417,934769427","10099,4949180509","5,58966466242418",0,0,"4,16982664307498","-54,8689631549767","54,9047457208206","13584188791,6456","-11,5593331336975","26,0801078328066","-0,00000648","1,78652249760908","405,570627909849","618178,074849576"
"619624,074849576",1,"13592997488,8464","1350777,6156721","191442,624157206","10098,5174551633","5,58966466242418",0,0,"4,032412357556","-54,8921923398455","54,9256066867438","13585783103,2839","-11,6082446098328","26,0801078328066","-0,0000065","1,78652249760908","405,570627909849","620178,074849576"
"621624,074849576",1,"13594618406,4","1700761,75529259","191467,386953095","10097,5372086569","5,58966466242418",0,0,"3,89484249644479","-54,9154135031705","54,9465432538107","13587382259,1049","-11,6571284294128","26,0801078328066","-0,00000652","1,78652249760908","405,570627909849","622178,074849576"
"623624,074849576",1,"13596244143,2806","1719164,45532711","191492,223085021","10096,5541824394","5,58966466242418",0,0,"3,75711736734244","-54,9386263993972","54,9675553671036","13588986254,6054","-11,7059850692749","26,0801078328066","-0,00000654","1,78652249760908","405,570627909849","624178,074849576"
"625624,074849576",1,"13597874694,9252","1369178,94323662","191517,13248082","10095,5683804263","5,58966466242418",0,0,"3,6192380766862","-54,9618311975436","54,9886433870194","13590595085,2698","-11,7548130989075","26,0801078328066","-0,00000655","1,78652249760908","405,570627909849","626178,074849576"
"627624,074849576",1,"13599510056,8074","1019193,18200795","191542,115068845","10094,5798065406","5,58966466242418",0,0,"3,48120552027676","-54,9850277351389","55,0098064244256","13592208746,5852","-11,8036133766174","26,0801078328066","-0,00000657","1,78652249760908","405,570627909849","628178,074849576"
"629624,074849576",1,"13601150224,3074","669208,056128027","191567,170776076","10093,5884647133","5,58966466242418",0,0,"3,34302025534448","-55,0082160991141","55,031044841692","13593827234,0153","-11,8523862838745","26,0801078328066","-0,00000659","1,78652249760908","405,570627909849","630178,074849576"
"631624,074849576",1,"13602795192,8156","319228,083468983","191592,299529636","10092,5943588829","5,58966466242418",0,0,"3,20468324370525","-55,0313968535486","55,0523581652326","13595450543,0135","-11,9011308670044","26,0801078328066","-0,00000661","1,78652249760908","405,570627909849","632178,074849576"
"633624,074849576",1,"13604444957,7515","30946,646008866","191617,501257062","10091,5974929958","5,58966466242418",0,0,"3,0661952235053","-55,0545697217934","55,0737463399042","13597078669,0235","-11,9498465538025","26,0801078328066","-0,00000663","1,78652249760908","405,570627909849","634178,074849576"
"635624,074849576",1,"13606099514,492","380781,107005574","191642,775885253","10090,5978710057","5,58966466242418",0,0,"2,92755747481168","-55,0777349045954","55,095209310482","13598711607,4802","-11,9985334396362","26,0801078328066","-0,00000665","1,78652249760908","405,570627909849","636178,074849576"
"637624,074849576",1,"13607758858,4362","730765,119239729","191668,123341435","10089,5954968741","5,58966466242418",0,0,"2,78877039859686","-55,1008924880816","55,1167470216607","13600349353,8062","-12,0471920967102","26,0801078328066","-0,00000667","1,78652249760908","405,570627909849","638178,074849576"
"639624,074849576",1,"13609422984,9498","1080754,03106696","191693,543552326","10088,5903745697","5,58966466242418",0,0,"2,64983545841455","-55,1240426726039","55,1383585844481","13601991903,4166","-12,0958225250244","26,0801078328066","-0,00000669","1,78652249760908","405,570627909849","640178,074849576"
"641624,074849576",1,"13611091889,3243","1430744,70206368","191719,036443556","10087,582508069","5,58966466242418",0,0,"2,51075302275866","-55,147185098102","55,1600447761079","13603639251,709","-12,1444237709045","26,0801078328066","-0,00000671","1,78652249760908","405,570627909849","642178,074849576"
"643624,074849576",1,"13612765566,9845","1780736,41782605","191744,601942694","10086,5719013559","5,58966466242418",0,0,"2,37152450045353","-55,1703199370633","55,1818051256073","13605291394,0794","-12,1929966926575","26,0801078328066","-0,00000672","1,78652249760908","405,570627909849","644178,074849576"
"645624,074849576",1,"13614444013,2277","1639182,25244383","191770,239975436","10085,5585584214","5,58966466242418",0,0,"2,23215072613903","-55,193447388731","55,2036387445912","13606948325,9097","-12,2415405273438","26,0801078328066","-0,00000674","1,78652249760908","405,570627909849","646178,074849576"
"647624,074849576",1,"13616127223,3621","1289189,25214363","191795,950467626","10084,5424832641","5,58966466242418",0,0,"2,09263219200669","-55,2165677366237","55,2255464096564","13608610042,5651","-12,2900554656982","26,0801078328066","-0,00000676","1,78652249760908","405,570627909849","648178,074849576"
"649624,074849576",1,"13617815192,7177","939196,12055077","191821,733345422","10083,5236798899","5,58966466242418",0,0,"1,95297015605205","-55,2396811797038","55,247527650099","13610276539,4061","-12,3385410308838","26,0801078328066","-0,00000678","1,78652249760908","405,570627909849","650178,074849576"
"651624,074849576",1,"13619507916,6159","589204,034383739","191847,588534845","10082,502152312","5,58966466242418",0,0,"1,81316526130566","-55,2627872482144","55,2695819943697","13611947811,7862","-12,3869975090027","26,0801078328066","-0,0000068","1,78652249760908","405,570627909849","652178,074849576"
"653624,074849576",1,"13621205390,36","239220,892820971","191873,515961643","10081,4779045506","5,58966466242418",0,0,"1,67321887694394","-55,285886332805","55,2917093872187","13613623855,047","-12,4354253768921","26,0801078328066","-0,00000682","1,78652249760908","405,570627909849","654178,074849576"
"655624,074849576",1,"13622907609,2156","110844,789498756","191899,515551007","10080,4509406334","5,58966466242418",0,0,"1,53313142819576","-55,3089782437871","55,3139097733275","13615304664,5194","-12,4838237762451","26,0801078328066","-0,00000684","1,78652249760908","405,570627909849","656178,074849576"
"657624,074849576",1,"13624614568,4411","460806,524371974","191925,587228009","10079,4212645949","5,58966466242418",0,0,"1,39290483531009","-55,3320635461121","55,3361826826069","13616990235,5199","-12,5321930885315","26,0801078328066","-0,00000686","1,78652249760908","405,570627909849","658178,074849576"
"659624,074849576",1,"13626326263,2682","810799,804525648","191951,730917328","10078,388880477","5,58966466242418",0,0,"1,25253920297992","-55,355141769213","55,3585280598305","13618680563,3517","-12,5805326461792","26,0801078328066","-0,00000688","1,78652249760908","405,570627909849","660178,074849576"
"661624,074849576",1,"13628042689,0592","1160796,68314604","191977,946545539","10077,3537923286","5,58966466242418",0,0,"1,11203562107573","-55,3782133041519","55,380945848586","13620375643,3252","-12,6288426399231","26,0801078328066","-0,0000069","1,78652249760908","405,570627909849","662178,074849576"
"663624,074849576",1,"13629763840,9519","1510795,08592164","192004,234035929","10076,3160042054","5,58966466242418",0,0,"0,971395624177464","-55,4012783486932","55,403435580274","13622075470,7219","-12,6771222114563","26,0801078328066","-0,00000692","1,78652249760908","405,570627909849","664178,074849576"
"665624,074849576",1,"13631489714,2126","1860794,40619881","192030,593313649","10075,2755201703","5,58966466242418",0,0,"0,830619551307515","-55,4243369940874","55,4259976139549","13623780040,8204","-12,7253729820251","26,0801078328066","-0,00000694","1,78652249760908","405,570627909849","666178,074849576"
"667624,074849576",1,"13633220304,0605","1559116,60859414","192057,024303171","10074,2323442931","5,58966466242418",0,0,"0,689708832561345","-55,447389050545","55,4486310647493","13625489348,8903","-12,7735939979553","26,0801078328066","-0,00000696","1,78652249760908","405,570627909849","668178,074849576"
"669624,074849576",1,"13634955605,7147","1209116,05018385","192083,526928938","10073,1864806504","5,58966466242418",0,0,"0,548664091461789","-55,4704344330632","55,4713362927232","13627203390,19","-12,8217844963074","26,0801078328066","-0,00000698","1,78652249760908","405,570627909849","670178,074849576"
"671624,074849576",1,"13636695614,3954","859115,515155635","192110,10111541","10072,1379333258","5,58966466242418",0,0,"0,407487018642381","-55,4934733401106","55,4941128285997","13628922159,9679","-12,869944858551","26,0801078328066","-0,000007","1,78652249760908","405,570627909849","672178,074849576"
"673624,074849576",1,"13638440325,2419","509116,653183239","192136,746785857","10071,0867064096","5,58966466242418",0,0,"0,266178307066778","-55,5165059496947","55,5169606171813","13630645653,4561","-12,9180752754211","26,0801078328066","-0,00000702","1,78652249760908","405,570627909849","674178,074849576"
"675624,074849576",1,"13640189733,4841","159135,415249114","192163,463864861","10070,032803999","5,58966466242418",0,0,"0,12473871266964","-55,5395327425371","55,5398796032143","13632373865,883","-12,9661757469177","26,0801078328066","-0,00000704","1,78652249760908","405,570627909849","676178,074849576"
"677624,074849576",1,"13641943834,2724","190929,10167302","192190,252275836","10068,9762301977","5,58966466242418",0,0,"-0,016830743155026","-55,5625533517515","55,5628693189669","13634106792,4661","-13,014245891571","26,0801078328066","-0,00000706","1,78652249760908","405,570627909849","678178,074849576"
"679624,074849576",1,"13643702622,799","540916,593643844","192217,111942804","10067,9169891162","5,58966466242418",0,0,"-0,15852880116017","-55,5855677816726","55,5859301227597","13635844428,4192","-13,0622856140137","26,0801078328066","-0,00000708","1,78652249760908","405,570627909849","680178,074849576"
"681624,074849576",1,"13645466094,1863","890918,634787482","192244,042788751","10066,8550848717","5,58966466242418",0,0,"-0,300353804694522","-55,6085763157642","55,6090607180393","13637586768,9319","-13,1102952003479","26,0801078328066","-0,0000071","1,78652249760908","405,570627909849","682178,074849576"
"683624,074849576",1,"13647234243,5882","1240923,47433544","192271,044737121","10065,7905215881","5,58966466242418",0,0,"-0,442305991342127","-55,6315788550816","55,6322622919775","13639333809,1955","-13,1582740783691","26,0801078328066","-0,00000712","1,78652249760908","405,570627909849","684178,074849576"
"685624,074849576",1,"13649007066,1535","1590929,66071218","192298,117711276","10064,7233033955","5,58966466242418",0,0,"-0,584383390452999","-55,6545754173746","55,6555339617148","13641085544,3896","-13,2062216758728","26,0801078328066","-0,00000714","1,78652249760908","405,570627909849","686178,074849576"
"687624,074849576",1,"13650784556,9917","1828974,3870089","192325,261633992","10063,653434431","5,58966466242418",0,0,"-0,726585092232603","-55,67756657156","55,6788756733037","13642841969,6827","-13,2541389465332","26,0801078328066","-0,00000716","1,78652249760908","405,570627909849","688178,074849576"
"689624,074849576",1,"13652566711,2548","1478966,64103474","192352,476428662","10062,5809188377","5,58966466242418",0,0,"-0,868910078031301","-55,7005521271116","55,7022869587338","13644603080,2367","-13,3020257949829","26,0801078328066","-0,00000718","1,78652249760908","405,570627909849","690178,074849576"
"691624,074849576",1,"13654353523,9899","1128958,48545272","192379,76201714","10061,5057607655","5,58966466242418",0,0,"-1,01135717999525","-55,723532371255","55,725768176958","13646368871,1962","-13,3498818397522","26,0801078328066","-0,0000072","1,78652249760908","405,570627909849","692178,074849576"
"693624,074849576",1,"13656144990,3242","778950,537316771","192407,118322436","10060,4279643705","5,58966466242418",0,0,"-1,15392541965711","-55,7465069349345","55,7493188601115","13648139337,7044","-13,3977056503296","26,0801078328066","-0,00000722","1,78652249760908","405,570627909849","694178,074849576"
"695624,074849576",1,"13657941105,3772","428945,231814511","192434,545267449","10059,3475338152","5,58966466242418",0,0,"-1,2966133214683","-55,7694758232304","55,7729381281156","13649914474,8937","-13,4454986572266","26,0801078328066","-0,00000724","1,78652249760908","405,570627909849","696178,074849576"
"697624,074849576",1,"13659741864,1755","78987,5560822677","192462,042773712","10058,2644732685","5,58966466242418",0,0,"-1,43942019837239","-55,7924394114918","55,7966271658859","13651694277,884","-13,4932601928711","26,0801078328066","-0,00000727","1,78652249760908","405,570627909849","698178,074849576"
"699624,074849576",1,"13661547261,798","271109,795561586","192489,610763506","10057,1787869055","5,58966466242418",0,0,"-1,58234477656543","-55,8153979958349","55,8203846800533","13653478741,7839","-13,5409909248352","26,0801078328066","-0,00000729","1,78652249760908","405,570627909849","700178,074849576"
"701624,074849576",1,"13663357293,3153","621111,857281285","192517,249158993","10056,0904789075","5,58966466242418",0,0,"-1,72538600302349","-55,8383512871784","55,8442114425927","13655267861,6968","-13,5886900901794","26,0801078328066","-0,00000731","1,78652249760908","405,570627909849","702178,074849576"
"703624,074849576",1,"13665171953,7828","971122,402049629","192544,957882104","10054,9995534621","5,58966466242418",0,0,"-1,86854262178245","-55,8612993915719","55,8681065730445","13657061632,7163","-13,6363586425781","26,0801078328066","-0,00000733","1,78652249760908","405,570627909849","704178,074849576"
"705624,074849576",1,"13666991238,2282","1321135,20449093","192572,736854354","10053,9060147628","5,58966466242418",0,0,"-2,01181311185435","-55,884242401167","55,8920696058812","13658860049,9238","-13,6839948654175","26,0801078328066","-0,00000735","1,78652249760908","405,570627909849","706178,074849576"
"707624,074849576",1,"13668815141,7046","1671149,2242494","192600,58599763","10052,8098670095","5,58966466242418",0,0,"-2,15519674233278","-55,907180322147","55,9161008995278","13660663108,395","-13,7315991401672","26,0801078328066","-0,00000737","1,78652249760908","405,570627909849","708178,074849576"
"709624,074849576",1,"13670643659,1863","1748747,06409612","192628,505232652","10051,711114408","5,58966466242418",0,0,"-2,29869218608563","-55,930113157267","55,9402004003291","13662470803,1882","-13,7791721343994","26,0801078328066","-0,00000739","1,78652249760908","405,570627909849","710178,074849576"
"711624,074849576",1,"13672476785,705","1398731,57672696","192656,494480979","10050,6097611702","5,58966466242418",0,0,"-2,44229855152883","-55,953041293336","55,9643676418478","13664283129,3597","-13,8267130851746","26,0801078328066","-0,00000741","1,78652249760908","405,570627909849","712178,074849576"
"713624,074849576",1,"13674314516,2734","1048715,77957807","192684,553663881","10049,505811514","5,58966466242418",0,0,"-2,5860142733675","-55,9759645409572","55,9886021591452","13666100081,9546","-13,8742230415344","26,0801078328066","-0,00000743","1,78652249760908","405,570627909849","714178,074849576"
"715624,074849576",1,"13676156845,8926","698700,456622344","192712,682702454","10048,399269663","5,58966466242418",0,0,"-2,7298385033432","-55,9988831888024","56,0129043114722","13667921656,0062","-13,921700668335","26,0801078328066","-0,00000746","1,78652249760908","405,570627909849","716178,074849576"
"717624,074849576",1,"13678003769,5354","348689,37636784","192740,88151737","10047,290139847","5,58966466242418",0,0,"-2,87376988864567","-56,0217973382678","56,0372736317184","13669747846,5422","-13,9691458702087","26,0801078328066","-0,00000748","1,78652249760908","405,570627909849","718178,074849576"
"719624,074849576",1,"13679855282,2114","3494,5591559916","192769,150029842","10046,1784263015","5,58966466242418",0,0,"-3,01780760071629","-56,0447070790839","56,0617100677444","13671578648,5835","-14,0165590286255","26,0801078328066","-0,0000075","1,78652249760908","405,570627909849","720178,074849576"
"721624,074849576",1,"13681711378,8531","351379,607178164","192797,488159942","10045,064133268","5,58966466242418",0,0,"-3,16195014967632","-56,0676122313812","56,0862131540409","13673414057,1373","-14,063939666748","26,0801078328066","-0,00000752","1,78652249760908","405,570627909849","722178,074849576"
"723624,074849576",1,"13683572054,4263","701392,900901818","192825,895828223","10043,9472649934","5,58966466242418",0,0,"-3,30619618323639","-56,0905131786662","56,110782837479","13675254067,2016","-14,1112874984741","26,0801078328066","-0,00000754","1,78652249760908","405,570627909849","724178,074849576"
"725624,074849576",1,"13685437303,8595","1051411,79193607","192854,372954686","10042,8278257308","5,58966466242418",0,0,"-3,45054474989","-56,1134098268855","56,1354190660964","13677098673,7648","-14,1586039543152","26,0801078328066","-0,00000756","1,78652249760908","405,570627909849","726178,074849576"
"727624,074849576",1,"13687307122,1098","1401432,57376274","192882,919459745","10041,7058197385","5,58966466242418",0,0,"-3,59499467738881","-56,1363020882031","56,1601217855377","13678947871,8053","-14,2058877944946","26,0801078328066","-0,00000758","1,78652249760908","405,570627909849","728178,074849576"
"729624,074849576",1,"13689181504,1339","1751454,46532184","192911,535263808","10040,5812512809","5,58966466242418",0,0,"-3,73954432510506","-56,1591902491221","56,1848901216025","13680801656,3","-14,2531383514404","26,0801078328066","-0,00000761","1,78652249760908","405,570627909849","730178,074849576"
"731624,074849576",1,"13691060444,8843","1668434,00828332","192940,220287201","10039,4541246278","5,58966466242418",0,0,"-3,8841928008586","-56,1820743126946","56,2097244319488","13682660022,218","-14,3003564834595","26,0801078328066","-0,00000763","1,78652249760908","405,570627909849","732178,074849576"
"733624,074849576",1,"13692943939,2111","1318410,74776447","192968,974448762","10038,3244440545","5,58966466242418",0,0,"-4,02893886285422","-56,2049543762914","56,2346246647868","13684522964,5117","-14,3475417137146","26,0801078328066","-0,00000765","1,78652249760908","405,570627909849","734178,074849576"
"735624,074849576",1,"13694831982,0032","968387,290009433","192997,797667884","10037,192213842","5,58966466242418",0,0,"-4,17378147148326","-56,2278307301501","56,2595907671194","13686390478,1228","-14,3946934700012","26,0801078328066","-0,00000767","1,78652249760908","405,570627909849","736178,074849576"
"737624,074849576",1,"13696724568,2412","618364,675704078","193026,689865294","10036,0574382766","5,58966466242418",0,0,"-4,31871874854657","-56,2507030916289","56,2846218646874","13688262557,9934","-14,4418132781982","26,0801078328066","-0,00000769","1,78652249760908","405,570627909849","738178,074849576"
"739624,074849576",1,"13698621692,7671","268349,245107775","193055,650959687","10034,9201216502","5,58966466242418",0,0,"-4,46374952023326","-56,2735714668992","56,3097183160466","13690139199,0489","-14,4888988494873","26,0801078328066","-0,00000772","1,78652249760908","405,570627909849","740178,074849576"
"741624,074849576",1,"13700523350,4128","81760,8069685763","193084,680869606","10033,7802682601","5,58966466242418",0,0,"-4,60887296386582","-56,2964362379494","56,3348796586157","13692020396,2049","-14,535952091217","26,0801078328066","-0,00000774","1,78652249760908","405,570627909849","742178,074849576"
"743624,074849576",1,"13702429536,123","431737,096800659","193113,779515239","10032,6378824088","5,58966466242418",0,0,"-4,75408748669973","-56,3192970281297","56,3601058398259","13693906144,3746","-14,582972240448","26,0801078328066","-0,00000776","1,78652249760908","405,570627909849","744178,074849576"
"745624,074849576",1,"13704340244,7737","781760,238606235","193142,946815761","10031,4929684042","5,58966466242418",0,0,"-4,89939237126138","-56,3421544094571","56,385396808302","13695796438,466","-14,6299577713013","26,0801078328066","-0,00000778","1,78652249760908","405,570627909849","746178,074849576"
"747624,074849576",1,"13706255471,1779","1131787,38955425","193172,182689419","10030,3455305597","5,58966466242418",0,0,"-5,04478571261692","-56,3650083858417","56,4107516914124","13697691273,3728","-14,6769104957581","26,0801078328066","-0,00000781","1,78652249760908","405,570627909849","748178,074849576"
"749624,074849576",1,"13708175210,1584","1481816,15609605","193201,487054599","10029,1955731935","5,58966466242418",0,0,"-5,19026681462418","-56,3878590566535","56,4361716673536","13699590643,9753","-14,7238301277161","26,0801078328066","-0,00000783","1,78652249760908","405,570627909849","750178,074849576"
"751624,074849576",1,"13710099456,5802","1831845,93300485","193230,859830305","10028,0431006294","5,58966466242418",0,0,"-5,33583330186213","-56,4107059518036","56,4616554545429","13701494545,1449","-14,7707164764404","26,0801078328066","-0,00000785","1,78652249760908","405,570627909849","752178,074849576"
"753624,074849576",1,"13712028205,275","1588034,66950113","193260,300935042","10026,8881171962","5,58966466242418",0,0,"-5,48148513388836","-56,4335499258795","56,487203002066","13703402971,7513","-14,8175688743591","26,0801078328066","-0,00000787","1,78652249760908","405,570627909849","754178,074849576"
"755624,074849576",1,"13713961451,0716","1238003,61729996","193289,810287265","10025,7306272278","5,58966466242418",0,0,"-5,62722019193656","-56,4563906040636","56,5128142577958","13705315918,6581","-14,8643879890442","26,0801078328066","-0,0000079","1,78652249760908","405,570627909849","756178,074849576"
"757624,074849576",1,"13715899188,7661","887972,503159812","193319,387804955","10024,5706350631","5,58966466242418",0,0,"-5,77303780475475","-56,4792281798774","56,5384891708135","13707233380,7106","-14,9111721992493","26,0801078328066","-0,00000792","1,78652249760908","405,570627909849","758178,074849576"
"759624,074849576",1,"13717841413,1444","537942,771926894","193349,033405932","10023,4081450463","5,58966466242418",0,0,"-5,91893627115493","-56,5020624675427","56,5642272802966","13709155352,7483","-14,9579237937927","26,0801078328066","-0,00000794","1,78652249760908","405,570627909849","760178,074849576"
"761624,074849576",1,"13719788119,1159","187926,468650798","193378,747009814","10022,2431615262","5,58966466242418",0,0,"-6,06491403584234","-56,5248938482179","56,5900285355691","13711081829,6186","-15,0046403884888","26,0801078328066","-0,00000796","1,78652249760908","405,570627909849","762178,074849576"
"763624,074849576",1,"13721739301,3366","162168,143692835","193408,528532519","10021,0756888569","5,58966466242418",0,0,"-6,210970123106","-56,5477227078145","56,6158928847398","13713012806,14","-15,0513230323792","26,0801078328066","-0,00000799","1,78652249760908","405,570627909849","764178,074849576"
"765624,074849576",1,"13723694954,6154","512181,986042162","193438,377892184","10019,9057313972","5,58966466242418",0,0,"-6,35710310048775","-56,5705487631011","56,6418198688128","13714948277,1241","-15,0979726791382","26,0801078328066","-0,00000801","1,78652249760908","405,570627909849","766178,074849576"
"767624,074849576",1,"13725655073,7597","862214,276158406","193468,295006927","10018,733293511","5,58966466242418",0,0,"-6,50331177764829","-56,5933717328946","56,6678094373638","13716888237,3823","-15,1445872306824","26,0801078328066","-0,00000803","1,78652249760908","405,570627909849","768178,074849576"
"769624,074849576",1,"13727619653,5181","1212249,61971297","193498,279794005","10017,5583795667","5,58966466242418",0,0,"-6,64959453756337","-56,6161920953239","56,6938611294529","13718832681,7183","-15,1911675453186","26,0801078328066","-0,00000805","1,78652249760908","405,570627909849","770178,074849576"
"771624,074849576",1,"13729588688,6362","1562286,38577159","193528,332170612","10016,3809939377","5,58966466242418",0,0,"-6,79595088378474","-56,6390101392314","56,7199753040835","13720781604,9239","-15,2377132415771","26,0801078328066","-0,00000808","1,78652249760908","405,570627909849","772178,074849576"
"773624,074849576",1,"13731562173,8888","1857587,03025879","193558,452054379","10015,2011410022","5,58966466242418",0,0,"-6,94237824240327","-56,6618253936934","56,7461515030143","13722735001,7853","-15,2842240333557","26,0801078328066","-0,0000081","1,78652249760908","405,570627909849","774178,074849576"
"775624,074849576",1,"13733540104,0197","1507548,64925456","193588,639362472","10014,018825143","5,58966466242418",0,0,"-7,08887588383876","-56,6846383357434","56,7723896748632","13724692867,0801","-15,3307005882263","26,0801078328066","-0,00000812","1,78652249760908","405,570627909849","776178,074849576"
"777624,074849576",1,"13735522473,6755","1157509,79389657","193618,894010632","10012,8340507474","5,58966466242418",0,0,"-7,23544208103031","-56,707448496812","56,7986893618943","13726655195,571","-15,3771428108215","26,0801078328066","-0,00000815","1,78652249760908","405,570627909849","778178,074849576"
"779624,074849576",1,"13737509277,7002","807471,056932705","193649,215917479","10011,6468222078","5,58966466242418",0,0,"-7,38207538959142","-56,7302565399468","56,8250505142122","13728621982,0266","-15,4235498428345","26,0801078328066","-0,00000817","1,78652249760908","405,570627909849","780178,074849576"
"781624,074849576",1,"13739500510,6889","457434,526800455","193679,604997998","10010,4571439207","5,58966466242418",0,0,"-7,52877486157135","-56,753062094523","56,8514730819317","13730593221,1839","-15,4699222564697","26,0801078328066","-0,00000819","1,78652249760908","405,570627909849","782178,074849576"
"783624,074849576",1,"13741496167,4589","107429,270700745","193710,06117041","10009,2650202874","5,58966466242418",0,0,"-7,67553943079829","-56,7758655400448","56,8779561995194","13732568907,7961","-15,516259098053","26,0801078328066","-0,00000822","1,78652249760908","405,570627909849","784178,074849576"
"785624,074849576",1,"13743496242,6646","242683,238978651","193740,584350554","10008,0704557136","5,58966466242418",0,0,"-7,8223668776192","-56,7986666909568","56,9045006330176","13734549036,6011","-15,5625617027283","26,0801078328066","-0,00000824","1,78652249760908","405,570627909849","786178,074849576"
"787624,074849576",1,"13745500730,9987","592714,234890531","193771,174454823","10006,8734546095","5,58966466242418",0,0,"-7,9692564529692","-56,8214658368681","56,9311059256091","13736533602,325","-15,6088294029236","26,0801078328066","-0,00000826","1,78652249760908","405,570627909849","788178,074849576"
"789624,074849576",1,"13747509627,1498","942755,294488193","193801,831399544","10005,6740213898","5,58966466242418",0,0,"-8,11620666464098","-56,8442628828834","56,9577716196275","13738522599,6881","-15,6550616264343","26,0801078328066","-0,00000829","1,78652249760908","405,570627909849","790178,074849576"
"791624,074849576",1,"13749522925,8193","1292798,78315313","193832,555101234","10004,4721604735","5,58966466242418",0,0,"-8,26321623230842","-56,8670581192804","56,9844976657431","13740516023,4064","-15,7012579917908","26,0801078328066","-0,00000831","1,78652249760908","405,570627909849","792178,074849576"
"793624,074849576",1,"13751540621,6497","1642843,54365639","193863,345475537","10003,2678762839","5,58966466242418",0,0,"-8,41028346730919","-56,8898518346812","57,0112840158777","13742513868,1825","-15,7474208831787","26,0801078328066","-0,00000833","1,78652249760908","405,570627909849","794178,074849576"
"795624,074849576",1,"13753562709,2981","1777021,98452217","193894,202438308","10002,0611732486","5,58966466242418",0,0,"-8,55740701300187","-56,9126434600265","57,0381298065563","13744516128,7104","-15,7935472488403","26,0801078328066","-0,00000836","1,78652249760908","405,570627909849","796178,074849576"
"797624,074849576",1,"13755589183,4472","1426975,69163228","193925,125905779","10000,8520557996","5,58966466242418",0,0,"-8,70458548597915","-56,9354335727557","57,0650353965788","13746522799,6875","-15,8396378517151","26,0801078328066","-0,00000838","1,78652249760908","405,570627909849","798178,074849576"
"799624,074849576",1,"13757620038,7142","1076929,0472552","193956,115793215","9999,64052837305","5,58966466242418",0,0,"-8,85181803870765","-56,9582219891636","57,0920007369314","13748533875,7889","-15,8856932640076","26,0801078328066","-0,00000841","1,78652249760908","405,570627909849","800178,074849576"
"801624,074849576",1,"13759655269,7218","726882,759809234","193987,17201596","9998,42659540919","5,58966466242418",0,0,"-8,99910310375364","-56,9810092716298","57,1190253725215","13750549351,6922","-15,9317128181458","26,0801078328066","-0,00000843","1,78652249760908","405,570627909849","802178,074849576"
"803624,074849576",1,"13761694871,1533","376840,009223527","194018,294490233","9997,21026135252","5,58966466242418",0,0,"-9,14643817123464","-57,0037947658762","57,1461096618361","13752569222,0617","-15,9776972770691","26,0801078328066","-0,00000845","1,78652249760908","405,570627909849","804178,074849576"
"805624,074849576",1,"13763738837,6077","26968,7402318242","194049,483131029","9995,99153065157","5,58966466242418",0,0,"-9,29382311309155","-57,0265787609803","57,1732527429822","13754593481,556","-16,0236443519592","26,0801078328066","-0,00000848","1,78652249760908","405,570627909849","806178,074849576"
"807624,074849576",1,"13765787163,6837","323290,633554559","194080,737853326","9994,77040775896","5,58966466242418",0,0,"-9,44125551714728","-57,0493614464551","57,2004549744891","13756622124,8245","-16,0695558547974","26,0801078328066","-0,0000085","1,78652249760908","405,570627909849","808178,074849576"
"809624,074849576",1,"13767839844,0143","673333,839040456","194112,058572598","9993,54689713131","5,58966466242418",0,0,"-9,5887346408255","-57,0721429270624","57,2277154964975","13758655146,5109","-16,1154317855835","26,0801078328066","-0,00000853","1,78652249760908","405,570627909849","810178,074849576"
"811624,074849576",1,"13769896873,2172","1023383,41567599","194143,445204106","9992,32100322925","5,58966466242418",0,0,"-9,73625856886226","-57,0949232909336","57,2550346663387","13760692541,2507","-16,1612714767456","26,0801078328066","-0,00000855","1,78652249760908","405,570627909849","812178,074849576"
"813624,074849576",1,"13771958245,8938","1373434,99998628","194174,897662849","9991,09273051732","5,58966466242418",0,0,"-9,88382643170646","-57,1177021709555","57,2824120315433","13762734303,6751","-16,2070737838745","26,0801078328066","-0,00000857","1,78652249760908","405,570627909849","814178,074849576"
"815624,074849576",1,"13774023956,5781","1723487,73758152","194206,41586285","9989,86208346397","5,58966466242418",0,0,"-10,0314359726984","-57,1404800415131","57,3098475452662","13764780428,4031","-16,2528409957886","26,0801078328066","-0,0000086","1,78652249760908","405,570627909849","816178,074849576"
"817624,074849576",1,"13776093999,9348","1696369,86876267","194237,999720041","9988,62906654151","5,58966466242418",0,0,"-10,1790871423299","-57,1632571959569","57,3373411594414","13766830910,0519","-16,2985725402832","26,0801078328066","-0,00000862","1,78652249760908","405,570627909849","818178,074849576"
"819624,074849576",1,"13778168370,4738","1346315,71600908","194269,649148082","9987,39368422607","5,58966466242418",0,0,"-10,3267771615737","-57,1860335347017","57,3648924210554","13768885743,2279","-16,3442674636841","26,0801078328066","-0,00000865","1,78652249760908","405,570627909849","820178,074849576"
"821624,074849576",1,"13780247062,7732","996261,306074771","194301,364061629","9986,15594099756","5,58966466242418",0,0,"-10,474505174369","-57,2088086905585","57,3925012835945","13770944922,533","-16,3899253845215","26,0801078328066","-0,00000867","1,78652249760908","405,570627909849","822178,074849576"
"823624,074849576",1,"13782330071,3819","646207,592135319","194333,144374912","9984,91584133963","5,58966466242418",0,0,"-10,6222697413391","-57,2315833252459","57,4201676993226","13773008442,5558","-16,435546875","26,0801078328066","-0,0000087","1,78652249760908","405,570627909849","824178,074849576"
"825624,074849576",1,"13784417390,8744","296159,766297498","194364,990002522","9983,67338973962","5,58966466242418",0,0,"-10,7700694707241","-57,2543573383909","57,447891217188","13775076297,8825","-16,4811321258545","26,0801078328066","-0,00000872","1,78652249760908","405,570627909849","826178,074849576"
"827624,074849576",1,"13786509015,8041","54011,4089601879","194396,900858739","9982,42859068856","5,58966466242418",0,0,"-10,9179029513623","-57,277130939685","57,4756713852935","13777148483,0946","-16,5266807556152","26,0801078328066","-0,00000874","1,78652249760908","405,570627909849","828178,074849576"
"829624,074849576",1,"13788604940,7461","403987,184511734","194428,876858167","9981,18144868107","5,58966466242418",0,0,"-11,065768068915","-57,2999040306322","57,5035089676878","13779224992,7677","-16,5721925735474","26,0801078328066","-0,00000877","1,78652249760908","405,570627909849","830178,074849576"
"831624,074849576",1,"13790705160,1325","754040,669820499","194460,917913319","9979,93196821537","5,58966466242418",0,0,"-11,2136639980333","-57,3226763252871","57,5314027028445","13781305821,4593","-16,6176671981812","26,0801078328066","-0,00000879","1,78652249760908","405,570627909849","832178,074849576"
"833624,074849576",1,"13792809668,5415","1104098,60217304","194493,023938832","9978,6801537932","5,58966466242418",0,0,"-11,3615891319802","-57,3454484044905","57,5593529505332","13783390963,724","-16,6631053924561","26,0801078328066","-0,00000882","1,78652249760908","405,570627909849","834178,074849576"
"835624,074849576",1,"13794918460,493","1454158,23532896","194525,194848491","9977,42600991984","5,58966466242418",0,0,"-11,5095421754233","-57,3682199822984","57,5873596649593","13785480414,1155","-16,7085069656372","26,0801078328066","-0,00000884","1,78652249760908","405,570627909849","836178,074849576"
"837624,074849576",1,"13797031530,4994","1804218,91155209","194557,430555962","9976,16954110399","5,58966466242418",0,0,"-11,6575212441418","-57,3909912489714","57,6154223952645","13787574167,172","-16,7538696289063","26,0801078328066","-0,00000887","1,78652249760908","405,570627909849","838178,074849576"
"839624,074849576",1,"13799148873,0336","1615630,79634826","194589,730974343","9974,91075185781","5,58966466242418",0,0,"-11,8055252245736","-57,4137620219796","57,6435410959732","13789672217,428","-16,799195098877","26,0801078328066","-0,00000889","1,78652249760908","405,570627909849","840178,074849576"
"841624,074849576",1,"13801270482,676","1265568,81086642","194622,096018284","9973,64964669682","5,58966466242418",0,0,"-11,9535527525464","-57,4365330650515","57,6717157216453","13791774559,4183","-16,8444843292236","26,0801078328066","-0,00000892","1,78652249760908","405,570627909849","842178,074849576"
"843624,074849576",1,"13803396353,8344","915506,706692874","194654,525599933","9972,3862301399","5,58966466242418",0,0,"-12,1016025085572","-57,4593038055193","57,6999454186936","13793881187,6635","-16,889736366272","26,0801078328066","-0,00000894","1,78652249760908","405,570627909849","844178,074849576"
"845624,074849576",1,"13805526481,0332","565445,762632597","194687,019633124","9971,12050670922","5,58966466242418",0,0,"-12,2496725072264","-57,4820747430207","57,7282305468494","13795992096,6794","-16,9349508285522","26,0801078328066","-0,00000897","1,78652249760908","405,570627909849","846178,074849576"
"847624,074849576",1,"13807660858,7647","215395,420653819","194719,578031224","9969,85248093024","5,58966466242418",0,0,"-12,3977609850402","-57,5048453857552","57,7565710610345","13798107280,9755","-16,9801275253296","26,0801078328066","-0,00000899","1,78652249760908","405,570627909849","848178,074849576"
"849624,074849576",1,"13809799481,4551","134732,691340314","194752,20070663","9968,58215733162","5,58966466242418",0,0,"-12,5458668633055","-57,5276163133651","57,7849661087822","13800226735,0464","-17,0252666473389","26,0801078328066","-0,00000902","1,78652249760908","405,570627909849","850178,074849576"
"851624,074849576",1,"13811942343,5782","484771,647300274","194784,887572428","9967,30954044524","5,58966466242418",0,0,"-12,6939889492272","-57,550387632817","57,8134160498132","13802350453,3909","-17,0703685760498","26,0801078328066","-0,00000904","1,78652249760908","405,570627909849","852178,074849576"
"853624,074849576",1,"13814089439,6237","834834,486836321","194817,63854194","9966,0346348061","5,58966466242418",0,0,"-12,8421257734536","-57,573159139326","57,8419208394174","13804478430,4991","-17,1154329299927","26,0801078328066","-0,00000907","1,78652249760908","405,570627909849","854178,074849576"
"855624,074849576",1,"13816240764,0536","1184900,63230839","194850,453528082","9964,75744495232","5,58966466242418",0,0,"-12,9902758315726","-57,5959310460245","57,8704800302215","13806610660,8552","-17,1604587554932","26,0801078328066","-0,00000909","1,78652249760908","405,570627909849","856178,074849576"
"857624,074849576",1,"13818396311,2913","1534968,25551776","194883,332443197","9963,4779754251","5,58966466242418",0,0,"-13,1384372739133","-57,6187033286118","57,8990935778486","13808747138,9344","-17,205447769165","26,0801078328066","-0,00000912","1,78652249760908","405,570627909849","858178,074849576"
"859624,074849576",1,"13820556075,8239","1884865,48876642","194916,275200564","9962,19623076867","5,58966466242418",0,0,"-13,2866090364206","-57,6414764906907","57,9277610355127","13810887859,2134","-17,2503984451294","26,0801078328066","-0,00000915","1,78652249760908","405,570627909849","860178,074849576"
"861624,074849576",1,"13822720052,0288","1534805,02955225","194949,281711861","9960,91221553025","5,58966466242418",0,0,"-13,4347891193035","-57,6642498525718","57,9564823591728","13813032816,1487","-17,295311164856","26,0801078328066","-0,00000917","1,78652249760908","405,570627909849","862178,074849576"
"863624,074849576",1,"13824888234,3171","1184735,26525454","194982,351889235","9959,62593426001","5,58966466242418",0,0,"-13,5829763731791","-57,687024101017","57,985257506095","13815182004,197","-17,3401849746704","26,0801078328066","-0,0000092","1,78652249760908","405,570627909849","864178,074849576"
"865624,074849576",1,"13827060617,1757","834665,555077603","195015,485645962","9958,33739151104","5,58966466242418",0,0,"-13,7311690426255","-57,7097989529413","58,0140860302546","13817335417,8112","-17,3850212097168","26,0801078328066","-0,00000922","1,78652249760908","405,570627909849","866178,074849576"
"867624,074849576",1,"13829237194,9952","484597,714412527","195048,682893898","9957,04659183933","5,58966466242418",0,0,"-13,8793664603721","-57,7325747744235","58,042967887993","13819493051,4343","-17,4298181533813","26,0801078328066","-0,00000925","1,78652249760908","405,570627909849","868178,074849576"
"869624,074849576",1,"13831417962,141","134552,3315984","195081,943544529","9955,75353980367","5,58966466242418",0,0,"-14,0275671413552","-57,7553510987897","58,0719030369624","13821654899,5028","-17,4745769500732","26,0801078328066","-0,00000927","1,78652249760908","405,570627909849","870178,074849576"
"871624,074849576",1,"13833602913,0221","215583,539919724","195115,267509989","9954,45823996568","5,58966466242418",0,0,"-14,1757683460264","-57,7781285073354","58,1008914335932","13823820956,4472","-17,5192981719971","26,0801078328066","-0,0000093","1,78652249760908","405,570627909849","872178,074849576"
"873624,074849576",1,"13835792042,0844","565643,200866537","195148,65470293","9953,16069688973","5,58966466242418",0,0,"-14,3239694883582","-57,8009067138561","58,1299322312376","13825991216,6933","-17,5639801025391","26,0801078328066","-0,00000933","1,78652249760908","405,570627909849","874178,074849576"
"875624,074849576",1,"13837985343,6346","915714,846203171","195182,105033982","9951,86091514292","5,58966466242418",0,0,"-14,4721687461516","-57,8236861939144","58,1590257896273","13828165674,6514","-17,6086231231689","26,0801078328066","-0,00000935","1,78652249760908","405,570627909849","876178,074849576"
"877624,074849576",1,"13840182812,1124","1265789,08240551","195215,618415713","9950,55889929504","5,58966466242418",0,0,"-14,6203648724848","-57,8464666938517","58,1881716642765","13830344324,7335","-17,6532272338867","26,0801078328066","-0,00000938","1,78652249760908","405,570627909849","878178,074849576"
"879624,074849576",1,"13842384441,873","1615864,62300114","195249,194759453","9949,25465391852","5,58966466242418",0,0,"-14,768556452339","-57,8692483665272","58,2173698135769","13832527161,3384","-17,6977933883667","26,0801078328066","-0,0000094","1,78652249760908","405,570627909849","880178,074849576"
"881624,074849576",1,"13844590227,3684","1803970,11174953","195282,83397794","9947,94818358839","5,58966466242418",0,0,"-14,9167421611844","-57,8920314297665","58,2466197936455","13834714178,8724","-17,7423202514648","26,0801078328066","-0,00000943","1,78652249760908","405,570627909849","882178,074849576"
"883624,074849576",1,"13846800162,9197","1453893,02720707","195316,535982015","9946,63949288227","5,58966466242418",0,0,"-15,0649199218169","-57,9148158894107","58,2759219641505","13836905371,7326","-17,7868082046509","26,0801078328066","-0,00000946","1,78652249760908","405,570627909849","884178,074849576"
"885624,074849576",1,"13849014242,8467","1103815,55950555","195350,300682479","9945,32858638031","5,58966466242418",0,0,"-15,2130889948859","-57,9376018223738","58,3052758828305","13839100734,2998","-17,8312572479248","26,0801078328066","-0,00000948","1,78652249760908","405,570627909849","886178,074849576"
"887624,074849576",1,"13851232461,5023","753738,371491983","195384,127990633","9944,01546866514","5,58966466242418",0,0,"-15,3612466195792","-57,9603891567799","58,3346811065845","13841300260,9505","-17,8756683349609","26,0801078328066","-0,00000951","1,78652249760908","405,570627909849","888178,074849576"
"889624,074849576",1,"13853454813,2897","403664,183497343","195418,017818499","9942,70014432187","5,58966466242418",0,0,"-15,5093924633234","-57,9831783681716","58,3641375945578","13843503946,0653","-17,9200403213501","26,0801078328066","-0,00000953","1,78652249760908","405,570627909849","890178,074849576"
"891624,074849576",1,"13855681292,5421","53666,4458888988","195451,970077079","9941,38261793801","5,58966466242418",0,0,"-15,6575250614734","-58,0059688812281","58,3936453046751","13845711784,0173","-17,9643720626831","26,0801078328066","-0,00000956","1,78652249760908","405,570627909849","892178,074849576"
"893624,074849576",1,"13857911893,5274","296528,209551557","195485,984676419","9940,06289410346","5,58966466242418",0,0,"-15,8056420374815","-58,0287612781585","58,423204197455","13847923769,1616","-18,0086656570435","26,0801078328066","-0,00000959","1,78652249760908","405,570627909849","894178,074849576"
"895624,074849576",1,"13860146610,6758","646601,044277989","195520,061528932","9938,74097741047","5,58966466242418",0,0,"-15,9537430899852","-58,0515552734539","58,4528138307619","13850139895,8657","-18,0529195785522","26,0801078328066","-0,00000961","1,78652249760908","405,570627909849","896178,074849576"
"897624,074849576",1,"13862385438,2155","996681,143691082","195554,200544089","9937,41687245358","5,58966466242418",0,0,"-16,1018257126079","-58,0743512321496","58,4824737641663","13852360158,4761","-18,0971343994141","26,0801078328066","-0,00000964","1,78652249760908","405,570627909849","898178,074849576"
"899624,074849576",1,"13864628370,5029","1346763,34879338","195588,401633234","9936,09058382961","5,58966466242418",0,0,"-16,2498889966832","-58,097148904846","58,512184357488","13854584551,3391","-18,1413089752197","26,0801078328066","-0,00000967","1,78652249760908","405,570627909849","900178,074849576"
"901624,074849576",1,"13866875401,8379","1696846,71913248","195622,664706869","9934,76211613762","5,58966466242418",0,0,"-16,3979310918435","-58,119948766959","58,5419451706577","13856813068,786","-18,1854446411133","26,0801078328066","-0,00000969","1,78652249760908","405,570627909849","902178,074849576"
"903624,074849576",1,"13869126526,5912","1722980,25929746","195656,989676536","9933,43147397885","5,58966466242418",0,0,"-16,5459508879895","-58,1427506030534","58,5717557627684","13859045705,1531","-18,229541015625","26,0801078328066","-0,00000972","1,78652249760908","405,570627909849","904178,074849576"
"905624,074849576",1,"13871381738,9976","1372895,46330686","195691,376451801","9932,09866195668","5,58966466242418",0,0,"-16,693946794156","-58,1655543457473","58,6016164949461","13861282454,7682","-18,2735971450806","26,0801078328066","-0,00000975","1,78652249760908","405,570627909849","906178,074849576"
"907624,074849576",1,"13873641033,343","1022810,40073297","195725,824942965","9930,76368467665","5,58966466242418",0,0,"-16,8419179321791","-58,1883604682174","58,6315269279201","13863523311,9523","-18,3176136016846","26,0801078328066","-0,00000977","1,78652249760908","405,570627909849","908178,074849576"
"909624,074849576",1,"13875904403,9905","672725,908277354","195760,335061455","9929,42654674635","5,58966466242418",0,0,"-16,9898618540185","-58,21116868435","58,6614870221271","13865768271,0224","-18,3615898132324","26,0801078328066","-0,0000098","1,78652249760908","405,570627909849","910178,074849576"
"911624,074849576",1,"13878171845,2283","322646,353527136","195794,90671761","9928,08725277544","5,58966466242418",0,0,"-17,1377776840444","-58,2339792877311","58,6914959384998","13868017326,291","-18,405525970459","26,0801078328066","-0,00000983","1,78652249760908","405,570627909849","912178,074849576"
"913624,074849576",1,"13880443351,2754","27644,1087123955","195829,53982076","9926,74580737555","5,58966466242418",0,0,"-17,2856641097799","-58,2567922821296","58,7215540383844","13870270472,0658","-18,4494215011597","26,0801078328066","-0,00000985","1,78652249760908","405,570627909849","914178,074849576"
"915624,074849576",1,"13882718916,4525","377560,882703163","195864,234281709","9925,40221516031","5,58966466242418",0,0,"-17,4335185829662","-58,2796078503481","58,7516612826395","13872527702,6435","-18,4932773590088","26,0801078328066","-0,00000988","1,78652249760908","405,570627909849","916178,074849576"
"917624,074849576",1,"13884998535,0224","727644,265313843","195898,990010428","9924,05648074528","5,58966466242418",0,0,"-17,5813408413465","-58,3024259278109","58,7818172346946","13874789012,3242","-18,5370929718018","26,0801078328066","-0,00000991","1,78652249760908","405,570627909849","918178,074849576"
"919624,074849576",1,"13887282201,2339","1077732,55213458","195933,806916665","9922,70860874791","5,58966466242418",0,0,"-17,7291286907063","-58,3252466986157","58,8120218545015","13877054395,3973","-18,5808692932129","26,0801078328066","-0,00000994","1,78652249760908","405,570627909849","920178,074849576"
"921624,074849576",1,"13889569909,3315","1427822,59473804","195968,684910124","9921,35860378752","5,58966466242418",0,0,"-17,8768807895501","-58,3480697640048","58,8422751046193","13879323846,1466","-18,6246044158936","26,0801078328066","-0,00000996","1,78652249760908","405,570627909849","922178,074849576"
"923624,074849576",1,"13891861653,6216","1777913,69951201","196003,623901399","9920,00647048523","5,58966466242418",0,0,"-18,0245961729444","-58,3708954165914","58,872576548012","13881597358,8497","-18,6682992935181","26,0801078328066","-0,00000999","1,78652249760908","405,570627909849","924178,074849576"
"925624,074849576",1,"13894157428,3284","1641905,61032781","196038,623799894","9918,65221346396","5,58966466242418",0,0,"-18,1722729114838","-58,3937242434046","58,9029257480847","13883874927,7827","-18,7119537353516","26,0801078328066","-0,00001","1,78652249760908","405,570627909849","926178,074849576"
"927624,074849576",1,"13896457227,7257","1291813,22412911","196073,684515731","9917,2958373484","5,58966466242418",0,0,"-18,3199096730307","-58,4165557775063","58,933323066203","13886156547,221","-18,7555675506592","26,0801078328066","-0,00001","1,78652249760908","405,570627909849","928178,074849576"
"929624,074849576",1,"13898761045,9492","941720,682113506","196108,805957021","9915,93734676492","5,58966466242418",0,0,"-18,4675048484435","-58,4393903792369","58,9637680661441","13888442211,4169","-18,7991405487061","26,0801078328066","-0,0000101","1,78652249760908","405,570627909849","930178,074849576"
"931624,074849576",1,"13901068877,3147","591629,154687984","196143,988034495","9914,57674634157","5,58966466242418",0,0,"-18,6150570858928","-58,4622279871937","58,9942611091369","13890731914,6255","-18,8426734924316","26,0801078328066","-0,0000101","1,78652249760908","405,570627909849","932178,074849576"
"933624,074849576",1,"13903380716,0609","241546,215066402","196179,230657763","9913,21404070807","5,58966466242418",0,0,"-18,7625649324434","-58,4850687833981","59,0248009638531","13893025651,1041","-18,8861656188965","26,0801078328066","-0,0000101","1,78652249760908","405,570627909849","934178,074849576"
"935624,074849576",1,"13905696556,3953","108618,202736329","196214,533735983","9911,84923449572","5,58966466242418",0,0,"-18,9100278060018","-58,5079125926093","59,0553879906208","13895323415,0984","-18,9296169281006","26,0801078328066","-0,0000102","1,78652249760908","405,570627909849","936178,074849576"
"937624,074849576",1,"13908016392,5148","458679,103758699","196249,89717815","9910,48233233738","5,58966466242418",0,0,"-19,0574433363948","-58,5307594846416","59,0860225519962","13897625200,8476","-18,9730278015137","26,0801078328066","-0,0000102","1,78652249760908","405,570627909849","938178,074849576"
"939624,074849576",1,"13910340218,7006","808771,786780255","196285,320894496","9909,11333886746","5,58966466242418",0,0,"-19,2048101154391","-58,5536097545805","59,1167038143165","13899931002,5943","-19,0163969039917","26,0801078328066","-0,0000102","1,78652249760908","405,570627909849","940178,074849576"
"941624,074849576",1,"13912668029,0903","1158868,03484771","196320,804793159","9907,74225872186","5,58966466242418",0,0,"-19,3521268939707","-58,5764635183233","59,1474313445252","13902240814,5702","-19,0597253799438","26,0801078328066","-0,0000102","1,78652249760908","405,570627909849","942178,074849576"
"943624,074849576",1,"13914999817,8596","1508965,78826993","196356,34878284","9906,36909653792","5,58966466242418",0,0,"-19,4993916704514","-58,5993208930359","59,1782055042136","13904554630,994","-19,1030132293701","26,0801078328066","-0,0000103","1,78652249760908","405,570627909849","944178,074849576"
"945624,074849576",1,"13917335579,2563","1859064,48940957","196391,952773276","9904,99385695445","5,58966466242418",0,0,"-19,6466036396477","-58,6221813645334","59,2090262576777","13906872446,0867","-19,1462596893311","26,0801078328066","-0,0000103","1,78652249760908","405,570627909849","946178,074849576"
"947624,074849576",1,"13919675307,5191","1560747,26784993","196427,616674069","9903,6165446116","5,58966466242418",0,0,"-19,7937613012496","-58,6450456965938","59,2398931711527","13909194254,0661","-19,1894647598267","26,0801078328066","-0,0000103","1,78652249760908","405,570627909849","948178,074849576"
"949624,074849576",1,"13922018996,8218","1210647,4029564","196463,340393891","9902,23716415088","5,58966466242418",0,0,"-19,9408631730758","-58,6679134741254","59,2708058125941","13911520049,1533","-19,2326286315918","26,0801078328066","-0,0000103","1,78652249760908","405,570627909849","950178,074849576"
"951624,074849576",1,"13924366641,2835","860547,555303044","196499,123840612","9900,85572021515","5,58966466242418",0,0,"-20,0879080932101","-58,6907851203632","59,3017641457191","13913849825,5502","-19,2757514953613","26,0801078328066","-0,0000104","1,78652249760908","405,570627909849","952178,074849576"
"953624,074849576",1,"13926718235,1221","510449,344339665","196534,966923538","9899,47221744851","5,58966466242418",0,0,"-20,2348940749674","-58,7136604607598","59,3327685345977","13916183577,4563","-19,3188325881958","26,0801078328066","-0,0000104","1,78652249760908","405,570627909849","954178,074849576"
"955624,074849576",1,"13929073772,5023","160368,179005602","196570,869551209","9898,08666049632","5,58966466242418",0,0,"-20,3818201038436","-58,7365399679354","59,3638181488685","13918521299,067","-19,3618726730347","26,0801078328066","-0,0000104","1,78652249760908","405,570627909849","956178,074849576"
"957624,074849576",1,"13931433247,6769","189794,175201172","196606,831633436","9896,69905400516","5,58966466242418",0,0,"-20,5286846635953","-58,7594234677096","59,3949129539681","13920862984,5833","-19,4048704147339","26,0801078328066","-0,0000105","1,78652249760908","405,570627909849","958178,074849576"
"959624,074849576",1,"13933796654,6788","539881,080166246","196642,853076842","9895,30940262276","5,58966466242418",0,0,"-20,6754860817958","-58,7823106722197","59,4260525193141","13923208628,1811","-19,4478269577026","26,0801078328066","-0,0000105","1,78652249760908","405,570627909849","960178,074849576"
"961624,074849576",1,"13936163987,722","889982,345543199","196678,933790669","9893,91771099801","5,58966466242418",0,0,"-20,8222236100285","-58,8052018775778","59,4572376039096","13925558224,0442","-19,4907417297363","26,0801078328066","-0,0000105","1,78652249760908","405,570627909849","962178,074849576"
"963624,074849576",1,"13938535241,0332","1240086,34046035","196715,073684361","9892,5239837809","5,58966466242418",0,0,"-20,9688957898474","-58,828097264534","59,4884673801981","13927911766,3616","-19,5336145401001","26,0801078328066","-0,0000105","1,78652249760908","405,570627909849","964178,074849576"
"965624,074849576",1,"13940910408,7374","1590191,64827135","196751,272665874","9891,12822562247","5,58966466242418",0,0,"-21,1155008020408","-58,8509971273676","59,5197414184263","13930269249,3097","-19,5764461517334","26,0801078328066","-0,0000106","1,78652249760908","405,570627909849","966178,074849576"
"967624,074849576",1,"13943289484,8748","1829613,34586153","196787,530641943","9889,73044117482","5,58966466242418",0,0,"-21,262037114933","-58,8739008246415","59,5510596848608","13932630667,0453","-19,619235420227","26,0801078328066","-0,0000106","1,78652249760908","405,570627909849","968178,074849576"
"969624,074849576",1,"13945672463,7014","1479506,52962624","196823,847522423","9888,33063509102","5,58966466242418",0,0,"-21,4085042039844","-58,8968091838261","59,5824225425523","13934996013,7332","-19,6619823455811","26,0801078328066","-0,0000106","1,78652249760908","405,570627909849","970178,074849576"
"971624,074849576",1,"13948059339,3125","1129399,34792494","196860,223214849","9886,92881202513","5,58966466242418",0,0,"-21,5548996526901","-58,9197215616948","59,6138291657321","13937365283,5361","-19,7046871185303","26,0801078328066","-0,0000107","1,78652249760908","405,570627909849","972178,074849576"
"973624,074849576",1,"13950450105,8865","779292,390504879","196896,657627966","9885,52497663212","5,58966466242418",0,0,"-21,7012230150908","-58,9426388990859","59,6452799175811","13939738470,6126","-19,7473503112793","26,0801078328066","-0,0000107","1,78652249760908","405,570627909849","974178,074849576"
"975624,074849576",1,"13952844757,5175","429188,038989333","196933,15066927","9884,11913356787","5,58966466242418",0,0,"-21,8474717096694","-58,9655603795671","59,6767743695625","13942115569,1141","-19,7899713516235","26,0801078328066","-0,0000107","1,78652249760908","405,570627909849","976178,074849576"
"977624,074849576",1,"13955243288,2805","79130,1332719555","196969,702246013","9882,71128748909","5,58966466242418",0,0,"-21,9936458635892","-58,988486533554","59,7083124885241","13944496573,1745","-19,8325511932373","26,0801078328066","-0,0000107","1,78652249760908","405,570627909849","978178,074849576"
"979624,074849576",1,"13957645692,4161","271063,978668533","197006,312267836","9881,30144305334","5,58966466242418",0,0,"-22,1397437956709","-59,0114173069635","59,7398938478423","13946881476,9482","-19,8750873565674","26,0801078328066","-0,0000108","1,78652249760908","405,570627909849","980178,074849576"
"981624,074849576",1,"13960051964,0525","621165,08742141","197042,980642758","9879,88960491896","5,58966466242418",0,0,"-22,2857628966848","-59,0343532301096","59,7715180187959","13949270274,5812","-19,9175807952881","26,0801078328066","-0,0000108","1,78652249760908","405,570627909849","982178,074849576"
"983624,074849576",1,"13962462097,1696","971274,452697937","197079,707276626","9878,47577774505","5,58966466242418",0,0,"-22,4317029379693","-59,0572936625032","59,8031853647681","13951662960,1949","-19,9600315093994","26,0801078328066","-0,0000108","1,78652249760908","405,570627909849","984178,074849576"
"985624,074849576",1,"13964876085,9139","1321385,98687296","197116,492077724","9877,05996619143","5,58966466242418",0,0,"-22,577562103432","-59,0802388433186","59,8348958543981","13954059527,9125","-20,0024402618408","26,0801078328066","-0,0000109","1,78652249760908","405,570627909849","986178,074849576"
"987624,074849576",1,"13967293924,4448","1671498,68452818","197153,334954524","9875,64217491861","5,58966466242418",0,0,"-22,7233396560784","-59,1031893026444","59,8666488636672","13956459971,8695","-20,0448070526123","26,0801078328066","-0,0000109","1,78652249760908","405,570627909849","988178,074849576"
"989624,074849576",1,"13969715606,8079","1748299,0021694","197190,235813843","9874,22240858773","5,58966466242418",0,0,"-22,8690336742988","-59,1261447509824","59,898444360458","13958864286,1802","-20,0871305465698","26,0801078328066","-0,0000109","1,78652249760908","405,570627909849","990178,074849576"
"991624,074849576",1,"13972141127,1896","1398184,93476028","197227,194564537","9872,80067186058","5,58966466242418",0,0,"-23,0146423856019","-59,1491054846916","59,930281919943","13961272464,9679","-20,1294118881226","26,0801078328066","-0,0000109","1,78652249760908","405,570627909849","992178,074849576"
"993624,074849576",1,"13974570479,6102","1048070,61466769","197264,211113061","9871,37696939952","5,58966466242418",0,0,"-23,1601650982127","-59,1720711575583","59,9621617073536","13963684502,3403","-20,1716493606567","26,0801078328066","-0,000011","1,78652249760908","405,570627909849","994178,074849576"
"995624,074849576",1,"13977003658,1727","697956,803712473","197301,285367077","9869,95130586745","5,58966466242418",0,0,"-23,3056012331458","-59,1950421799031","59,9940832983775","13966100392,4058","-20,2138439178467","26,0801078328066","-0,000011","1,78652249760908","405,570627909849","996178,074849576"
"997624,074849576",1,"13979440656,9551","347847,191451844","197338,417233875","9868,5236859278","5,58966466242418",0,0,"-23,4509478649287","-59,2180183222494","60,0260466615478","13968520129,2732","-20,2559949874878","26,0801078328066","-0,000011","1,78652249760908","405,570627909849","998178,074849576"
"999624,074849576",1,"13981881470,0392","3919,98242634921","197375,606620796","9867,09411424449","5,58966466242418",0,0,"-23,5962048337508","-59,2410002336051","60,0580519647746","13970943707,0355","-20,2981039047241","26,0801078328066","-0,0000111","1,78652249760908","405,570627909849","1000178,07484958"
"1001624,07484958",1,"13984326091,4935","352417,610991247","197412,853435006","9865,66259548186","5,58966466242418",0,0,"-23,741370800643","-59,2639873926917","60,0900987831858","13973371119,7796","-20,3401700973511","26,0801078328066","-0,0000111","1,78652249760908","405,570627909849","1002178,07484958"
"1003624,07484958",1,"13986774515,4465","702529,311229515","197450,157584533","9864,22913430471","5,58966466242418",0,0,"-23,8864441612562","-59,2869801527517","60,1221866923579","13975802361,6073","-20,3821939468384","26,0801078328066","-0,0000111","1,78652249760908","405,570627909849","1004178,07484958"
"1005624,07484958",1,"13989226735,9634","1052646,39215418","197487,518976492","9862,79373537818","5,58966466242418",0,0,"-24,0314234464012","-59,3099785737243","60,1543156627454","13978237426,6123","-20,4241735458374","26,0801078328066","-0,0000111","1,78652249760908","405,570627909849","1006178,07484958"
"1007624,07484958",1,"13991682747,1372","1402765,26216491","197524,937518396","9861,35640336778","5,58966466242418",0,0,"-24,1763076312408","-59,3329826031946","60,1864858620214","13980676308,8815","-20,4661100387573","26,0801078328066","-0,0000112","1,78652249760908","405,570627909849","1008178,07484958"
"1009624,07484958",1,"13994142542,9507","1752885,16177113","197562,41311617","9859,91714293934","5,58966466242418",0,0,"-24,3210953581831","-59,3559922444791","60,2186964735663","13983119002,4958","-20,5080041885376","26,0801078328066","-0,0000112","1,78652249760908","405,570627909849","1010178,07484958"
"1011624,07484958",1,"13996606117,5066","1666905,39315504","197599,945677476","9858,47595875894","5,58966466242418",0,0,"-24,4657859044869","-59,3790077955712","60,2509480588576","13985565501,5275","-20,5498537063599","26,0801078328066","-0,0000112","1,78652249760908","405,570627909849","1012178,07484958"
"1013624,07484958",1,"13999073464,8437","1316784,27242422","197637,535109048","9857,03285549295","5,58966466242418",0,0,"-24,6103771567342","-59,4020291408239","60,2832398014125","13988015800,0509","-20,5916606903076","26,0801078328066","-0,0000113","1,78652249760908","405,570627909849","1014178,07484958"
"1015624,07484958",1,"14001544578,9788","966663,016956115","197675,181317305","9855,58783780794","5,58966466242418",0,0,"-24,7548681014333","-59,4250565230411","60,3155722625921","13990469892,1315","-20,633423614502","26,0801078328066","-0,0000113","1,78652249760908","405,570627909849","1016178,07484958"
"1017624,07484958",1,"14004019454,071","616542,65870734","197712,884210728","9854,14091037065","5,58966466242418",0,0,"-24,8992573410574","-59,4480897045176","60,3479444311157","13992927771,8431","-20,6751424789429","26,0801078328066","-0,0000113","1,78652249760908","405,570627909849","1018178,07484958"
"1019624,07484958",1,"14006498084,0672","266429,447336593","197750,64369473","9852,69207784799","5,58966466242418",0,0,"-25,0435435651707","-59,4711291062013","60,3803566715842","13995389433,2459","-20,7168190002441","26,0801078328066","-0,0000114","1,78652249760908","405,570627909849","1020178,07484958"
"1021624,07484958",1,"14008980463,0424","83774,5597098605","197788,459676585","9851,24134490698","5,58966466242418",0,0,"-25,1877257211771","-59,494174489387","60,4128085633555","13997854870,4008","-20,7584518432617","26,0801078328066","-0,0000114","1,78652249760908","405,570627909849","1022178,07484958"
"1023624,07484958",1,"14011466585,0285","433851,092012168","197826,332062935","9849,78871621472","5,58966466242418",0,0,"-25,3318030546475","-59,5172262727117","60,4453002742713","14000324077,359","-20,8000402450562","26,0801078328066","-0,0000114","1,78652249760908","405,570627909849","1024178,07484958"
"1025624,07484958",1,"14013956444,055","783971,76376195","197864,260760392","9848,33419643836","5,58966466242418",0,0,"-25,475774032875","-59,5402842868976","60,4778311882572","14002797048,1681","-20,8415843963623","26,0801078328066","-0,0000114","1,78652249760908","405,570627909849","1026178,07484958"
"1027624,07484958",1,"14016450034,1596","1134096,23509321","197902,245675686","9846,87779024507","5,58966466242418",0,0,"-25,6196369968187","-59,5633488816111","60,5104014734195","14005273776,8704","-20,883084487915","26,0801078328066","-0,0000115","1,78652249760908","405,570627909849","1028178,07484958"
"1029624,07484958",1,"14018947349,4067","1484222,21075364","197940,286715951","9845,41950230204","5,58966466242418",0,0,"-25,7633908972054","-59,586419887562","60,5430109073608","14007754257,516","-20,9245407104492","26,0801078328066","-0,0000115","1,78652249760908","405,570627909849","1030178,07484958"
"1031624,07484958",1,"14021448383,788","1834349,11418779","197978,383787249","9843,95933727636","5,58966466242418",0,0,"-25,9070344947558","-59,6094971865619","60,5756592660483","14010238484,1441","-20,9659536361694","26,0801078328066","-0,0000115","1,78652249760908","405,570627909849","1032178,07484958"
"1033624,07484958",1,"14023953131,2806","1585434,5153415","198016,536795444","9842,49729983507","5,58966466242418",0,0,"-26,0505674863379","-59,6325811993416","60,608346522667","14012726450,7878","-21,0073219299316","26,0801078328066","-0,0000116","1,78652249760908","405,570627909849","1034178,07484958"
"1035624,07484958",1,"14026461586,0228","1235306,54250172","198054,745648734","9841,03339464512","5,58966466242418",0,0,"-26,1939872664373","-59,6556716354692","60,6410720623071","14015218151,4922","-21,0486459732056","26,0801078328066","-0,0000116","1,78652249760908","405,570627909849","1036178,07484958"
"1037624,07484958",1,"14028973741,9265","885178,596872731","198093,01025205","9839,56762637327","5,58966466242418",0,0,"-26,3372938361267","-59,6787693809577","60,6738362510725","14017713580,2777","-21,0899261474609","26,0801078328066","-0,0000116","1,78652249760908","405,570627909849","1038178,07484958"
"1039624,07484958",1,"14031489593,0658","535052,100005931","198131,330512661","9838,09999968615","5,58966466242418",0,0,"-26,4804851836343","-59,7018736067604","60,7066386702045","14020212731,1776","-21,1311616897583","26,0801078328066","-0,0000117","1,78652249760908","405,570627909849","1040178,07484958"
"1041624,07484958",1,"14034009133,3959","184939,08024231","198169,706336124","9836,63051925017","5,58966466242418",0,0,"-26,6235606659072","-59,7249846837678","60,7394792941718","14022715598,2129","-21,1723526000977","26,0801078328066","-0,0000117","1,78652249760908","405,570627909849","1042178,07484958"
"1043624,07484958",1,"14036532356,9413","165250,163443443","198208,137628993","9835,15918973149","5,58966466242418",0,0,"-26,7665178337023","-59,7481024938353","60,7723575094752","14025222175,4042","-21,2134992599487","26,0801078328066","-0,0000117","1,78652249760908","405,570627909849","1044178,07484958"
"1045624,07484958",1,"14039059257,71","515361,520252549","198246,624297598","9833,68601579602","5,58966466242418",0,0,"-26,9093566476211","-59,7712273843335","60,8052738776887","14027732456,7697","-21,2546018600464","26,0801078328066","-0,0000117","1,78652249760908","405,570627909849","1046178,07484958"
"1047624,07484958",1,"14041589829,6663","865490,246649755","198285,166247634","9832,21100210936","5,58966466242418",0,0,"-27,0520758635793","-59,794359014415","60,8382275905717","14030246436,3204","-21,295659828186","26,0801078328066","-0,0000118","1,78652249760908","405,570627909849","1048178,07484958"
"1049624,07484958",1,"14044124066,8607","1215621,799488","198323,763386041","9830,73415333677","5,58966466242418",0,0,"-27,1946745263185","-59,817498150845","60,8712188191947","14032764108,0658","-21,3366731643677","26,0801078328066","-0,0000118","1,78652249760908","405,570627909849","1050178,07484958"
"1051624,07484958",1,"14046661963,2245","1565754,65298671","198362,41561804","9829,25547414317","5,58966466242418",0,0,"-27,3371515177978","-59,8406445007402","60,904247537493","14035285466,0094","-21,377642250061","26,0801078328066","-0,0000118","1,78652249760908","405,570627909849","1052178,07484958"
"1053624,07484958",1,"14049203512,8513","1854022,85437161","198401,122851211","9827,77496919305","5,58966466242418",0,0,"-27,479504347947","-59,863797899017","60,9373131348892","14037810504,1665","-21,4185668945312","26,0801078328066","-0,0000119","1,78652249760908","405,570627909849","1054178,07484958"
"1055624,07484958",1,"14051748709,6403","1503888,59175946","198439,884990314","9826,29264315051","5,58966466242418",0,0,"-27,6217335903802","-59,8869589869944","60,9704157820963","14040339216,5283","-21,4594457626343","26,0801078328066","-0,0000119","1,78652249760908","405,570627909849","1056178,07484958"
"1057624,07484958",1,"14054297547,6044","1153754,01522862","198478,701941757","9824,80850067916","5,58966466242418",0,0,"-27,7638368608138","-59,9101274715134","61,0035552591914","14042871597,096","-21,5002805709839","26,0801078328066","-0,0000119","1,78652249760908","405,570627909849","1058178,07484958"
"1059624,07484958",1,"14056850020,7351","803619,647159402","198517,573611641","9823,32254644215","5,58966466242418",0,0,"-27,9058141271714","-59,9333033096233","61,0367313465095","14045407639,863","-21,541069984436","26,0801078328066","-0,000012","1,78652249760908","405,570627909849","1060178,07484958"
"1061624,07484958",1,"14059406122,9597","453487,589345455","198556,499905142","9821,83478510209","5,58966466242418",0,0,"-28,0476638069084","-59,9564868488937","61,0699440200887","14047947338,8194","-21,5818147659302","26,0801078328066","-0,000012","1,78652249760908","405,570627909849","1062178,07484958"
"1063624,07484958",1,"14061965848,3121","103387,607402426","198595,480728994","9820,34522132106","5,58966466242418",0,0,"-28,1893850483085","-59,9796780924441","61,1031930612782","14050490687,9564","-21,6225141525269","26,0801078328066","-0,000012","1,78652249760908","405,570627909849","1064178,07484958"
"1065624,07484958",1,"14064529190,7253","246819,449902353","198634,515988451","9818,85385976053","5,58966466242418",0,0,"-28,3309767077774","-60,0028771680635","61,1364780557377","14053037681,258","-21,6631687164307","26,0801078328066","-0,000012","1,78652249760908","405,570627909849","1066178,07484958"
"1067624,07484958",1,"14067096144,2627","596946,199005283","198673,605590679","9817,36070508138","5,58966466242418",0,0,"-28,4724374717358","-60,0260841024386","61,1697991753462","14055588312,7176","-21,7037776947021","26,0801078328066","-0,0000121","1,78652249760908","405,570627909849","1068178,07484958"
"1069624,07484958",1,"14069666702,7868","947082,333806586","198712,749439923","9815,86576194383","5,58966466242418",0,0,"-28,613765589346","-60,0492984557965","61,2031562020973","14058142576,3102","-21,7443422317505","26,0801078328066","-0,0000121","1,78652249760908","405,570627909849","1070178,07484958"
"1071624,07484958",1,"14072240860,3077","1297220,682705","198751,947442577","9814,36903500746","5,58966466242418",0,0,"-28,754960476048","-60,0725209487112","61,2365485279748","14060700466,0185","-21,7848606109619","26,0801078328066","-0,0000121","1,78652249760908","405,570627909849","1072178,07484958"
"1073624,07484958",1,"14074818610,7371","1647360,15235305","198791,199503609","9812,87052893112","5,58966466242418",0,0,"-28,8960220708059","-60,095751631648","61,2699767147687","14063261975,8071","-21,825333404541","26,0801078328066","-0,0000122","1,78652249760908","405,570627909849","1074178,07484958"
"1075624,07484958",1,"14077399948,1062","1772410,81751682","198830,505529718","9811,37024837292","5,58966466242418",0,0,"-29,0369476569358","-60,1189903367778","61,3034401555987","14065827099,6537","-21,8657627105713","26,0801078328066","-0,0000122","1,78652249760908","405,570627909849","1076178,07484958"
"1077624,07484958",1,"14079984866,3218","1422270,10178146","198869,865425809","9809,86819799024","5,58966466242418",0,0,"-29,1777373511801","-60,142236875388","61,3369388278052","14068395831,5254","-21,9061458587646","26,0801078328066","-0,0000122","1,78652249760908","405,570627909849","1078178,07484958"
"1079624,07484958",1,"14082573359,3642","1072129,16420345","198909,279097862","9808,36438243961","5,58966466242418",0,0,"-29,3183892617484","-60,1654917406215","61,3704723202761","14070968165,3884","-21,9464836120605","26,0801078328066","-0,0000123","1,78652249760908","405,570627909849","1080178,07484958"
"1081624,07484958",1,"14085165421,1994","721988,717377966","198948,746451642","9806,8588063768","5,58966466242418",0,0,"-29,458903144169","-60,1887549574169","61,404040804937","14073544095,2123","-21,9867753982544","26,0801078328066","-0,0000123","1,78652249760908","405,570627909849","1082178,07484958"
"1083624,07484958",1,"14087761045,749","371851,928585674","198988,267392275","9805,35147445668","5,58966466242418",0,0,"-29,5992776903472","-60,2120263596632","61,437643871808","14076123614,956","-22,0270215988159","26,0801078328066","-0,0000123","1,78652249760908","405,570627909849","1084178,07484958"
"1085624,07484958",1,"14090360227,0207","21924,0741721071","199027,841826144","9803,84239133326","5,58966466242418",0,0,"-29,7395116365102","-60,2353060996706","61,4712814988777","14078706718,5856","-22,06722240448","26,0801078328066","-0,0000124","1,78652249760908","405,570627909849","1086178,07484958"
"1087624,07484958",1,"14092962958,8216","328465,172331993","199067,46965672","9802,33156165962","5,58966466242418",0,0,"-29,879603844019","-60,2585944976855","61,5049534701912","14081293400,0415","-22,1073781967163","26,0801078328066","-0,0000124","1,78652249760908","405,570627909849","1088178,07484958"
"1089624,07484958",1,"14095569235,221","678602,334376245","199107,150791286","9800,81899008792","5,58966466242418",0,0,"-30,019553984027","-60,2818913681123","61,5386597646199","14083883653,2849","-22,1474866867065","26,0801078328066","-0,0000124","1,78652249760908","405,570627909849","1090178,07484958"
"1091624,07484958",1,"14098179050,0913","1028745,39398232","199146,885134271","9799,30468126931","5,58966466242418",0,0,"-30,1593610683476","-60,3051970537742","61,5724003611033","14086477472,2632","-22,1875497817993","26,0801078328066","-0,0000125","1,78652249760908","405,570627909849","1092178,07484958"
"1093624,07484958",1,"14100792397,4466","1378890,23840403","199186,672592164","9797,78863985398","5,58966466242418",0,0,"-30,2990231581184","-60,3285112414977","61,6061746559276","14089074850,9342","-22,2275674819946","26,0801078328066","-0,0000125","1,78652249760908","405,570627909849","1094178,07484958"
"1095624,07484958",1,"14103409271,1514","1729036,04803915","199226,513069288","9796,27087049107","5,58966466242418",0,0,"-30,4385399507736","-60,3518341030086","61,6399826291594","14091675783,2387","-22,2675386428833","26,0801078328066","-0,0000125","1,78652249760908","405,570627909849","1096178,07484958"
"1097624,07484958",1,"14106029665,194","1690728,65729418","199266,406471762","9794,75137782864","5,58966466242418",0,0,"-30,5779105711019","-60,3751657915315","61,6738242596959","14094280263,1259","-22,3074640274048","26,0801078328066","-0,0000125","1,78652249760908","405,570627909849","1098178,07484958"
"1099624,07484958",1,"14108653573,4371","1340581,75120159","199306,352703886","9793,2301665137","5,58966466242418",0,0,"-30,7171336283714","-60,3985066078004","61,7076993340963","14096888284,5332","-22,3473426818848","26,0801078328066","-0,0000126","1,78652249760908","405,570627909849","1100178,07484958"
"1101624,07484958",1,"14111280989,8772","990434,757784111","199346,351671912","9791,7072411921","5,58966466242418",0,0,"-30,8562082890797","-60,421856405565","61,7416076373193","14099499841,401","-22,3871759414673","26,0801078328066","-0,0000126","1,78652249760908","405,570627909849","1102178,07484958"
"1103624,07484958",1,"14113911908,4253","640288,593531819","199386,403280846","9790,18260650858","5,58966466242418",0,0,"-30,9951334867795","-60,4452154673983","61,7755493440868","14102114927,6686","-22,4269632339478","26,0801078328066","-0,0000126","1,78652249760908","405,570627909849","1104178,07484958"
"1105624,07484958",1,"14116546322,9189","290148,502086941","199426,507434639","9788,65626710667","5,58966466242418",0,0,"-31,1339086155062","-60,4685836873579","61,8095238533176","14104733537,2584","-22,4667032241821","26,0801078328066","-0,0000127","1,78652249760908","405,570627909849","1106178,07484958"
"1107624,07484958",1,"14119184227,3835","60101,7563005104","199466,664039978","9787,12822762872","5,58966466242418",0,0,"-31,2725326189423","-60,4919608616971","61,843531145361","14107355664,1146","-22,5063968658447","26,0801078328066","-0,0000127","1,78652249760908","405,570627909849","1108178,07484958"
"1109624,07484958",1,"14121825615,6947","410181,484020527","199506,873001364","9785,59849271583","5,58966466242418",0,0,"-31,4110041404013","-60,5153474999421","61,8775710072983","14109981302,162","-22,546044921875","26,0801078328066","-0,0000127","1,78652249760908","405,570627909849","1110178,07484958"
"1111624,07484958",1,"14124470481,8615","760326,994206726","199547,13422525","9784,06706700784","5,58966466242418",0,0,"-31,5493229253091","-60,5387432883715","61,9116432264626","14112610445,339","-22,5856460571289","26,0801078328066","-0,0000128","1,78652249760908","405,570627909849","1112178,07484958"
"1113624,07484958",1,"14127118819,6972","1110476,54681743","199587,447615249","9782,53395514331","5,58966466242418",0,0,"-31,6874873082529","-60,5621485294862","61,9457477842669","14115243087,5641","-22,6252010345459","26,0801078328066","-0,0000128","1,78652249760908","405,570627909849","1114178,07484958"
"1115624,07484958",1,"14129770623,097","1460627,56564682","199627,813076168","9780,99916175946","5,58966466242418",0,0,"-31,8254973804953","-60,5855633925936","61,9798848553433","14117879222,7586","-22,6647096633911","26,0801078328066","-0,0000128","1,78652249760908","405,570627909849","1116178,07484958"
"1117624,07484958",1,"14132425886,0549","1810779,44568799","199668,230514247","9779,46269149218","5,58966466242418",0,0,"-31,9633509966405","-60,6089880134966","62,0140538406152","14120518844,8447","-22,7041715621948","26,0801078328066","-0,0000129","1,78652249760908","405,570627909849","1118178,07484958"
"1119624,07484958",1,"14135084602,4524","1608979,28751027","199708,699834106","9777,92454897597","5,58966466242418",0,0,"-32,1010487628588","-60,632422098758","62,0482549155851","14123161947,7462","-22,7435869216919","26,0801078328066","-0,0000129","1,78652249760908","405,570627909849","1120178,07484958"
"1121624,07484958",1,"14137746766,1687","1258826,47969439","199749,220940332","9776,38473884394","5,58966466242418",0,0,"-32,2385882824824","-60,6558659484776","62,0824874819235","14125808525,3754","-22,7829549789429","26,0801078328066","-0,0000129","1,78652249760908","405,570627909849","1122178,07484958"
"1123624,07484958",1,"14140412371,1111","908673,738952837","199789,793737922","9774,84326572777","5,58966466242418",0,0,"-32,3759697403164","-60,6793194558379","62,1167515218677","14128458571,644","-22,8222761154175","26,0801078328066","-0,000013","1,78652249760908","405,570627909849","1124178,07484958"
"1125624,07484958",1,"14143081411,2667","558522,343859191","199830,418133038","9773,30013425765","5,58966466242418",0,0,"-32,5131916668999","-60,7027827352176","62,1510470183328","14131112080,4788","-22,8615516662598","26,0801078328066","-0,000013","1,78652249760908","405,570627909849","1126178,07484958"
"1127624,07484958",1,"14145753880,4417","208381,914643039","199871,094029215","9771,75534906232","5,58966466242418",0,0,"-32,6502539108998","-60,7262561087116","62,1853739530775","14133769045,7846","-22,9007801055908","26,0801078328066","-0,000013","1,78652249760908","405,570627909849","1128178,07484958"
"1129624,07484958",1,"14148429772,6308","141832,850201776","199911,821332743","9770,20891476898","5,58966466242418",0,0,"-32,7871554073519","-60,7497395790251","62,2197321158127","14136429461,4782","-22,9399612426758","26,0801078328066","-0,0000131","1,78652249760908","405,570627909849","1130178,07484958"
"1131624,07484958",1,"14151109081,5934","491964,330982563","199952,599946484","9768,6608360033","5,58966466242418",0,0,"-32,9238945749029","-60,7732331327039","62,2541212964982","14139093321,4514","-22,9790956497192","26,0801078328066","-0,0000131","1,78652249760908","405,570627909849","1132178,07484958"
"1133624,07484958",1,"14153791801,3102","842117,046899496","199993,429776527","9767,11111738936","5,58966466242418",0,0,"-33,0604708895512","-60,7967368092709","62,2885410927379","14141760619,6127","-23,0181825637817","26,0801078328066","-0,0000131","1,78652249760908","405,570627909849","1134178,07484958"
"1135624,07484958",1,"14156477925,7432","1192272,69497927","200034,310728695","9765,55976354967","5,58966466242418",0,0,"-33,1968835307135","-60,8202505757508","62,3229916795888","14144431349,8773","-23,057222366333","26,0801078328066","-0,0000132","1,78652249760908","405,570627909849","1136178,07484958"
"1137624,07484958",1,"14159167448,6754","1542429,57690334","200075,242706208","9764,00677910509","5,58966466242418",0,0,"-33,3331323378899","-60,8437746053012","62,3574728482435","14147105506,1393","-23,0962154388428","26,0801078328066","-0,0000132","1,78652249760908","405,570627909849","1138178,07484958"
"1139624,07484958",1,"14161860364,0835","1877323,94862102","200116,225615111","9762,45216867485","5,58966466242418",0,0,"-33,4692157193787","-60,8673092329361","62,3919841971108","14149783082,3025","-23,1351612091064","26,0801078328066","-0,0000132","1,78652249760908","405,570627909849","1140178,07484958"
"1141624,07484958",1,"14164556665,8364","1527165,85930794","200157,259359885","9760,89593687648","5,58966466242418",0,0,"-33,6051331181609","-60,8908539641209","62,4265257103598","14152464072,2692","-23,1740602493286","26,0801078328066","-0,0000133","1,78652249760908","405,570627909849","1142178,07484958"
"1143624,07484958",1,"14167256347,7983","1177007,47839703","200198,343844952","9759,33808832581","5,58966466242418",0,0,"-33,7408834106317","-60,9144094159251","62,461097371618","14155148469,938","-23,2129112243652","26,0801078328066","-0,0000133","1,78652249760908","405,570627909849","1144178,07484958"
"1145624,07484958",1,"14169959403,8632","826849,350107153","200239,478975169","9757,77862763695","5,58966466242418",0,0,"-33,8764663131925","-60,9379754433962","62,4956989729428","14157836269,1976","-23,2517148971558","26,0801078328066","-0,0000133","1,78652249760908","405,570627909849","1146178,07484958"
"1147624,07484958",1,"14172665827,9793","476693,303730288","200280,664656184","9756,21755942222","5,58966466242418",0,0,"-34,0118806089097","-60,9615522015833","62,5303301132455","14160527463,9514","-23,2904705047607","26,0801078328066","-0,0000133","1,78652249760908","405,570627909849","1148178,07484958"
"1149624,07484958",1,"14175375613,9211","126561,058523478","200321,90079112","9754,65488829219","5,58966466242418",0,0,"-34,1471257014452","-60,9851395594884","62,5649909694389","14163222048,0804","-23,3291795730591","26,0801078328066","-0,0000134","1,78652249760908","405,570627909849","1150178,07484958"
"1151624,07484958",1,"14178088755,6974","223661,577225529","200363,187286525","9753,09061885558","5,58966466242418",0,0,"-34,282201120978","-61,0087379860316","62,5996811421368","14165920015,4908","-23,3678413391113","26,0801078328066","-0,0000134","1,78652249760908","405,570627909849","1152178,07484958"
"1153624,07484958",1,"14180805247,0978","573810,012914988","200404,524045746","9751,5247557193","5,58966466242418",0,0,"-34,4171068301316","-61,0323471535338","62,6344010009847","14168621360,0696","-23,4064556121826","26,0801078328066","-0,0000134","1,78652249760908","405,570627909849","1154178,07484958"
"1155624,07484958",1,"14183525082,043","923969,141919001","200445,910974061","9749,95730348837","5,58966466242418",0,0,"-34,5518407518615","-61,0559673500747","62,6691497612735","14171326075,6995","-23,4450216293335","26,0801078328066","-0,0000135","1,78652249760908","405,570627909849","1156178,07484958"
"1157624,07484958",1,"14186248254,4284","1274130,50054186","200487,347976376","9748,38826676594","5,58966466242418",0,0,"-34,6864022620886","-61,0795984774063","62,7039274090164","14174034156,2748","-23,4835399627686","26,0801078328066","-0,0000135","1,78652249760908","405,570627909849","1158178,07484958"
"1159624,07484958",1,"14188974758,0795","1624292,90003137","200528,834956581","9746,81765015323","5,58966466242418",0,0,"-34,8207909523165","-61,1032407910187","62,7387339302888","14176745595,6744","-23,5220109939575","26,0801078328066","-0,0000135","1,78652249760908","405,570627909849","1160178,07484958"
"1161624,07484958",1,"14191704586,8847","1795455,23052654","200570,371819497","9745,24545824949","5,58966466242418",0,0,"-34,9550063108787","-61,1268943419298","62,7735693106267","14179460387,7793","-23,5604335784912","26,0801078328066","-0,0000136","1,78652249760908","405,570627909849","1162178,07484958"
"1163624,07484958",1,"14194437734,8061","1445291,76742098","200611,958471008","9743,67169565206","5,58966466242418",0,0,"-35,0890478142116","-61,1505589541028","62,8084333433282","14182178526,48","-23,5988096237183","26,0801078328066","-0,0000136","1,78652249760908","405,570627909849","1164178,07484958"
"1165624,07484958",1,"14197174195,6515","1095128,1488338","200653,594814771","9742,09636695622","5,58966466242418",0,0,"-35,2229136284749","-61,1742350952806","62,8433258231364","14184900005,6589","-23,6371370315552","26,0801078328066","-0,0000136","1,78652249760908","405,570627909849","1166178,07484958"
"1167624,07484958",1,"14199913963,2619","744965,030155986","200695,280754927","9740,51947675526","5,58966466242418",0,0,"-35,3566042219259","-61,1979224860269","62,878246736018","14187624819,1871","-23,6754175186157","26,0801078328066","-0,0000137","1,78652249760908","405,570627909849","1168178,07484958"
"1169624,07484958",1,"14202657031,5313","394805,166165735","200737,016196394","9738,94102964041","5,58966466242418",0,0,"-35,4901183323246","-61,2216215621603","62,9131956843599","14190352960,9482","-23,7136486053467","26,0801078328066","-0,0000137","1,78652249760908","405,570627909849","1170178,07484958"
"1171624,07484958",1,"14205403394,3466","44736,6859260654","200778,801043989","9737,36103020084","5,58966466242418",0,0,"-35,6234557049619","-61,2453318511163","62,9481726556919","14193084424,8131","-23,7518321990967","26,0801078328066","-0,0000137","1,78652249760908","405,570627909849","1172178,07484958"
"1173624,07484958",1,"14208153045,5981","305556,297617214","200820,635202588","9735,77948302361","5,58966466242418",0,0,"-35,756614547442","-61,2690540126914","62,9831772530044","14195819204,6631","-23,7899669647217","26,0801078328066","-0,0000138","1,78652249760908","405,570627909849","1174178,07484958"
"1175624,07484958",1,"14210905979,0835","655714,801440259","200862,51857572","9734,19639269366","5,58966466242418",0,0,"-35,8895954358755","-61,2927880390622","63,018209654935","14198557294,3672","-23,8280544281006","26,0801078328066","-0,0000138","1,78652249760908","405,570627909849","1176178,07484958"
"1177624,07484958",1,"14213662188,7346","1005879,73608429","200904,45106888","9732,61176379376","5,58966466242418",0,0,"-36,0223975124059","-61,3165339040458","63,0532696574357","14201298687,7978","-23,8660934448242","26,0801078328066","-0,0000138","1,78652249760908","405,570627909849","1178178,07484958"
"1179624,07484958",1,"14216421668,424","1356046,42076784","200946,432586696","9731,02560090454","5,58966466242418",0,0,"-36,1550199420069","-61,3402911911701","63,0883570566977","14204043378,8322","-23,9040838241577","26,0801078328066","-0,0000139","1,78652249760908","405,570627909849","1180178,07484958"
"1181624,07484958",1,"14219184412,0138","1706213,97893324","200988,463033651","9729,4379086044","5,58966466242418",0,0,"-36,2874617483497","-61,3640607887689","63,1234718397223","14206791361,3451","-23,9420261383057","26,0801078328066","-0,0000139","1,78652249760908","405,570627909849","1182178,07484958"
"1183624,07484958",1,"14221950413,3462","1713529,0659584","201030,542313945","9727,84869146953","5,58966466242418",0,0,"-36,4197225563998","-61,3878424287719","63,1586136113602","14209542629,1991","-23,9799207687378","26,0801078328066","-0,0000139","1,78652249760908","405,570627909849","1184178,07484958"
"1185624,07484958",1,"14224719666,2929","1363360,60456429","201072,670332224","9726,25795407386","5,58966466242418",0,0,"-36,5518021349976","-61,4116359384744","63,1937821691154","14212297176,2633","-24,0177667617798","26,0801078328066","-0,000014","1,78652249760908","405,570627909849","1186178,07484958"
"1187624,07484958",1,"14227492164,7452","1013192,12687399","201114,846993403","9724,66570098905","5,58966466242418",0,0,"-36,6836989947562","-61,435441784551","63,2289775005301","14215054996,4116","-24,0555637359619","26,0801078328066","-0,000014","1,78652249760908","405,570627909849","1188178,07484958"
"1189624,07484958",1,"14230267902,5516","663024,477894421","201157,072201802","9723,07193678446","5,58966466242418",0,0,"-36,8154133727393","-61,4592594949768","63,2641995938017","14217816083,5137","-24,0933126449585","26,0801078328066","-0,000014","1,78652249760908","405,570627909849","1190178,07484958"
"1191624,07484958",1,"14233046873,5541","312862,0694747","201199,345861634","9721,47666602713","5,58966466242418",0,0,"-36,9469442615048","-61,4830897145486","63,2994482469098","14220580431,4344","-24,1310123443604","26,0801078328066","-0,0000141","1,78652249760908","405,570627909849","1192178,07484958"
"1193624,07484958",1,"14235829071,6568","37455,7776712588","201241,667878032","9719,87989328174","5,58966466242418",0,0,"-37,0782909198593","-61,5069324064274","63,3347232574779","14223348034,0403","-24,1686639785767","26,0801078328066","-0,0000141","1,78652249760908","405,570627909849","1194178,07484958"
"1195624,07484958",1,"14238614490,6849","387508,909172585","201284,038154988","9718,28162311061","5,58966466242418",0,0,"-37,2094534753303","-61,5307874647003","63,3700246135291","14226118885,2004","-24,206266784668","26,0801078328066","-0,0000141","1,78652249760908","405,570627909849","1196178,07484958"
"1197624,07484958",1,"14241403124,4487","737674,854453241","201326,456596274","9716,68186007365","5,58966466242418",0,0,"-37,3404306346103","-61,5546550432031","63,40535192294","14228892978,7718","-24,2438209533691","26,0801078328066","-0,0000142","1,78652249760908","405,570627909849","1198178,07484958"
"1199624,07484958",1,"14244194966,8805","1087845,06279531","201368,923107448","9715,08060872836","5,58966466242418",0,0,"-37,4712215790819","-61,5785352709652","63,4407053659051","14231670308,6175","-24,2813259124756","26,0801078328066","-0,0000142","1,78652249760908","405,570627909849","1200178,07484958"
"1201624,07484958",1,"14246990011,8241","1438016,67533977","201411,437592789","9713,47787362978","5,58966466242418",0,0,"-37,6018266937135","-61,6024281651249","63,4760845495923","14234450868,5985","-24,3187826156616","26,0801078328066","-0,0000142","1,78652249760908","405,570627909849","1202178,07484958"
"1203624,07484958",1,"14249788253,1175","1788189,03842241","201453,999956497","9711,87365933049","5,58966466242418",0,0,"-37,7322449289767","-61,6263338781034","63,5114894637964","14237234652,5756","-24,3561899185181","26,0801078328066","-0,0000143","1,78652249760908","405,570627909849","1204178,07484958"
"1205624,07484958",1,"14252589684,6221","1631549,30018657","201496,610103109","9710,26797038058","5,58966466242418",0,0,"-37,8624758026075","-61,6502522657558","63,5469200989577","14240021654,4085","-24,3935485839844","26,0801078328066","-0,0000143","1,78652249760908","405,570627909849","1206178,07484958"
"1207624,07484958",1,"14255394300,2235","1281376,219129","201539,267937533","9708,66081132761","5,58966466242418",0,0,"-37,9925187907528","-61,6741836320212","63,5823760630085","14242811867,9564","-24,4308589935303","26,0801078328066","-0,0000143","1,78652249760908","405,570627909849","1208178,07484958"
"1209624,07484958",1,"14258202093,7796","931203,256214241","201581,973364267","9707,0521867166","5,58966466242418",0,0,"-38,122373459191","-61,6981281547519","63,6178573455664","14245605287,0792","-24,4681203842163","26,0801078328066","-0,0000144","1,78652249760908","405,570627909849","1210178,07484958"
"1211624,07484958",1,"14261013059,1123","581031,587664936","201624,726287304","9705,44210109003","5,58966466242418",0,0,"-38,2520386717867","-61,7220856649215","63,6533637471942","14248401905,635","-24,5053323745728","26,0801078328066","-0,0000144","1,78652249760908","405,570627909849","1212178,07484958"
"1213624,07484958",1,"14263827190,0782","230869,056444089","201667,526611141","9703,83055898776","5,58966466242418",0,0,"-38,3815151620599","-61,7460560166723","63,6888952583272","14251201717,4771","-24,5424955368042","26,0801078328066","-0,0000145","1,78652249760908","405,570627909849","1214178,07484958"
"1215624,07484958",1,"14266644480,5866","119368,602274158","201710,374241046","9702,21756494706","5,58966466242418",0,0,"-38,5108008084418","-61,7700395035122","63,7244512977829","14254004716,4673","-24,5796094894409","26,0801078328066","-0,0000145","1,78652249760908","405,570627909849","1216178,07484958"
"1217624,07484958",1,"14269464924,4511","469514,166334421","201753,269080904","9700,60312350254","5,58966466242418",0,0,"-38,6398960714558","-61,7940364518561","63,7600322378519","14256810896,4676","-24,6166742324829","26,0801078328066","-0,0000145","1,78652249760908","405,570627909849","1218178,07484958"
"1219624,07484958",1,"14272288515,4963","819686,168158851","201796,211034772","9698,98723918618","5,58966466242418",0,0,"-38,7688010272126","-61,8180468675115","63,7956376885688","14259620251,3291","-24,6536905288696","26,0801078328066","-0,0000146","1,78652249760908","405,570627909849","1220178,07484958"
"1221624,07484958",1,"14275115247,6006","1169861,15634462","201839,200007485","9697,36991652727","5,58966466242418",0,0,"-38,8975145022502","-61,842070603391","63,8312676409481","14262432774,9068","-24,690657043457","26,0801078328066","-0,0000146","1,78652249760908","405,570627909849","1222178,07484958"
"1223624,07484958",1,"14277945114,6048","1520037,3007034","201882,235903338","9695,75116005238","5,58966466242418",0,0,"-39,0260360244082","-61,8661079534","63,8669218961236","14265248461,0555","-24,7275733947754","26,0801078328066","-0,0000146","1,78652249760908","405,570627909849","1224178,07484958"
"1225624,07484958",1,"14280778110,4219","1870213,99489857","201925,318627686","9694,13097428539","5,58966466242418",0,0,"-39,1543652750535","-61,8901592347979","63,9026004459197","14268067303,6355","-24,7644411087036","26,0801078328066","-0,0000147","1,78652249760908","405,570627909849","1226178,07484958"
"1227624,07484958",1,"14283614228,8362","1549519,93015846","201968,448084023","9692,50936374738","5,58966466242418",0,0,"-39,2825014584168","-61,9142238481553","63,9383029019915","14270889296,4967","-24,8012588500977","26,0801078328066","-0,0000147","1,78652249760908","405,570627909849","1228178,07484958"
"1229624,07484958",1,"14286453463,7315","1199342,60763373","202011,624177292","9690,8863329567","5,58966466242418",0,0,"-39,4104439701254","-61,9383022299381","63,9740290655821","14273714433,4919","-24,8380275726318","26,0801078328066","-0,0000147","1,78652249760908","405,570627909849","1230178,07484958"
"1231624,07484958",1,"14289295808,9489","849165,606922876","202054,846811816","9689,26188642888","5,58966466242418",0,0,"-39,5381928850475","-61,9623945560354","64,0097789296081","14276542708,4756","-24,8747468948364","26,0801078328066","-0,0000148","1,78652249760908","405,570627909849","1232178,07484958"
"1233624,07484958",1,"14292141258,3161","498990,546780163","202098,115891743","9687,63602867665","5,58966466242418",0,0,"-39,6657473494061","-61,9865009905896","64,0455524858826","14279374115,2994","-24,9114168167114","26,0801078328066","-0,0000148","1,78652249760908","405,570627909849","1234178,07484958"
"1235624,07484958",1,"14294989805,6814","148833,970268046","202141,431321517","9686,0087642099","5,58966466242418",0,0,"-39,793107751377","-62,0106212276863","64,0813495372599","14282208647,8089","-24,948037147522","26,0801078328066","-0,0000148","1,78652249760908","405,570627909849","1236178,07484958"
"1237624,07484958",1,"14297841444,9768","201402,564483721","202184,793006801","9684,38009753563","5,58966466242418",0,0,"-39,9202731378471","-62,0347554113654","64,1171700757791","14285046299,8614","-24,9846076965332","26,0801078328066","-0,0000149","1,78652249760908","405,570627909849","1238178,07484958"
"1239624,07484958",1,"14300696169,9641","551567,452601005","202228,200850799","9682,75003315798","5,58966466242418",0,0,"-40,0472423048644","-62,0589038667184","64,1530137151559","14287887065,3082","-25,0211278915405","26,0801078328066","-0,0000149","1,78652249760908","405,570627909849","1240178,07484958"
"1241624,07484958",1,"14303553974,5933","901744,556629275","202271,654759454","9681,1185755782","5,58966466242418",0,0,"-40,174015990777","-62,0830665885957","64,1888804477689","14290730938,0075","-25,0575988769531","26,0801078328066","-0,0000149","1,78652249760908","405,570627909849","1242178,07484958"
"1243624,07484958",1,"14306414852,629","1251923,87701527","202315,154636022","9679,48572929456","5,58966466242418",0,0,"-40,3005929451955","-62,1072434387621","64,2247700772634","14293577911,8099","-25,094020652771","26,0801078328066","-0,000015","1,78652249760908","405,570627909849","1244178,07484958"
"1245624,07484958",1,"14309278797,9362","1602104,13075815","202358,700385226","9677,85149880244","5,58966466242418",0,0,"-40,4269731965293","-62,1314345650053","64,2606824075094","14296427980,5614","-25,1303922653198","26,0801078328066","-0,000015","1,78652249760908","405,570627909849","1246178,07484958"
"1247624,07484958",1,"14312145804,3218","1817626,23520974","202402,291910945","9676,21588859421","5,58966466242418",0,0,"-40,5531572320727","-62,1556404231306","64,2966174324231","14299281138,1099","-25,1667139053345","26,0801078328066","-0,000015","1,78652249760908","405,570627909849","1248178,07484958"
"1249624,07484958",1,"14315015865,6718","1467445,16373335","202445,929118223","9674,57890315925","5,58966466242418",0,0,"-40,6791436153334","-62,1798607255923","64,3325749556355","14302137378,3039","-25,2029848098755","26,0801078328066","-0,0000151","1,78652249760908","405,570627909849","1250178,07484958"
"1251624,07484958",1,"14317888975,9063","1117264,0273498","202489,611912597","9672,94054698393","5,58966466242418",0,0,"-40,8049317691508","-62,2040956267148","64,3685549712815","14304996694,9997","-25,2392065048218","26,0801078328066","-0,0000151","1,78652249760908","405,570627909849","1252178,07484958"
"1253624,07484958",1,"14320765128,825","767083,435205467","202533,340197865","9671,3008245516","5,58966466242418",0,0,"-40,9305221986671","-62,2283451220194","64,404557283327","14307859082,0506","-25,2753778457642","26,0801078328066","-0,0000151","1,78652249760908","405,570627909849","1254178,07484958"
"1255624,07484958",1,"14323644318,2826","416905,802700618","202577,11387863","9669,65974034253","5,58966466242418",0,0,"-41,05591418711","-62,2526096785056","64,4405818861248","14310724533,3107","-25,3114992141724","26,0801078328066","-0,0000152","1,78652249760908","405,570627909849","1256178,07484958"
"1257624,07484958",1,"14326526538,0816","66783,257136878","202620,932858754","9668,0172988339","5,58966466242418",0,0,"-41,1811069206989","-62,2768888389495","64,4766280170771","14313593042,6212","-25,3475706100464","26,0801078328066","-0,0000152","1,78652249760908","405,570627909849","1258178,07484958"
"1259624,07484958",1,"14329411782,164","283489,671731698","202664,79704411","9666,37350449984","5,58966466242418",0,0,"-41,3061011032857","-62,3011829162988","64,5126962383893","14316464603,8412","-25,3835926055908","26,0801078328066","-0,0000152","1,78652249760908","405,570627909849","1260178,07484958"
"1261624,07484958",1,"14332300044,2952","633664,182598512","202708,706338034","9664,7283618113","5,58966466242418",0,0,"-41,4308954296824","-62,3254919154104","64,5487861658395","14319339210,8114","-25,4195638656616","26,0801078328066","-0,0000153","1,78652249760908","405,570627909849","1262178,07484958"
"1263624,07484958",1,"14335191318,3259","983845,665036197","202752,660645099","9663,08187523612","5,58966466242418",0,0,"-41,5554903992533","-62,3498162800474","64,5848976055286","14322216857,381","-25,4554840087891","26,0801078328066","-0,0000153","1,78652249760908","405,570627909849","1264178,07484958"
"1265624,07484958",1,"14338085598,1269","1334028,85930754","202796,659870171","9661,43404923898","5,58966466242418",0,0,"-41,679884720449","-62,3741557339813","64,621030552517","14325097537,4001","-25,4913541793823","26,0801078328066","-0,0000153","1,78652249760908","405,570627909849","1266178,07484958"
"1267624,07484958",1,"14340982877,6593","1684212,79846873","202840,703919443","9659,78488828137","5,58966466242418",0,0,"-41,804078596459","-62,3985102739676","64,6571850019146","14327981244,7339","-25,5271743774414","26,0801078328066","-0,0000154","1,78652249760908","405,570627909849","1268178,07484958"
"1269624,07484958",1,"14343883150,6482","1735513,95971781","202884,792695686","9658,13439682155","5,58966466242418",0,0,"-41,9280717058981","-62,422880207544","64,6933607596889","14330867973,2315","-25,5629438400269","26,0801078328066","-0,0000154","1,78652249760908","405,570627909849","1270178,07484958"
"1271624,07484958",1,"14346786410,976","1385329,37588032","202928,926103956","9656,4825793146","5,58966466242418",0,0,"-42,0518641919965","-62,4472655384026","64,729557632591","14333757716,7385","-25,5986631393433","26,0801078328066","-0,0000155","1,78652249760908","405,570627909849","1272178,07484958"
"1273624,07484958",1,"14349692652,4807","1035144,8524032","202973,10404868","9654,82944021232","5,58966466242418",0,0,"-42,1754548054332","-62,4716662654836","64,7657752385103","14336650469,104","-25,6343318939209","26,0801078328066","-0,0000155","1,78652249760908","405,570627909849","1274178,07484958"
"1275624,07484958",1,"14352601869,0263","684961,187619191","203017,32643467","9653,17498396326","5,58966466242418",0,0,"-42,2988436512834","-62,496082557051","64,8020135732061","14339546224,1784","-25,6699508666992","26,0801078328066","-0,0000155","1,78652249760908","405,570627909849","1276178,07484958"
"1277624,07484958",1,"14355514054,5044","334782,159289529","203061,593167126","9651,51921501269","5,58966466242418",0,0,"-42,4220311456893","-62,5205147150263","64,8382728220139","14342444975,8207","-25,7055181503296","26,0801078328066","-0,0000156","1,78652249760908","405,570627909849","1278178,07484958"
"1279624,07484958",1,"14358429202,7087","15727,0463406117","203105,904149867","9649,86213780255","5,58966466242418",0,0,"-42,5450162317497","-62,5449624385932","64,8745526028574","14345346717,8752","-25,7410354614258","26,0801078328066","-0,0000156","1,78652249760908","405,570627909849","1280178,07484958"
"1281624,07484958",1,"14361347307,5054","365618,931259449","203150,259287747","9648,20375677147","5,58966466242418",0,0,"-42,6677988240204","-62,5694261828052","64,9108527234608","14348251444,1962","-25,7765024185181","26,0801078328066","-0,0000156","1,78652249760908","405,570627909849","1282178,07484958"
"1283624,07484958",1,"14364268362,827","715799,739498955","203194,65848659","9646,54407635474","5,58966466242418",0,0,"-42,7903780815136","-62,5939056711017","64,9471729923229","14351159148,6463","-25,8119190216064","26,0801078328066","-0,0000157","1,78652249760908","405,570627909849","1284178,07484958"
"1285624,07484958",1,"14367192362,4626","1065985,00341406","203239,101650158","9644,88310098427","5,58966466242418",0,0,"-42,9127555651297","-62,6184011886273","64,9835137821433","14354069825,0799","-25,8472839355469","26,0801078328066","-0,0000157","1,78652249760908","405,570627909849","1286178,07484958"
"1287624,07484958",1,"14370119300,1927","1416171,5881043","203283,588682084","9643,22083508858","5,58966466242418",0,0,"-43,0349292727166","-62,6429127453667","65,0198743365769","14356983467,3332","-25,8825988769531","26,0801078328066","-0,0000157","1,78652249760908","405,570627909849","1288178,07484958"
"1289624,07484958",1,"14373049170,0128","1766358,77814235","203328,119489136","9641,55728309282","5,58966466242418",0,0,"-43,1568997266303","-62,667440346755","65,0562548403484","14359900069,2697","-25,9178636550903","26,0801078328066","-0,0000158","1,78652249760908","405,570627909849","1290178,07484958"
"1291624,07484958",1,"14375981965,645","1653364,81065973","203372,69397412","9639,89244941866","5,58966466242418",0,0,"-43,2786668674609","-62,6919843045406","65,0926551025883","14362819624,7366","-25,9530771255493","26,0801078328066","-0,0000158","1,78652249760908","405,570627909849","1292178,07484958"
"1293624,07484958",1,"14378917681,0645","1303177,14513454","203417,312043523","9638,22633848438","5,58966466242418",0,0,"-43,400230057461","-62,7165444689356","65,1290751205993","14365742127,595","-25,9882402420044","26,0801078328066","-0,0000158","1,78652249760908","405,570627909849","1294178,07484958"
"1295624,07484958",1,"14381856310,0534","952989,700303017","203461,973601031","9636,55895470475","5,58966466242418",0,0,"-43,5215891430873","-62,7411209982822","65,1655147032692","14368667571,6977","-26,0233510971069","26,0801078328066","-0,0000159","1,78652249760908","405,570627909849","1296178,07484958"
"1297624,07484958",1,"14384797846,4886","602803,50636746","203506,678551718","9634,89030249109","5,58966466242418",0,0,"-43,6427437397714","-62,7657139027757","65,2019738481035","14371595950,8961","-26,0584117889404","26,0801078328066","-0,0000159","1,78652249760908","405,570627909849","1298178,07484958"
"1299624,07484958",1,"14387742284,2427","252625,113302179","203551,426800603","9633,2203862512","5,58966466242418",0,0,"-43,7636937087316","-62,7903236325433","65,2384521765079","14374527259,0495","-26,0934209823608","26,0801078328066","-0,000016","1,78652249760908","405,570627909849","1300178,07484958"
"1301624,07484958",1,"14390689617,1708","97632,3083594558","203596,218252451","9631,54921038937","5,58966466242418",0,0,"-43,8844391294959","-62,8149495907817","65,2749496862993","14377461490,016","-26,1283794403076","26,0801078328066","-0,000016","1,78652249760908","405,570627909849","1302178,07484958"
"1303624,07484958",1,"14393639839,121","447783,960613255","203641,052811945","9629,87677930635","5,58966466242418",0,0,"-44,0049795972062","-62,8395922234946","65,3114663758907","14380398637,6454","-26,1632875442505","26,0801078328066","-0,000016","1,78652249760908","405,570627909849","1304178,07484958"
"1305624,07484958",1,"14396592943,9684","797969,390300921","203685,930384162","9628,2030973993","5,58966466242418",0,0,"-44,125314708097","-62,864251704549","65,3480016786405","14383338695,796","-26,1981447219849","26,0801078328066","-0,0000161","1,78652249760908","405,570627909849","1306178,07484958"
"1307624,07484958",1,"14399548925,592","1148157,88945718","203730,850874245","9626,52816906186","5,58966466242418",0,0,"-44,2454449911075","-62,8889281861671","65,3845559696342","14386281658,3359","-26,2329494476318","26,0801078328066","-0,0000161","1,78652249760908","405,570627909849","1308178,07484958"
"1309624,07484958",1,"14402507777,7732","1498347,39370269","203775,814185917","9624,85199868402","5,58966466242418",0,0,"-44,3653698137582","-62,9136216736817","65,4211288708324","14389227519,112","-26,2677040100098","26,0801078328066","-0,0000161","1,78652249760908","405,570627909849","1310178,07484958"
"1311624,07484958",1,"14405469494,4455","1848537,32474628","203820,820225131","9623,17459065218","5,58966466242418",0,0,"-44,485088495332","-62,938331862797","65,4577201936839","14392176271,992","-26,3024066925049","26,0801078328066","-0,0000162","1,78652249760908","405,570627909849","1312178,07484958"
"1313624,07484958",1,"14408434069,4328","1571183,46311139","203865,868896247","9621,4959493491","5,58966466242418",0,0,"-44,6046018185191","-62,9630593750748","65,4943299367091","14395127910,8289","-26,3370582580566","26,0801078328066","-0,0000162","1,78652249760908","405,570627909849","1314178,07484958"
"1315624,07484958",1,"14411401496,679","1220993,16133154","203910,960105377","9619,8160791539","5,58966466242418",0,0,"-44,7239088681886","-62,9878040568086","65,5309579111126","14398082429,4914","-26,3716588973999","26,0801078328066","-0,0000162","1,78652249760908","405,570627909849","1316178,07484958"
"1317624,07484958",1,"14414371769,9536","870803,268566965","203956,093756108","9618,13498444201","5,58966466242418",0,0,"-44,8430101690133","-63,012566063227","65,567604115611","14401039821,8379","-26,4062091827393","26,0801078328066","-0,0000163","1,78652249760908","405,570627909849","1318178,07484958"
"1319624,07484958",1,"14417344883,1758","520615,223595522","204001,269754205","9616,45266958519","5,58966466242418",0,0,"-44,9619050289987","-63,0373450979211","65,6042681750068","14404000081,7312","-26,4407073974609","26,0801078328066","-0,0000163","1,78652249760908","405,570627909849","1320178,07484958"
"1321624,07484958",1,"14420320830,231","170441,991363693","204046,488004967","9614,76913895148","5,58966466242418",0,0,"-45,0805934679653","-63,0621417784348","65,6409502755157","14406963203,0372","-26,4751546859741","26,0801078328066","-0,0000163","1,78652249760908","405,570627909849","1322178,07484958"
"1323624,07484958",1,"14423299604,9169","179804,382898286","204091,748412407","9613,08439690521","5,58966466242418",0,0,"-45,1990760149924","-63,0869561083377","65,6776502294913","14409929179,6168","-26,5095495223999","26,0801078328066","-0,0000164","1,78652249760908","405,570627909849","1324178,07484958"
"1325624,07484958",1,"14426281201,1389","529979,321651872","204137,050882108","9611,39844780695","5,58966466242418",0,0,"-45,3173521966964","-63,1117879345162","65,7143678489476","14412898005,3339","-26,5438930511475","26,0801078328066","-0,0000164","1,78652249760908","405,570627909849","1326178,07484958"
"1327624,07484958",1,"14429265612,7676","880168,317098857","204182,395319172","9609,71129601352","5,58966466242418",0,0,"-45,435421303544","-63,1366372639087","65,7511029466444","14415869674,0514","-26,5781854629517","26,0801078328066","-0,0000165","1,78652249760908","405,570627909849","1328178,07484958"
"1329624,07484958",1,"14432252833,6755","1230359,48441646","204227,781628728","9608,02294587797","5,58966466242418",0,0,"-45,5532835946642","-63,1615044079616","65,7878555219847","14418844179,6417","-26,6124263763428","26,0801078328066","-0,0000165","1,78652249760908","405,570627909849","1330178,07484958"
"1331624,07484958",1,"14435242857,7766","1580551,46851706","204273,20971651","9606,33340174953","5,58966466242418",0,0,"-45,670939553422","-63,1863896752369","65,8246255754941","14421821515,9748","-26,6466154098511","26,0801078328066","-0,0000165","1,78652249760908","405,570627909849","1332178,07484958"
"1333624,07484958",1,"14438235678,8839","1839167,21854101","204318,679486803","9604,64266797366","5,58966466242418",0,0,"-45,7883884628067","-63,2112929187334","65,8614129197829","14424801676,9199","-26,6807527542114","26,0801078328066","-0,0000166","1,78652249760908","405,570627909849","1334178,07484958"
"1335624,07484958",1,"14441231290,8768","1488974,76334696","204364,190844854","9602,95074889194","5,58966466242418",0,0,"-45,9056302972274","-63,2362141394694","65,8982171813811","14427784656,3397","-26,7148380279541","26,0801078328066","-0,0000166","1,78652249760908","405,570627909849","1336178,07484958"
"1337624,07484958",1,"14444229687,6413","1138782,3114247","204409,743696019","9601,25764884215","5,58966466242418",0,0,"-46,0226648140532","-63,2611534987814","65,93503817341","14430770448,1084","-26,7488712310791","26,0801078328066","-0,0000166","1,78652249760908","405,570627909849","1338178,07484958"
"1339624,07484958",1,"14447230863,0331","788590,473025516","204455,337945227","9599,56337215816","5,58966466242418",0,0,"-46,1394927248222","-63,2861111518091","65,9718762709468","14433759046,0942","-26,7828536987305","26,0801078328066","-0,0000167","1,78652249760908","405,570627909849","1340178,07484958"
"1341624,07484958",1,"14450234810,8928","438401,373958812","204500,973497189","9597,86792316999","5,58966466242418",0,0,"-46,2561130395111","-63,3110869492295","66,0087309133328","14436750444,1604","-26,8167827606201","26,0801078328066","-0,0000167","1,78652249760908","405,570627909849","1342178,07484958"
"1343624,07484958",1,"14453241525,2166","88249,9830948735","204546,650258876","9596,17130620375","5,58966466242418",0,0,"-46,3725262293816","-63,3360810511117","66,0456022884711","14439744636,1903","-26,8506610870361","26,0801078328066","-0,0000167","1,78652249760908","405,570627909849","1344178,07484958"
"1345624,07484958",1,"14456250999,7966","262015,688002087","204592,368134324","9594,47352558165","5,58966466242418",0,0,"-46,4887317499679","-63,3610936153178","66,0824902104971","14442741616,0561","-26,8844877243042","26,0801078328066","-0,0000168","1,78652249760908","405,570627909849","1346178,07484958"
"1347624,07484958",1,"14459263228,5622","612199,796874151","204638,127029551","9592,77458562194","5,58966466242418",0,0,"-46,6047298425356","-63,3861249511354","66,1193943077748","14445741377,6356","-26,9182624816895","26,0801078328066","-0,0000168","1,78652249760908","405,570627909849","1348178,07484958"
"1349624,07484958",1,"14462278205,3688","962391,538098572","204683,926849509","9591,07449063893","5,58966466242418",0,0,"-46,7205206809736","-63,4111747572216","66,156314767307","14448743914,8049","-26,9519853591919","26,0801078328066","-0,0000169","1,78652249760908","405,570627909849","1350178,07484958"
"1351624,07484958",1,"14465295924,0501","1312584,88565439","204729,767498858","9589,37324494299","5,58966466242418",0,0,"-46,8361032595417","-63,4362430385308","66,1932510314537","14451749221,4322","-26,9856565475464","26,0801078328066","-0,0000169","1,78652249760908","405,570627909849","1352178,07484958"
"1353624,07484958",1,"14468316378,5853","1662778,8532283","204775,648884364","9587,67085284047","5,58966466242418",0,0,"-46,9514784708357","-63,4613302583817","66,2302034742771","14454757291,4024","-27,0192754745483","26,0801078328066","-0,0000169","1,78652249760908","405,570627909849","1354178,07484958"
"1355624,07484958",1,"14471339562,7863","1756938,00085123","204821,570910386","9585,96731863375","5,58966466242418",0,0,"-47,0666462934074","-63,4864362695166","66,2671719117459","14457768118,5933","-27,0528434753418","26,0801078328066","-0,000017","1,78652249760908","405,570627909849","1356178,07484958"
"1357624,07484958",1,"14474365470,6018","1406743,67532545","204867,533483258","9584,26264662119","5,58966466242418",0,0,"-47,1816061666725","-63,5115613814136","66,3041561589621","14460781696,8894","-27,0863590240479","26,0801078328066","-0,000017","1,78652249760908","405,570627909849","1358178,07484958"
"1359624,07484958",1,"14477394095,8951","1056549,55028932","204913,536508099","9582,5568410971","5,58966466242418",0,0,"-47,2963580387025","-63,5367054461589","66,3411560312235","14463798020,1756","-27,1198213577271","26,0801078328066","-0,000017","1,78652249760908","405,570627909849","1360178,07484958"
"1361624,07484958",1,"14480425432,5599","706356,341018979","204959,579890463","9580,84990635176","5,58966466242418",0,0,"-47,4109027633496","-63,5618687745008","66,378171530685","14466817082,3423","-27,1532325744629","26,0801078328066","-0,0000171","1,78652249760908","405,570627909849","1362178,07484958"
"1363624,07484958",1,"14483459474,4209","356167,260701221","205005,663534929","9579,14184667139","5,58966466242418",0,0,"-47,5252395822365","-63,5870513711353","66,4152022868455","14469838877,2627","-27,1865909576416","26,0801078328066","-0,0000171","1,78652249760908","405,570627909849","1364178,07484958"
"1365624,07484958",1,"14486496215,4541","6698,40491988993","205051,787348266","9577,43266633813","5,58966466242418",0,0,"-47,6393681820182","-63,6122532399482","66,4522481161108","14472863398,8285","-27,2198970794678","26,0801078328066","-0,0000172","1,78652249760908","405,570627909849","1366178,07484958"
"1367624,07484958",1,"14489535649,4981","344251,10031864","205097,95123525","9575,72236963","5,58966466242418",0,0,"-47,7532893982836","-63,6374743890738","66,4893095800395","14475890640,922","-27,2531517028809","26,0801078328066","-0,0000172","1,78652249760908","405,570627909849","1368178,07484958"
"1369624,07484958",1,"14492577770,4983","694440,21366225","205144,155102245","9574,01096082095","5,58966466242418",0,0,"-47,8670026617118","-63,6627151265916","66,5263859356503","14478920597,435","-27,2863534927368","26,0801078328066","-0,0000172","1,78652249760908","405,570627909849","1370178,07484958"
"1371624,07484958",1,"14495622572,3204","1044634,00891131","205190,398854431","9572,29844418077","5,58966466242418",0,0,"-47,9805083771331","-63,687975456175","66,5634773731359","14481953262,262","-27,3195030212402","26,0801078328066","-0,0000173","1,78652249760908","405,570627909849","1372178,07484958"
"1373624,07484958",1,"14498670048,8538","1394829,01889401","205236,682397359","9570,58482397513","5,58966466242418",0,0,"-48,0938064863248","-63,7132552316","66,6005833361388","14484988629,2889","-27,3525999069214","26,0801078328066","-0,0000173","1,78652249760908","405,570627909849","1374178,07484958"
"1375624,07484958",1,"14501720194,0489","1745024,47401841","205283,005637472","9568,87010446553","5,58966466242418",0,0,"-48,2068967867707","-63,7385550685448","66,6377042002689","14488026692,4151","-27,3856435775757","26,0801078328066","-0,0000173","1,78652249760908","405,570627909849","1376178,07484958"
"1377624,07484958",1,"14504773001,7342","1674690,94155947","205329,36847945","9567,1542899093","5,58966466242418",0,0,"-48,3197801798473","-63,7638745145833","66,674839782657","14491067445,5284","-27,418635559082","26,0801078328066","-0,0000174","1,78652249760908","405,570627909849","1378178,07484958"
"1379624,07484958",1,"14507828465,8686","1324495,30021419","205375,770829879","9565,43738455959","5,58966466242418",0,0,"-48,4324553878056","-63,7892138800843","66,711989900623","14494110882,5257","-27,4515760421753","26,0801078328066","-0,0000174","1,78652249760908","405,570627909849","1380178,07484958"
"1381624,07484958",1,"14510886580,3131","974299,999169266","205422,21259392","9563,71939266533","5,58966466242418",0,0,"-48,5449227406114","-63,8145733216115","66,7491541860594","14497156997,3011","-27,4844640731812","26,0801078328066","-0,0000174","1,78652249760908","405,570627909849","1382178,07484958"
"1383624,07484958",1,"14513947339,0286","624105,975460835","205468,693678202","9562,00031847126","5,58966466242418",0,0,"-48,6571823145539","-63,8399526933688","66,7863328284128","14500205783,7618","-27,5172992706299","26,0801078328066","-0,0000175","1,78652249760908","405,570627909849","1384178,07484958"
"1385624,07484958",1,"14517010735,909","273918,66983996","205515,21398838","9560,28016621785","5,58966466242418",0,0,"-48,7692347298201","-63,8653523063204","66,8235258314934","14503257235,8073","-27,5500818252563","26,0801078328066","-0,0000175","1,78652249760908","405,570627909849","1386178,07484958"
"1387624,07484958",1,"14520076764,8475","76356,1940211611","205561,77343013","9558,55894014136","5,58966466242418",0,0,"-48,8810798331167","-63,8907721645658","66,860732827186","14506311347,3422","-27,5828115463257","26,0801078328066","-0,0000176","1,78652249760908","405,570627909849","1388178,07484958"
"1389624,07484958",1,"14523145419,7493","426503,170465134","205608,371909278","9556,83664447376","5,58966466242418",0,0,"-48,9927173177206","-63,9162125775896","66,8979536341599","14509368112,2673","-27,6154884338379","26,0801078328066","-0,0000176","1,78652249760908","405,570627909849","1390178,07484958"
"1391624,07484958",1,"14526216694,5197","776695,334446916","205655,009331689","9555,11328344275","5,58966466242418",0,0,"-49,1041477364112","-63,9416734002437","66,9351884425023","14512427524,4873","-27,6481136322021","26,0801078328066","-0,0000176","1,78652249760908","405,570627909849","1392178,07484958"
"1393624,07484958",1,"14529290583,0896","1126890,58614538","205701,685603596","9553,38886127174","5,58966466242418",0,0,"-49,2153705939675","-63,9671547923125","66,9724370705307","14515489577,9108","-27,6806856155396","26,0801078328066","-0,0000177","1,78652249760908","405,570627909849","1394178,07484958"
"1395624,07484958",1,"14532367079,3513","1477086,73812634","205748,400630669","9551,66338217984","5,58966466242418",0,0,"-49,3263863746287","-63,9926566009168","67,0096993367482","14518554266,4411","-27,7132051467896","26,0801078328066","-0,0000177","1,78652249760908","405,570627909849","1396178,07484958"
"1397624,07484958",1,"14535446177,2565","1827283,13629602","205795,154319466","9549,93685038183","5,58966466242418",0,0,"-49,4371946176806","-64,0181792921475","67,0469750603546","14521621583,9933","-27,7456720352173","26,0801078328066","-0,0000177","1,78652249760908","405,570627909849","1398178,07484958"
"1399624,07484958",1,"14538527870,719","1592431,2714585","205841,946575992","9548,20927008816","5,58966466242418",0,0,"-49,5477960809103","-64,0437228702977","67,0842640607322","14524691524,4784","-27,7780860900879","26,0801078328066","-0,0000178","1,78652249760908","405,570627909849","1400178,07484958"
"1401624,07484958",1,"14541612153,7008","1242234,79060137","205888,777306965","9546,48064550491","5,58966466242418",0,0,"-49,658190158111","-64,0692870378684","67,1215663430608","14527764081,8171","-27,8104467391968","26,0801078328066","-0,0000178","1,78652249760908","405,570627909849","1402178,07484958"
"1403624,07484958",1,"14544699020,0462","892038,82122785","205935,646417404","9544,75098083384","5,58966466242418",0,0,"-49,7683774548853","-64,0948724105021","67,1588817264737","14530839249,9189","-27,8427547454834","26,0801078328066","-0,0000179","1,78652249760908","405,570627909849","1404178,07484958"
"1405624,07484958",1,"14547788463,682","541844,645572055","205982,553813532","9543,0202802723","5,58966466242418",0,0,"-49,8783582135936","-64,120478839102","67,1962102158013","14533917022,6962","-27,8750101089478","26,0801078328066","-0,0000179","1,78652249760908","405,570627909849","1406178,07484958"
"1407624,07484958",1,"14550880478,5483","191662,619309616","206029,499401777","9541,28854801324","5,58966466242418",0,0,"-49,9881317915873","-64,1461064779375","67,2335514459929","14536997394,0663","-27,9072122573853","26,0801078328066","-0,0000179","1,78652249760908","405,570627909849","1408178,07484958"
"1409624,07484958",1,"14553975058,6164","158588,264238045","206076,48308902","9539,55578824523","5,58966466242418",0,0,"-50,0976989607433","-64,1717553412828","67,2709057924548","14540080357,953","-27,9393623352051","26,0801078328066","-0,000018","1,78652249760908","405,570627909849","1410178,07484958"
"1411624,07484958",1,"14557072197,7982","508765,894914046","206123,504781289","9537,82200515241","5,58966466242418",0,0,"-50,2070595556675","-64,1974255831564","67,3082728903941","14543165908,2808","-27,9714588165283","26,0801078328066","-0,000018","1,78652249760908","405,570627909849","1412178,07484958"
"1413624,07484958",1,"14560171890,0095","858959,895417766","206170,56438469","9536,0872029145","5,58966466242418",0,0,"-50,3162136085258","-64,223117209916","67,3456523753472","14546254038,9728","-28,0035032272339","26,0801078328066","-0,0000181","1,78652249760908","405,570627909849","1414178,07484958"
"1415624,07484958",1,"14563274129,1672","1209156,03861864","206217,661805338","9534,35138570674","5,58966466242418",0,0,"-50,4251611809238","-64,2488305323627","67,3830442526894","14549344743,9544","-28,0354944229126","26,0801078328066","-0,0000181","1,78652249760908","405,570627909849","1416178,07484958"
"1417624,07484958",1,"14566378909,2456","1559352,83107684","206264,796950203","9532,61455769994","5,58966466242418",0,0,"-50,5339030048426","-64,2745652489757","67,4204487130321","14552438017,1533","-28,0674320220947","26,0801078328066","-0,0000181","1,78652249760908","405,570627909849","1418178,07484958"
"1419624,07484958",1,"14569486224,1675","1860360,89354426","206311,969725509","9530,87672306043","5,58966466242418",0,0,"-50,6424389044046","-64,3003218260283","67,4578655775525","14555533852,4982","-28,0993160247803","26,0801078328066","-0,0000182","1,78652249760908","405,570627909849","1420178,07484958"
"1421624,07484958",1,"14572596067,8866","1510164,19462349","206359,180037928","9529,13788595005","5,58966466242418",0,0,"-50,7507686888946","-64,3261002696442","67,4952946676028","14558632243,9167","-28,1311477661133","26,0801078328066","-0,0000182","1,78652249760908","405,570627909849","1422178,07484958"
"1423624,07484958",1,"14575708434,3056","1159967,37345776","206406,427793418","9527,39805052615","5,58966466242418",0,0,"-50,8588925623733","-64,3519005783182","67,5327358042102","14561733185,3427","-28,1629261016846","26,0801078328066","-0,0000182","1,78652249760908","405,570627909849","1424178,07484958"
"1425624,07484958",1,"14578823317,4649","809771,291402157","206453,712899934","9525,65722094154","5,58966466242418",0,0,"-50,9668103730625","-64,3777227701739","67,5701888085783","14564836670,721","-28,1946514129639","26,0801078328066","-0,0000183","1,78652249760908","405,570627909849","1426178,07484958"
"1427624,07484958",1,"14581940711,2627","459577,743820695","206501,035263372","9523,91540134454","5,58966466242418",0,0,"-51,0745228313745","-64,4035671512775","67,6076538719977","14567942693,9924","-28,2263231277466","26,0801078328066","-0,0000183","1,78652249760908","405,570627909849","1428178,07484958"
"1429624,07484958",1,"14585060609,5737","109411,80294257","206548,394789303","9522,17259587891","5,58966466242418",0,0,"-51,1820296923387","-64,4294335668653","67,6451306309183","14571051249,0881","-28,2579418182373","26,0801078328066","-0,0000184","1,78652249760908","405,570627909849","1430178,07484958"
"1431624,07484958",1,"14588183006,4387","240847,056384322","206595,791385722","9520,42880868386","5,58966466242418",0,0,"-51,2893316576765","-64,4553223445096","67,6826190923221","14574162329,9522","-28,2895071029663","26,0801078328066","-0,0000184","1,78652249760908","405,570627909849","1432178,07484958"
"1433624,07484958",1,"14591307895,777","591033,649728701","206643,224958853","9518,68404389404","5,58966466242418",0,0,"-51,3964281380768","-64,4812336220555","67,7201190789039","14577275930,529","-28,3210186004639","26,0801078328066","-0,0000184","1,78652249760908","405,570627909849","1434178,07484958"
"1435624,07484958",1,"14594435271,5668","941228,61614547","206690,695415806","9516,93830563952","5,58966466242418",0,0,"-51,5033195730133","-64,5071671098525","67,7576305967994","14580392044,7689","-28,3524770736694","26,0801078328066","-0,0000185","1,78652249760908","405,570627909849","1436178,07484958"
"1437624,07484958",1,"14597565127,7409","1291425,07427536","206738,202663016","9515,19159804578","5,58966466242418",0,0,"-51,6100057392406","-64,5331232684581","67,7951532837482","14583510666,6185","-28,3838830947876","26,0801078328066","-0,0000185","1,78652249760908","405,570627909849","1438178,07484958"
"1439624,07484958",1,"14600697458,2088","1641622,0129106","206785,746606601","9513,4439252337","5,58966466242418",0,0,"-51,7164875358915","-64,5591019569419","67,8326873312841","14586631790,0226","-28,4152351379395","26,0801078328066","-0,0000185","1,78652249760908","405,570627909849","1440178,07484958"
"1441624,07484958",1,"14603832256,9718","1778091,94251071","206833,327154027","9511,69529131953","5,58966466242418",0,0,"-51,8227652161043","-64,5851034901928","67,8702325625882","14589755408,9311","-28,4465353012085","26,0801078328066","-0,0000186","1,78652249760908","405,570627909849","1442178,07484958"
"1443624,07484958",1,"14606969518,0771","1427895,02363162","206880,944213424","9509,94570041494","5,58966466242418",0,0,"-51,9288382852423","-64,611127717568","67,9077888005182","14592881517,3082","-28,4777809143066","26,0801078328066","-0,0000186","1,78652249760908","405,570627909849","1444178,07484958"
"1445624,07484958",1,"14610109235,3594","1077698,37019851","206928,597689844","9508,1951566269","5,58966466242418",0,0,"-52,0347072635552","-64,6371750926956","67,9453560521188","14596010109,0977","-28,5089733123779","26,0801078328066","-0,0000187","1,78652249760908","405,570627909849","1446178,07484958"
"1447624,07484958",1,"14613251402,8304","727502,698220191","206976,287490929","9506,44366405776","5,58966466242418",0,0,"-52,1403720557344","-64,663245336667","67,98293414049","14599141178,2545","-28,5401128768921","26,0801078328066","-0,0000187","1,78652249760908","405,570627909849","1448178,07484958"
"1449624,07484958",1,"14616396014,5393","377310,798625934","207024,013524866","9504,69122680522","5,58966466242418",0,0,"-52,2458329729796","-64,6893387453212","68,0205228889013","14602274718,751","-28,5711984634399","26,0801078328066","-0,0000187","1,78652249760908","405,570627909849","1450178,07484958"
"1451624,07484958",1,"14619543064,3758","27268,5330192635","207071,775697538","9502,93784896227","5,58966466242418",0,0,"-52,3510897069379","-64,715455317658","68,0581221212779","14605410724,5447","-28,6022302627563","26,0801078328066","-0,0000188","1,78652249760908","405,570627909849","1452178,07484958"
"1453624,07484958",1,"14622692546,3463","323110,679060894","207119,573916523","9501,18353461724","5,58966466242418",0,0,"-52,4561436617085","-64,7415950831323","68,0957322136664","14608549189,6017","-28,633208656311","26,0801078328066","-0,0000188","1,78652249760908","405,570627909849","1454178,07484958"
"1455624,07484958",1,"14625844454,3835","673300,930934175","207167,408088346","9499,42828785375","5,58966466242418",0,0,"-52,5609943216748","-64,7677583385211","68,1333526215107","14611690107,8833","-28,664133644104","26,0801078328066","-0,0000189","1,78652249760908","405,570627909849","1456178,07484958"
"1457624,07484958",1,"14628998782,5299","1023496,13043243","207215,27812114","9497,67211275072","5,58966466242418",0,0,"-52,6656413615541","-64,7939451083899","68,1709831691366","14614833473,3622","-28,6950044631958","26,0801078328066","-0,0000189","1,78652249760908","405,570627909849","1458178,07484958"
"1459624,07484958",1,"14632155524,7687","1373692,38782976","207263,183922178","9495,91501338233","5,58966466242418",0,0,"-52,770085204242","-64,8201555246641","68,2086238642295","14617979280,0182","-28,7258218765259","26,0801078328066","-0,0000189","1,78652249760908","405,570627909849","1460178,07484958"
"1461624,07484958",1,"14635314675,0291","1723888,94060847","207311,125397955","9494,15699381804","5,58966466242418",0,0,"-52,8743264112895","-64,8463896038234","68,2462747154629","14621127521,8239","-28,7565843582153","26,0801078328066","-0,000019","1,78652249760908","405,570627909849","1462178,07484958"
"1463624,07484958",1,"14638476227,3481","1695825,46787422","207359,102456541","9492,39805812256","5,58966466242418",0,0,"-52,9783655373703","-64,8726473593488","68,2839357310459","14624278192,751","-28,787294960022","26,0801078328066","-0,000019","1,78652249760908","405,570627909849","1464178,07484958"
"1465624,07484958",1,"14641640175,6409","1345629,06648108","207407,115004263","9490,63821035584","5,58966466242418",0,0,"-53,082201843678","-64,8989289409865","68,321606551655","14627431286,7792","-28,817951965332","26,0801078328066","-0,000019","1,78652249760908","405,570627909849","1466178,07484958"
"1467624,07484958",1,"14644806513,994","995433,093531463","207455,162949916","9488,87745457308","5,58966466242418",0,0,"-53,1858364189221","-64,9252348104865","68,3592871857314","14630586797,8955","-28,8485548019409","26,0801078328066","-0,0000191","1,78652249760908","405,570627909849","1468178,07484958"
"1469624,07484958",1,"14647975236,3225","645238,443696256","207503,246199838","9487,11579482467","5,58966466242418",0,0,"-53,2892689916775","-64,9515646814615","68,3969776417361","14633744720,0739","-28,8791032791138","26,0801078328066","-0,0000191","1,78652249760908","405,570627909849","1470178,07484958"
"1471624,07484958",1,"14651146336,6882","295049,68254657","207551,364662494","9485,35323515625","5,58966466242418",0,0,"-53,3925000279404","-64,9779187046916","68,4346777452339","14636905047,3051","-28,9095989227295","26,0801078328066","-0,0000192","1,78652249760908","405,570627909849","1472178,07484958"
"1473624,07484958",1,"14654319809,0411","55244,4803897436","207599,518244746","9483,58977960862","5,58966466242418",0,0,"-53,49552924895","-65,0042968868386","68,4723873209944","14640067773,5746","-28,9400407791138","26,0801078328066","-0,0000192","1,78652249760908","405,570627909849","1474178,07484958"
"1475624,07484958",1,"14657495647,4881","405370,692301456","207647,706855722","9481,82543221779","5,58966466242418",0,0,"-53,598357254183","-65,0306995526661","68,5101063782022","14643232892,8851","-28,9704278945923","26,0801078328066","-0,0000192","1,78652249760908","405,570627909849","1476178,07484958"
"1477624,07484958",1,"14660673845,9082","755562,323081751","207695,930401268","9480,06019701495","5,58966466242418",0,0,"-53,7009842987744","-65,0571265444422","68,5478347428064","14646400399,2229","-29,0007617950439","26,0801078328066","-0,0000193","1,78652249760908","405,570627909849","1478178,07484958"
"1479624,07484958",1,"14663854398,3474","1105757,11629238","207744,188789661","9478,29407802645","5,58966466242418",0,0,"-53,8034102865701","-65,0835781738781","68,5855722399646","14649570286,5808","-29,0310430526733","26,0801078328066","-0,0000193","1,78652249760908","405,570627909849","1480178,07484958"
"1481624,07484958",1,"14667037298,8426","1455952,65382924","207792,481929055","9476,52707927378","5,58966466242418",0,0,"-53,9056362894623","-65,1100544375204","68,62331906226","14652742548,9621","-29,0612697601318","26,0801078328066","-0,0000194","1,78652249760908","405,570627909849","1482178,07484958"
"1483624,07484958",1,"14670222541,3374","1806148,22958153","207840,80972625","9474,75920477361","5,58966466242418",0,0,"-54,0076611210836","-65,1365555193082","68,6610746692338","14655917180,361","-29,0914421081543","26,0801078328066","-0,0000194","1,78652249760908","405,570627909849","1484178,07484958"
"1485624,07484958",1,"14673410119,9199","1613567,02651555","207889,172090163","9472,99045853772","5,58966466242418",0,0,"-54,1094860395725","-65,1630814111661","68,6988394366606","14659094174,7889","-29,1215595245361","26,0801078328066","-0,0000194","1,78652249760908","405,570627909849","1486178,07484958"
"1487624,07484958",1,"14676600028,5601","1263371,64129886","207937,568927999","9471,22084457302","5,58966466242418",0,0,"-54,211110663439","-65,1896319653302","68,736612824491","14662273526,2455","-29,1516237258911","26,0801078328066","-0,0000195","1,78652249760908","405,570627909849","1488178,07484958"
"1489624,07484958",1,"14679792261,3537","913176,883739194","207986,000148801","9469,45036688154","5,58966466242418",0,0,"-54,3125361818178","-65,2162077943604","68,7743950249981","14665455228,7487","-29,1816341400146","26,0801078328066","-0,0000195","1,78652249760908","405,570627909849","1490178,07484958"
"1491624,07484958",1,"14682986812,2319","562983,90320834","208034,465659226","9467,6790294604","5,58966466242418",0,0,"-54,4137618038778","-65,2428086185844","68,8121858654216","14668639276,303","-29,2115896224976","26,0801078328066","-0,0000196","1,78652249760908","405,570627909849","1492178,07484958"
"1493624,07484958",1,"14686183675,2352","212801,041952366","208082,965367533","9465,90683630184","5,58966466242418",0,0,"-54,5147883676797","-65,2694348977564","68,8499851722176","14671825662,9224","-29,2414928436279","26,0801078328066","-0,0000196","1,78652249760908","405,570627909849","1494178,07484958"
"1495624,07484958",1,"14689382844,3944","137448,463700633","208131,499181853","9464,13379139315","5,58966466242418",0,0,"-54,6156157471899","-65,2960863142052","68,8877927724654","14675014382,6131","-29,2713432312012","26,0801078328066","-0,0000196","1,78652249760908","405,570627909849","1496178,07484958"
"1497624,07484958",1,"14692584313,7661","487620,741421462","208180,067010686","9462,35989871672","5,58966466242418",0,0,"-54,7162453268448","-65,3227633398672","68,9256090422221","14678205429,3989","-29,3011373519897","26,0801078328066","-0,0000197","1,78652249760908","405,570627909849","1498178,07484958"
"1499624,07484958",1,"14695788077,4171","837812,434621497","208228,668762702","9460,58516225","5,58966466242418",0,0,"-54,8166761039372","-65,3494658486849","68,9634334426506","14681398797,3058","-29,3308763504028","26,0801078328066","-0,0000197","1,78652249760908","405,570627909849","1500178,07484958"
"1501624,07484958",1,"14698994129,3409","1188006,2164904","208277,304345512","9458,8095859655","5,58966466242418",0,0,"-54,9169083385491","-65,3761941585288","69,0012661661216","14684594480,3557","-29,3605617523193","26,0801078328066","-0,0000197","1,78652249760908","405,570627909849","1502178,07484958"
"1503624,07484958",1,"14702202463,5844","1538200,5144827","208325,973667517","9457,03317383074","5,58966466242418",0,0,"-55,0169432111864","-65,4029482230737","69,0391070409786","14687792472,5804","-29,3901945114136","26,0801078328066","-0,0000198","1,78652249760908","405,570627909849","1504178,07484958"
"1505624,07484958",1,"14705413074,1761","1881511,39401281","208374,676636847","9455,25592980832","5,58966466242418",0,0,"-55,1167802953342","-65,4297282693121","69,0769557112609","14690992768,006","-29,419772529602","26,0801078328066","-0,0000198","1,78652249760908","405,570627909849","1506178,07484958"
"1507624,07484958",1,"14708625955,1996","1531321,95374601","208423,413162454","9453,47785785584","5,58966466242418",0,0,"-55,2164200085372","-65,4565342480629","69,1148123708168","14694195360,67","-29,4492956161499","26,0801078328066","-0,0000199","1,78652249760908","405,570627909849","1508178,07484958"
"1509624,07484958",1,"14711841100,5946","1181128,12653819","208472,1831512","9451,69896192591","5,58966466242418",0,0,"-55,3158621984148","-65,4833659241144","69,1526764814815","14697400244,594","-29,4787658691406","26,0801078328066","-0,0000199","1,78652249760908","405,570627909849","1510178,07484958"
"1511624,07484958",1,"14715058504,5521","830935,085231047","208520,986513605","9449,91924596619","5,58966466242418",0,0,"-55,4151079444964","-65,5102241667548","69,1905486021493","14700607413,8261","-29,5081819534302","26,0801078328066","-0,0000199","1,78652249760908","405,570627909849","1512178,07484958"
"1513624,07484958",1,"14718278161,0611","480744,504224397","208569,823157279","9448,13871391928","5,58966466242418",0,0,"-55,5141563325375","-65,5371085444079","69,2284281958775","14703816862,4086","-29,5375417709351","26,0801078328066","-0,00002","1,78652249760908","405,570627909849","1514178,07484958"
"1515624,07484958",1,"14721500064,1888","130574,980434194","208618,692990959","9446,35736972279","5,58966466242418",0,0,"-55,613009277269","-65,5640193718433","69,2663156384761","14707028584,3881","-29,5668472290039","26,0801078328066","-0,00002","1,78652249760908","405,570627909849","1516178,07484958"
"1517624,07484958",1,"14724724208,0076","219673,501600879","208667,595923481","9444,57521730934","5,58966466242418",0,0,"-55,7116651953659","-65,5909566414524","69,3042102106055","14710242573,8122","-29,5960994720459","26,0801078328066","-0,0000201","1,78652249760908","405,570627909849","1518178,07484958"
"1519624,07484958",1,"14727950586,5213","569855,059699681","208716,531862685","9442,79226060648","5,58966466242418",0,0,"-55,8101257220548","-65,6179205296405","69,3421122885568","14713458824,7227","-29,6252983093262","26,0801078328066","-0,0000201","1,78652249760908","405,570627909849","1520178,07484958"
"1521624,07484958",1,"14731179193,8252","920045,895568863","208765,500717747","9441,00850353673","5,58966466242418",0,0,"-55,9083903923332","-65,6449108571979","69,380021335344","14716677331,1711","-29,6544427871704","26,0801078328066","-0,0000201","1,78652249760908","405,570627909849","1522178,07484958"
"1523624,07484958",1,"14734410023,9929","1270238,12825381","208814,502397544","9439,22395001757","5,58966466242418",0,0,"-56,0064597006958","-65,6719281552225","69,4179375454507","14719898087,2119","-29,6835311889648","26,0801078328066","-0,0000202","1,78652249760908","405,570627909849","1524178,07484958"
"1525624,07484958",1,"14737643071,1189","1620430,65570216","208863,536811259","9437,43860396143","5,58966466242418",0,0,"-56,1043345977304","-65,6989722007457","69,4558609297225","14723121086,9062","-29,7125659942627","26,0801078328066","-0,0000202","1,78652249760908","405,570627909849","1526178,07484958"
"1527624,07484958",1,"14740878329,2413","1799287,7067716","208912,603867267","9435,65246927565","5,58966466242418",0,0,"-56,2020142379404","-65,7260432127876","69,4937911352613","14726346324,3104","-29,741547203064","26,0801078328066","-0,0000203","1,78652249760908","405,570627909849","1528178,07484958"
"1529624,07484958",1,"14744115792,5053","1449095,57978001","208961,703475515","9433,86554986252","5,58966466242418",0,0,"-56,2994996676074","-65,7531416230967","69,5317285376869","14729573793,5015","-29,7704732894897","26,0801078328066","-0,0000203","1,78652249760908","405,570627909849","1530178,07484958"
"1531624,07484958",1,"14747355454,8851","1098903,78910214","209010,835543468","9432,07784961923","5,58966466242418",0,0,"-56,3967910711832","-65,7802668582739","69,5696722373546","14732803488,5348","-29,7993450164795","26,0801078328066","-0,0000203","1,78652249760908","405,570627909849","1532178,07484958"
"1533624,07484958",1,"14750597310,5377","748713,034255814","209059,999981254","9430,28937243791","5,58966466242418",0,0,"-56,4938888226957","-65,8074195010151","69,6076227928662","14736035403,4824","-29,8281629562378","26,0801078328066","-0,0000204","1,78652249760908","405,570627909849","1534178,07484958"
"1535624,07484958",1,"14753841353,518","398525,763841269","209109,196697537","9428,50012220554","5,58966466242418",0,0,"-56,5907928280107","-65,8345995885698","69,6455796690761","14739269532,4153","-29,8569255828857","26,0801078328066","-0,0000204","1,78652249760908","405,570627909849","1536178,07484958"
"1537624,07484958",1,"14757087577,9029","48413,6281611746","209158,425601296","9426,71010280405","5,58966466242418",0,0,"-56,6875042068216","-65,8618072827197","69,6835434243351","14742505869,4049","-29,8856349945068","26,0801078328066","-0,0000205","1,78652249760908","405,570627909849","1538178,07484958"
"1539624,07484958",1,"14760335977,8117","301884,214552591","209207,686602144","9424,9193181102","5,58966466242418",0,0,"-56,7840221830421","-65,8890422794336","69,7215133423955","14745744408,5339","-29,914288520813","26,0801078328066","-0,0000205","1,78652249760908","405,570627909849","1540178,07484958"
"1541624,07484958",1,"14763586547,3354","652068,179538086","209256,979609285","9423,12777199566","5,58966466242418",0,0,"-56,88034760326","-65,9163052063933","69,7594896169663","14748985143,8849","-29,9428874969482","26,0801078328066","-0,0000205","1,78652249760908","405,570627909849","1542178,07484958"
"1543624,07484958",1,"14766839280,6121","1002257,38607332","209306,304532627","9421,33546832696","5,58966466242418",0,0,"-56,9764807263879","-65,9435959001854","69,7974722603281","14752228069,5468","-29,9714323043823","26,0801078328066","-0,0000206","1,78652249760908","405,570627909849","1544178,07484958"
"1545624,07484958",1,"14770094171,6905","1352447,53658404","209355,661280782","9419,5424109655","5,58966466242418",0,0,"-57,072421417258","-65,9709143980313","69,8354607387638","14755473179,604","-29,9999231338501","26,0801078328066","-0,0000206","1,78652249760908","405,570627909849","1546178,07484958"
"1547624,07484958",1,"14773351214,6678","1702637,79226245","209405,049763079","9417,7486037675","5,58966466242418",0,0,"-57,1681710936456","-65,9982611404911","69,8734556102627","14758720468,1466","-30,0283586502075","26,0801078328066","-0,0000207","1,78652249760908","405,570627909849","1548178,07484958"
"1549624,07484958",1,"14776610403,6384","1717082,93797746","209454,469888812","9415,95405058405","5,58966466242418",0,0,"-57,2637288647334","-66,0256359613461","69,9114561593292","14761969929,26","-30,0567388534546","26,0801078328066","-0,0000207","1,78652249760908","405,570627909849","1550178,07484958"
"1551624,07484958",1,"14779871732,7874","1366893,15399087","209503,921568596","9414,15875526109","5,58966466242418",0,0,"-57,3590953579553","-66,0530390580762","69,9494627626578","14765221557,0502","-30,0850654602051","26,0801078328066","-0,0000207","1,78652249760908","405,570627909849","1552178,07484958"
"1553624,07484958",1,"14783135196,2206","1016703,90799528","209553,404711917","9412,36272163935","5,58966466242418",0,0,"-57,4542716831774","-66,0804704169108","69,9874752503297","14768475345,6185","-30,1133371353149","26,0801078328066","-0,0000208","1,78652249760908","405,570627909849","1554178,07484958"
"1555624,07484958",1,"14786400787,9938","666516,02423209","209602,919227536","9410,5659535544","5,58966466242418",0,0,"-57,5492569289351","-66,1079300640689","70,0254934534454","14771731289,0661","-30,1415548324585","26,0801078328066","-0,0000208","1,78652249760908","405,570627909849","1556178,07484958"
"1557624,07484958",1,"14789668502,2621","316333,339416609","209652,465025664","9408,76845483665","5,58966466242418",0,0,"-57,6440518247759","-66,1354184557428","70,0635170209222","14774989381,502","-30,1697162628174","26,0801078328066","-0,0000209","1,78652249760908","405,570627909849","1558178,07484958"
"1559624,07484958",1,"14792938333,1229","33999,0463471515","209702,042015686","9406,97022931126","5,58966466242418",0,0,"-57,7386570695715","-66,1629355989835","70,1015463292999","14778249617,0331","-30,1978239059448","26,0801078328066","-0,0000209","1,78652249760908","405,570627909849","1560178,07484958"
"1561624,07484958",1,"14796210274,7347","384071,004714001","209751,65010789","9405,17128079824","5,58966466242418",0,0,"-57,833072898898","-66,1904814984666","70,1395810276836","14781511989,773","-30,2258771896362","26,0801078328066","-0,0000209","1,78652249760908","405,570627909849","1562178,07484958"
"1563624,07484958",1,"14799484321,1651","734254,739419695","209801,289211238","9403,37161311237","5,58966466242418",0,0,"-57,9272995723545","-66,2180561811955","70,1776209476332","14784776493,8283","-30,2538757324219","26,0801078328066","-0,000021","1,78652249760908","405,570627909849","1564178,07484958"
"1565624,07484958",1,"14802760466,6472","1084441,68187235","209850,959237113","9401,57123006321","5,58966466242418",0,0,"-58,0213374095554","-66,2456601027331","70,2156664650927","14788043123,324","-30,2818193435669","26,0801078328066","-0,000021","1,78652249760908","405,570627909849","1566178,07484958"
"1567624,07484958",1,"14806038705,2807","1434629,24396813","209900,660094971","9399,7701354551","5,58966466242418",0,0,"-58,1151864182157","-66,2732929548834","70,2537168670776","14791311872,3853","-30,3097076416016","26,0801078328066","-0,0000211","1,78652249760908","405,570627909849","1568178,07484958"
"1569624,07484958",1,"14809319031,1882","1784816,65151883","209950,391694612","9397,96833308716","5,58966466242418",0,0,"-58,2088475016733","-66,3009550763192","70,2917725295424","14794582735,1403","-30,3375419616699","26,0801078328066","-0,0000211","1,78652249760908","405,570627909849","1570178,07484958"
"1571624,07484958",1,"14812601438,5169","1634906,80048279","210000,153946199","9396,16582675327","5,58966466242418",0,0,"-58,302320215922","-66,3286466130305","70,3298331031815","14797855705,7132","-30,3653213500977","26,0801078328066","-0,0000211","1,78652249760908","405,570627909849","1572178,07484958"
"1573624,07484958",1,"14815885921,406","1284719,89146965","210049,946759783","9394,36262024205","5,58966466242418",0,0,"-58,3956052402222","-66,3563674312473","70,3678986007224","14801130778,2318","-30,3930463790894","26,0801078328066","-0,0000212","1,78652249760908","405,570627909849","1574178,07484958"
"1575624,07484958",1,"14819172474,0184","934533,690391002","210099,770045777","9392,55871733689","5,58966466242418",0,0,"-58,4887029982996","-66,3841179901176","70,4059690357583","14804407946,8342","-30,4207160949707","26,0801078328066","-0,0000212","1,78652249760908","405,570627909849","1576178,07484958"
"1577624,07484958",1,"14822461090,4979","584349,25565306","210149,623714324","9390,75412181592","5,58966466242418",0,0,"-58,5816139850341","-66,4118981380654","70,4440442404404","14807687205,6578","-30,4483312606812","26,0801078328066","-0,0000213","1,78652249760908","405,570627909849","1578178,07484958"
"1579624,07484958",1,"14825751765,0374","234173,388381363","210199,50767629","9388,94883745199","5,58966466242418",0,0,"-58,6743385043097","-66,4397082162685","70,4821240470513","14810968548,8492","-30,4758916854858","26,0801078328066","-0,0000213","1,78652249760908","405,570627909849","1580178,07484958"
"1581624,07484958",1,"14829044491,7649","116069,143506935","210249,421841603","9387,14286801269","5,58966466242418",0,0,"-58,7668764591639","-66,467548052067","70,5202084689368","14814251970,5523","-30,5033967971802","26,0801078328066","-0,0000213","1,78652249760908","405,570627909849","1582178,07484958"
"1583624,07484958",1,"14832339264,894","466227,446650449","210299,366121448","9385,33621726034","5,58966466242418",0,0,"-58,8592283395344","-66,4954179684241","70,558297338983","14817537464,9251","-30,5308469772339","26,0801078328066","-0,0000214","1,78652249760908","405,570627909849","1584178,07484958"
"1585624,07484958",1,"14835636078,5063","816409,510023365","210349,340425098","9383,52888895197","5,58966466242418",0,0,"-58,9513947312933","-66,5233178132564","70,5963904893548","14820825026,111","-30,5582426071167","26,0801078328066","-0,0000214","1,78652249760908","405,570627909849","1586178,07484958"
"1587624,07484958",1,"14838934926,8212","1166593,62305274","210399,344663842","9381,72088683932","5,58966466242418",0,0,"-59,0433757574178","-66,5512480608769","70,6344882960371","14824114648,2651","-30,585583114624","26,0801078328066","-0,0000215","1,78652249760908","405,570627909849","1588178,07484958"
"1589624,07484958",1,"14842235804,0454","1516778,0753836","210449,378748791","9379,91221466882","5,58966466242418",0,0,"-59,1351717738792","-66,5792084278363","70,6725900489123","14827406325,5508","-30,6128690719605","26,0801078328066","-0,0000215","1,78652249760908","405,570627909849","1590178,07484958"
"1591624,07484958",1,"14845538704,2981","1866961,03952458","210499,442589794","9378,10287618162","5,58966466242418",0,0,"-59,2267834880256","-66,6071993927201","70,7106963046897","14830700052,1289","-30,6400999069214","26,0801078328066","-0,0000215","1,78652249760908","405,570627909849","1592178,07484958"
"1593624,07484958",1,"14848843621,7564","1552764,44314955","210549,536097549","9376,29287511355","5,58966466242418",0,0,"-59,3182110698331","-66,6352210946858","70,7488065343577","14833995822,164","-30,667275428772","26,0801078328066","-0,0000216","1,78652249760908","405,570627909849","1594178,07484958"
"1595624,07484958",1,"14852150550,6125","1202580,91873202","210599,659182989","9374,48221519513","5,58966466242418",0,0,"-59,409454688107","-66,6632735201702","70,7869205714029","14837293629,8234","-30,6943967819214","26,0801078328066","-0,0000216","1,78652249760908","405,570627909849","1596178,07484958"
"1597624,07484958",1,"14855459485,111","852398,256165189","210649,811757809","9372,67090015156","5,58966466242418",0,0,"-59,5005141642241","-66,6913564271293","70,825038610632","14840593469,2847","-30,7214628219605","26,0801078328066","-0,0000217","1,78652249760908","405,570627909849","1598178,07484958"
"1599624,07484958",1,"14858770419,4026","502217,96037424","210699,993732353","9370,8589337027","5,58966466242418",0,0,"-59,5913907105597","-66,7194702058779","70,8631604856162","14843895334,7212","-30,7484743118286","26,0801078328066","-0,0000217","1,78652249760908","405,570627909849","1600178,07484958"
"1601624,07484958",1,"14862083347,6993","152054,149552704","210750,205017863","9369,04631956309","5,58966466242418",0,0,"-59,6820845833989","-66,7476152638069","70,9012860296344","14847199220,3147","-30,775429725647","26,0801078328066","-0,0000217","1,78652249760908","405,570627909849","1602178,07484958"
"1603624,07484958",1,"14865398264,1599","198178,9723845","210800,445524824","9367,23306144193","5,58966466242418",0,0,"-59,7725959661867","-66,7757912516918","70,9394154378716","14850505120,2413","-30,802331161499","26,0801078328066","-0,0000218","1,78652249760908","405,570627909849","1604178,07484958"
"1605624,07484958",1,"14868715162,9771","548347,9623479","210850,71516422","9365,41916304308","5,58966466242418",0,0,"-59,8629249391302","-66,8039986450553","70,9775485436925","14853813028,6883","-30,829176902771","26,0801078328066","-0,0000218","1,78652249760908","405,570627909849","1606178,07484958"
"1607624,07484958",1,"14872034038,3983","898527,370234512","210901,01384783","9363,60462806504","5,58966466242418",0,0,"-59,953071990637","-66,8322373387411","71,0156850001966","14857122939,8461","-30,8559680938721","26,0801078328066","-0,0000219","1,78652249760908","405,570627909849","1608178,07484958"
"1609624,07484958",1,"14875354884,5938","1248708,10374536","210951,341486335","9361,78946020096","5,58966466242418",0,0,"-60,043037197367","-66,8605074292444","71,0538250030234","14860434847,9009","-30,8827041625977","26,0801078328066","-0,0000219","1,78652249760908","405,570627909849","1610178,07484958"
"1611624,07484958",1,"14878677695,83","1598888,97951406","211001,697991819","9359,97366313862","5,58966466242418",0,0,"-60,1328214901248","-66,8888092392892","71,0919682051065","14863748747,0541","-30,9093856811523","26,0801078328066","-0,000022","1,78652249760908","405,570627909849","1612178,07484958"
"1613624,07484958",1,"14882002466,3151","1820840,88025794","211052,08327552","9358,15724056046","5,58966466242418",0,0,"-60,2224248107385","-66,9171426618231","71,1301146214013","14867064631,51","-30,936011505127","26,0801078328066","-0,000022","1,78652249760908","405,570627909849","1614178,07484958"
"1615624,07484958",1,"14885329190,29","1470660,93492199","211102,497249164","9356,34019614353","5,58966466242418",0,0,"-60,311847698828","-66,9455078612786","71,1682642668607","14870382495,4777","-30,9625812530518","26,0801078328066","-0,000022","1,78652249760908","405,570627909849","1616178,07484958"
"1617624,07484958",1,"14888657861,9557","1120481,2313858","211152,939823912","9354,52253355949","5,58966466242418",0,0,"-60,4010907730916","-66,9739051133829","71,2064171556162","14873702333,1622","-30,9890966415405","26,0801078328066","-0,0000221","1,78652249760908","405,570627909849","1618178,07484958"
"1619624,07484958",1,"14891988475,4726","770302,661556703","211203,410910349","9352,70425647464","5,58966466242418",0,0,"-60,4901537852117","-67,0023344700941","71,2445729423229","14877024138,7692","-31,0155574798584","26,0801078328066","-0,0000221","1,78652249760908","405,570627909849","1620178,07484958"
"1621624,07484958",1,"14895321025,1342","420127,294245953","211253,910420991","9350,88536854989","5,58966466242418",0,0,"-60,5790373290168","-67,0307959176203","71,2827318217905","14880347906,5127","-31,0419635772705","26,0801078328066","-0,0000222","1,78652249760908","405,570627909849","1622178,07484958"
"1623624,07484958",1,"14898655505,1916","69998,4035268492","211304,438267751","9349,06587344075","5,58966466242418",0,0,"-60,667741969001","-67,059289751576","71,320893628573","14883673630,6158","-31,0683141708374","26,0801078328066","-0,0000222","1,78652249760908","405,570627909849","1624178,07484958"
"1625624,07484958",1,"14901991909,8971","280256,905978357","211354,994362571","9347,24577479733","5,58966466242418",0,0,"-60,7562678136029","-67,087815869832","71,3590580173175","14887001305,3078","-31,0946096420288","26,0801078328066","-0,0000222","1,78652249760908","405,570627909849","1626178,07484958"
"1627624,07484958",1,"14905330233,4269","630427,317427927","211405,578616303","9345,42507626436","5,58966466242418",0,0,"-60,844615384097","-67,1163745706609","71,3972251832769","14890330924,8107","-31,1208507537842","26,0801078328066","-0,0000223","1,78652249760908","405,570627909849","1628178,07484958"
"1629624,07484958",1,"14908670470,074","980603,34400377","211456,19094149","9343,60378148112","5,58966466242418",0,0,"-60,9327852771069","-67,1449660414141","71,4353951416335","14893662483,3587","-31,14703540802","26,0801078328066","-0,0000223","1,78652249760908","405,570627909849","1630178,07484958"
"1631624,07484958",1,"14912012614,0389","1330780,19834229","211506,831249348","9341,78189408153","5,58966466242418",0,0,"-61,0207774054865","-67,1735901086203","71,473567547349","14896995975,1796","-31,1731643676758","26,0801078328066","-0,0000224","1,78652249760908","405,570627909849","1632178,07484958"
"1633624,07484958",1,"14915356659,658","1680957,004325","211557,499453082","9339,95941769406","5,58966466242418",0,0,"-61,1085923222048","-67,202247250732","71,5117425956276","14900331394,5139","-31,1992389678955","26,0801078328066","-0,0000224","1,78652249760908","405,570627909849","1634178,07484958"
"1635624,07484958",1,"14918702601,109","1738777,17356392","211608,195463593","9338,13635594176","5,58966466242418",0,0,"-61,1962302849672","-67,2309371859273","71,5499201218951","14903668735,5958","-31,2252588272095","26,0801078328066","-0,0000224","1,78652249760908","405,570627909849","1636178,07484958"
"1637624,07484958",1,"14922050432,6797","1388601,18046688","211658,919193403","9336,31271244227","5,58966466242418",0,0,"-61,2836917979346","-67,2596603938687","71,5880997811044","14907007992,6682","-31,2512231826782","26,0801078328066","-0,0000225","1,78652249760908","405,570627909849","1638178,07484958"
"1639624,07484958",1,"14925400148,6604","1038425,80365358","211709,670555059","9334,48849080779","5,58966466242418",0,0,"-61,3709766869757","-67,2884168552858","71,6262819490385","14910349159,987","-31,2771314620972","26,0801078328066","-0,0000225","1,78652249760908","405,570627909849","1640178,07484958"
"1641624,07484958",1,"14928751743,3129","688251,810841524","211760,44946072","9332,66369464509","5,58966466242418",0,0,"-61,4580859203453","-67,3172065789093","71,6644662808046","14913692231,8049","-31,3029855728149","26,0801078328066","-0,0000226","1,78652249760908","405,570627909849","1642178,07484958"
"1643624,07484958",1,"14932105210,8891","338082,473510247","211811,255822406","9330,83832755548","5,58966466242418",0,0,"-61,5450195710262","-67,3460299116272","71,7026526122116","14917037202,3746","-31,328783416748","26,0801078328066","-0,0000226","1,78652249760908","405,570627909849","1644178,07484958"
"1645624,07484958",1,"14935460545,6433","12448,9726235057","211862,089552183","9329,01239313486","5,58966466242418",0,0,"-61,6317780426251","-67,3748869661513","71,7408409592095","14920384065,9492","-31,3545267105103","26,0801078328066","-0,0000226","1,78652249760908","405,570627909849","1646178,07484958"
"1647624,07484958",1,"14938817741,9018","362291,808269926","211912,950563167","9327,18589497366","5,58966466242418",0,0,"-61,718361999555","-67,4037776460815","71,7790311573587","14923732816,7967","-31,3802145004272","26,0801078328066","-0,0000227","1,78652249760908","405,570627909849","1648178,07484958"
"1649624,07484958",1,"14942176793,9637","712460,521122873","211963,838768085","9325,35883665686","5,58966466242418",0,0,"-61,8047716491017","-67,4327020885608","71,8172232222829","14927083449,1857","-31,4058477401733","26,0801078328066","-0,0000227","1,78652249760908","405,570627909849","1650178,07484958"
"1651624,07484958",1,"14945537696,0941","1062632,55653573","212014,754079196","9323,531221764","5,58966466242418",0,0,"-61,8910072427707","-67,4616604862206","71,8554171699943","14930435957,3912","-31,4314247131348","26,0801078328066","-0,0000228","1,78652249760908","405,570627909849","1652178,07484958"
"1653624,07484958",1,"14948900442,5153","1412805,05195057","212065,696408134","9321,70305386914","5,58966466242418",0,0,"-61,9770688261511","-67,4906529762416","71,8936128362383","14933790335,6769","-31,4569467544556","26,0801078328066","-0,0000228","1,78652249760908","405,570627909849","1654178,07484958"
"1655624,07484958",1,"14952265027,6376","1762977,26238109","212116,66566928","9319,87433654089","5,58966466242418",0,0,"-62,0629572280248","-67,519680040791","71,9318102370943","14937146578,3298","-31,482413482666","26,0801078328066","-0,0000229","1,78652249760908","405,570627909849","1656178,07484958"
"1657624,07484958",1,"14955631445,7098","1656761,39247393","212167,661774663","9318,04507334237","5,58966466242418",0,0,"-62,1486726793575","-67,5487411853197","71,9700092088457","14940504679,6328","-31,5078252792358","26,0801078328066","-0,0000229","1,78652249760908","405,570627909849","1658178,07484958"
"1659624,07484958",1,"14958999691,0313","1306589,99838489","212218,684637077","9316,21526783126","5,58966466242418",0,0,"-62,2342159715523","-67,5778367870871","72,0082095878872","14943864633,8699","-31,5331823348999","26,0801078328066","-0,0000229","1,78652249760908","405,570627909849","1660178,07484958"
"1661624,07484958",1,"14962369757,8982","956419,378006164","212269,734169266","9314,38492355975","5,58966466242418",0,0,"-62,3195867204352","-67,6069670132005","72,0464113900457","14947226435,3284","-31,5584829330444","26,0801078328066","-0,000023","1,78652249760908","405,570627909849","1662178,07484958"
"1663624,07484958",1,"14965741640,6347","606250,525648393","212320,810284385","9312,55404407454","5,58966466242418",0,0,"-62,4047858836083","-67,6361320003657","72,0846144522475","14950590078,303","-31,5837287902832","26,0801078328066","-0,000023","1,78652249760908","405,570627909849","1664178,07484958"
"1665624,07484958",1,"14969115333,621","256088,983309416","212371,912896429","9310,72263291686","5,58966466242418",0,0,"-62,4898136618392","-67,6653316537432","72,1228189700155","14953955557,1007","-31,6089195251465","26,0801078328066","-0,0000231","1,78652249760908","405,570627909849","1666178,07484958"
"1667624,07484958",1,"14972490831,094","94142,2850630359","212423,041917303","9308,89069362245","5,58966466242418",0,0,"-62,5746702639383","-67,694566400563","72,161024779952","14957322866,02","-31,6340545654297","26,0801078328066","-0,0000231","1,78652249760908","405,570627909849","1668178,07484958"
"1669624,07484958",1,"14975868127,3787","444277,346664228","212474,197260228","9307,05822972156","5,58966466242418",0,0,"-62,6593560458568","-67,7238365325755","72,1992317187683","14960691999,3615","-31,659133720398","26,0801078328066","-0,0000231","1,78652249760908","405,570627909849","1670178,07484958"
"1671624,07484958",1,"14979247216,8386","794442,799905134","212525,378838964","9305,22524473895","5,58966466242418",0,0,"-62,7438714912022","-67,7531416435547","72,2374398027996","14964062951,4359","-31,6841581344605","26,0801078328066","-0,0000232","1,78652249760908","405,570627909849","1672178,07484958"
"1673624,07484958",1,"14982628093,8192","1144610,28302073","212576,586567027","9303,39174219388","5,58966466242418",0,0,"-62,8282172643028","-67,7824822135798","72,2756486898042","14967435716,5663","-31,709126663208","26,0801078328066","-0,0000232","1,78652249760908","405,570627909849","1674178,07484958"
"1675624,07484958",1,"14986010752,5866","1494777,99061113","212627,820356791","9301,55772560011","5,58966466242418",0,0,"-62,9123935581307","-67,8118580641446","72,3138585753097","14970810289,0612","-31,7340398788452","26,0801078328066","-0,0000233","1,78652249760908","405,570627909849","1676178,07484958"
"1677624,07484958",1,"14989395187,4982","1844944,5851813","212679,080121972","9299,72319846589","5,58966466242418",0,0,"-62,9964005540062","-67,8412697349194","72,3520692966871","14974186663,24","-31,7588979721069","26,0801078328066","-0,0000233","1,78652249760908","405,570627909849","1678178,07484958"
"1679624,07484958",1,"14992781392,9577","1574798,36047919","212730,365776963","9297,88816429398","5,58966466242418",0,0,"-63,0802387509059","-67,8707170169425","72,3902808703923","14977564833,4327","-31,783699798584","26,0801078328066","-0,0000234","1,78652249760908","405,570627909849","1680178,07484958"
"1681624,07484958",1,"14996169363,2764","1224632,00893437","212781,677234824","9296,05262658161","5,58966466242418",0,0,"-63,163908484611","-67,9002002358843","72,4284931335517","14980944793,9705","-31,8084476470947","26,0801078328066","-0,0000234","1,78652249760908","405,570627909849","1682178,07484958"
"1683624,07484958",1,"14999559092,775","874466,634034371","212833,014408769","9294,21658882051","5,58966466242418",0,0,"-63,2474100892087","-67,9297195555797","72,4667061030595","14984326539,1845","-31,8331390380859","26,0801078328066","-0,0000234","1,78652249760908","405,570627909849","1684178,07484958"
"1685624,07484958",1,"15002950575,8529","524303,505310466","212884,377213141","9292,3800544969","5,58966466242418",0,0,"-63,3307438982976","-67,9592750157426","72,504919616177","14987710063,4077","-31,8577756881714","26,0801078328066","-0,0000235","1,78652249760908","405,570627909849","1686178,07484958"
"1687624,07484958",1,"15006343806,8878","174153,539101622","212935,765562012","9290,54302709147","5,58966466242418",0,0,"-63,4139103982813","-67,9888667517076","72,5431336894786","14991095360,9871","-31,8823568344116","26,0801078328066","-0,0000235","1,78652249760908","405,570627909849","1688178,07484958"
"1689624,07484958",1,"15009738780,2128","176059,118802976","212987,179368773","9288,70551007938","5,58966466242418",0,0,"-63,4969099123738","-68,0184947026073","72,5813481607365","14994482426,2705","-31,9068830490112","26,0801078328066","-0,0000236","1,78652249760908","405,570627909849","1690178,07484958"
"1691624,07484958",1,"15013135490,1593","526208,324357322","213038,618546836","9286,86750693029","5,58966466242418",0,0,"-63,5797427712611","-68,0481592309533","72,6195628678253","14997871253,6026","-31,9313543319702","26,0801078328066","-0,0000236","1,78652249760908","405,570627909849","1692178,07484958"
"1693624,07484958",1,"15016533931,1631","876369,53089323","213090,083011126","9285,02902110832","5,58966466242418",0,0,"-63,6624093036975","-68,0778603742111","72,6577780065351","15001261837,337","-31,9557699203491","26,0801078328066","-0,0000236","1,78652249760908","405,570627909849","1694178,07484958"
"1695624,07484958",1,"15019934097,5905","1226531,98107056","213141,572675569","9283,19005607205","5,58966466242418",0,0,"-63,7449099745471","-68,1075983299466","72,69599323574","15004654171,8374","-31,9801307678223","26,0801078328066","-0,0000237","1,78652249760908","405,570627909849","1696178,07484958"
"1697624,07484958",1,"15023335983,7987","1576694,42340569","213193,087453969","9281,35061527454","5,58966466242418",0,0,"-63,8272451119708","-68,1373729492294","72,7342085725644","15008048251,4674","-32,0044355392456","26,0801078328066","-0,0000237","1,78652249760908","405,570627909849","1698178,07484958"
"1699624,07484958",1,"15026739584,2037","1843053,33190113","213244,627260978","9279,51070216332","5,58966466242418",0,0,"-63,909415489895","-68,1671848395716","72,7724242123603","15011444070,592","-32,0286857604981","26,0801078328066","-0,0000238","1,78652249760908","405,570627909849","1700178,07484958"
"1701624,07484958",1,"15030144893,1459","1492892,629132","213296,192010178","9277,67032018036","5,58966466242418",0,0,"-63,9914211232314","-68,1970340432707","72,8106396360683","15014841623,579","-32,0528802871704","26,0801078328066","-0,0000238","1,78652249760908","405,570627909849","1702178,07484958"
"1703624,07484958",1,"15033551905,0565","1142731,745973","213347,781616479","9275,82947276213","5,58966466242418",0,0,"-64,0732621684226","-68,2269201230335","72,8488550394641","15018240904,8071","-32,0770204544067","26,0801078328066","-0,0000239","1,78652249760908","405,570627909849","1704178,07484958"
"1705624,07484958",1,"15036960614,3173","792572,048984488","213399,39599408","9273,9881633395","5,58966466242418",0,0,"-64,1549395500802","-68,2568439435965","72,8870704393347","15021641908,6536","-32,1011030197144","26,0801078328066","-0,0000239","1,78652249760908","405,570627909849","1706178,07484958"
"1707624,07484958",1,"15040371015,3165","442415,340763972","213451,035057267","9272,14639533786","5,58966466242418",0,0,"-64,2364534166424","-68,2868051338553","72,9252854955294","15025044629,4964","-32,1251304626465","26,0801078328066","-0,0000239","1,78652249760908","405,570627909849","1708178,07484958"
"1709624,07484958",1,"15043783102,4594","92290,1803536979","213502,69872061","9270,304172177","5,58966466242418",0,0,"-64,3178037935824","-68,3168039542776","72,9635002253274","15028449061,7211","-32,1491027832031","26,0801078328066","-0,000024","1,78652249760908","405,570627909849","1710178,07484958"
"1711624,07484958",1,"15047196870,1818","257929,929653195","213554,386899105","9268,46149727119","5,58966466242418",0,0,"-64,3989914343471","-68,3468409202431","73,0017148243884","15031855199,7233","-32,1730186462402","26,0801078328066","-0,000024","1,78652249760908","405,570627909849","1712178,07484958"
"1713624,07484958",1,"15050612312,886","608080,039559576","213606,099507288","9266,61837402913","5,58966466242418",0,0,"-64,4800166258138","-68,3769155972962","73,0399289528195","15035263037,8956","-32,1968799591064","26,0801078328066","-0,0000241","1,78652249760908","405,570627909849","1714178,07484958"
"1715624,07484958",1,"15054029425,0102","958236,285853967","213657,836460227","9264,77480585399","5,58966466242418",0,0,"-64,5608800029037","-68,4070284380926","73,0781426279378","15038672570,6376","-32,2206848144531","26,0801078328066","-0,0000241","1,78652249760908","405,570627909849","1716178,07484958"
"1717624,07484958",1,"15057448200,9568","1308393,24336864","213709,597672465","9262,93079614337","5,58966466242418",0,0,"-64,641581853852","-68,4371797014469","73,1163558670483","15042083792,3534","-32,2444343566895","26,0801078328066","-0,0000242","1,78652249760908","405,570627909849","1718178,07484958"
"1719624,07484958",1,"15060868635,1251","1658550,00434642","213761,383058526","9261,08634828931","5,58966466242418",0,0,"-64,722121723622","-68,4673693698373","73,1545683302243","15045496697,4456","-32,268127822876","26,0801078328066","-0,0000242","1,78652249760908","405,570627909849","1720178,07484958"
"1721624,07484958",1,"15064290721,9813","1761204,0850544","213813,192533903","9259,24146567829","5,58966466242418",0,0,"-64,8025006532181","-68,497597034139","73,1927803920395","15048911280,3291","-32,2917659759521","26,0801078328066","-0,0000242","1,78652249760908","405,570627909849","1722178,07484958"
"1723624,07484958",1,"15067714455,9713","1411048,5162424","213865,026013806","9257,39615169124","5,58966466242418",0,0,"-64,8827191096598","-68,5278635307191","73,2309917130479","15052327535,4206","-32,3153491973877","26,0801078328066","-0,0000243","1,78652249760908","405,570627909849","1724178,07484958"
"1725624,07484958",1,"15071139831,5212","1060893,53682393","213916,883413166","9255,55040970353","5,58966466242418",0,0,"-64,9627772217882","-68,5581689015254","73,2692019540067","15055745457,141","-32,3388774871826","26,0801078328066","-0,0000243","1,78652249760908","405,570627909849","1726178,07484958"
"1727624,07484958",1,"15074566843,0688","710739,96050756","213968,764647099","9253,70424308494","5,58966466242418",0,0,"-65,0426754536756","-68,5885132469314","73,3074114890191","15059165039,9162","-32,3623500823975","26,0801078328066","-0,0000244","1,78652249760908","405,570627909849","1728178,07484958"
"1729624,07484958",1,"15077995485,086","360590,572184062","214020,669631217","9251,85765519971","5,58966466242418",0,0,"-65,1224148340942","-68,6188966432343","73,345620157389","15062586278,1788","-32,385767364502","26,0801078328066","-0,0000244","1,78652249760908","405,570627909849","1730178,07484958"
"1731624,07484958",1,"15081425752,029","10807,2970178292","214072,598280926","9250,0106494065","5,58966466242418",0,0,"-65,201994750116","-68,6493190281088","73,3838276201207","15066009166,3636","-32,4091289520264","26,0801078328066","-0,0000244","1,78652249760908","405,570627909849","1732178,07484958"
"1733624,07484958",1,"15084857638,3039","339740,888441765","214124,550510902","9248,16322905839","5,58966466242418",0,0,"-65,2814159480228","-68,6797810829551","73,4220342511366","15069433698,9054","-32,4324352264404","26,0801078328066","-0,0000245","1,78652249760908","405,570627909849","1734178,07484958"
"1735624,07484958",1,"15088291138,3657","689888,101538681","214176,52623655","9246,31539750293","5,58966466242418",0,0,"-65,3606783950438","-68,7102825339147","73,4602397119114","15072859870,2409","-32,4556873321533","26,0801078328066","-0,0000245","1,78652249760908","405,570627909849","1736178,07484958"
"1737624,07484958",1,"15091726246,7377","1040038,79632594","214228,525374258","9244,46715808204","5,58966466242418",0,0,"-65,4397831308637","-68,7408233871306","73,4984440199816","15076287674,819","-32,478882598877","26,0801078328066","-0,0000246","1,78652249760908","405,570627909849","1738178,07484958"
"1739624,07484958",1,"15095162957,8628","1390189,86286068","214280,547839278","9242,61851413211","5,58966466242418",0,0,"-65,5187306107374","-68,7714037779781","73,5366468370755","15079717107,0928","-32,5020225524902","26,0801078328066","-0,0000246","1,78652249760908","405,570627909849","1740178,07484958"
"1741624,07484958",1,"15098601266,2356","1740340,45311911","214332,59354761","9240,76946898394","5,58966466242418",0,0,"-65,5975209488757","-68,8020245448363","73,5748483587061","15083148161,5182","-32,5251075744629","26,0801078328066","-0,0000247","1,78652249760908","405,570627909849","1742178,07484958"
"1743624,07484958",1,"15102041166,289","1679419,71173925","214384,662414366","9238,92002596276","5,58966466242418",0,0,"-65,676154426989","-68,8326853431592","73,6130486027908","15086580832,55","-32,548136138916","26,0801078328066","-0,0000247","1,78652249760908","405,570627909849","1744178,07484958"
"1745624,07484958",1,"15105482652,5329","1329270,19048546","214436,754355797","9237,0701883882","5,58966466242418",0,0,"-65,7546314891416","-68,8633860222744","73,6512474094369","15090015114,6511","-32,5711097717285","26,0801078328066","-0,0000247","1,78652249760908","405,570627909849","1746178,07484958"
"1747624,07484958",1,"15108925719,4528","979121,507013217","214488,869287793","9235,21995957434","5,58966466242418",0,0,"-65,8329522372869","-68,894127105056","73,6894446181446","15093451002,2895","-32,5940284729004","26,0801078328066","-0,0000248","1,78652249760908","405,570627909849","1748178,07484958"
"1749624,07484958",1,"15112370361,5619","628974,534706029","214541,007126674","9233,36934282966","5,58966466242418",0,0,"-65,9111169591953","-68,924908686279","73,7276402469256","15096888489,9371","-32,6168907165527","26,0801078328066","-0,0000248","1,78652249760908","405,570627909849","1750178,07484958"
"1751624,07484958",1,"15115816573,3012","278833,852232632","214593,167787697","9231,51834145707","5,58966466242418",0,0,"-65,9891266684643","-68,9557307232969","73,7658343137759","15100327572,0644","-32,6396984100342","26,0801078328066","-0,0000249","1,78652249760908","405,570627909849","1752178,07484958"
"1753624,07484958",1,"15119264349,246","71385,0028065771","214645,351188102","9229,6669587539","5,58966466242418",0,0,"-66,0669817840074","-68,9865935105115","73,804026658329","15103768243,1586","-32,6624492645264","26,0801078328066","-0,0000249","1,78652249760908","405,570627909849","1754178,07484958"
"1755624,07484958",1,"15122713683,8675","421485,745331429","214697,557243604","9227,81519801188","5,58966466242418",0,0,"-66,1446820063406","-69,0174969438426","73,8422172989651","15107210497,7087","-32,6851444244385","26,0801078328066","-0,000025","1,78652249760908","405,570627909849","1756178,07484958"
"1757624,07484958",1,"15126164571,6823","771628,352295663","214749,785870616","9225,96306251718","5,58966466242418",0,0,"-66,2222280440449","-69,0484418195544","73,8804060757704","15110654330,2032","-32,7077857971191","26,0801078328066","-0,000025","1,78652249760908","405,570627909849","1758178,07484958"
"1759624,07484958",1,"15129617007,1636","1121773,02339547","214802,036984903","9224,11055555037","5,58966466242418",0,0,"-66,2996202616627","-69,0794279123574","73,9185931847153","15114099735,1333","-32,7303718566895","26,0801078328066","-0,000025","1,78652249760908","405,570627909849","1760178,07484958"
"1761624,07484958",1,"15133070984,8809","1471917,78281665","214854,310503647","9222,25768038644","5,58966466242418",0,0,"-66,3768591514167","-69,1104551098919","73,9567781105386","15117546706,9978","-32,7529014587402","26,0801078328066","-0,0000251","1,78652249760908","405,570627909849","1762178,07484958"
"1763624,07484958",1,"15136526499,3298","1822061,45250557","214906,60634297","9220,40444029478","5,58966466242418",0,0,"-66,4539449329719","-69,1415238603144","73,994961048906","15120995240,3019","-32,7753761291504","26,0801078328066","-0,0000251","1,78652249760908","405,570627909849","1764178,07484958"
"1765624,07484958",1,"15139983545,0216","1597704,68985109","214958,92441923","9218,55083853923","5,58966466242418",0,0,"-66,5308781545652","-69,1726340512649","74,0331420182506","15124445329,5508","-32,7977954864502","26,0801078328066","-0,0000252","1,78652249760908","405,570627909849","1766178,07484958"
"1767624,07484958",1,"15143442116,5449","1247561,65136323","215011,264649908","9216,69687837799","5,58966466242418",0,0,"-66,6076589785938","-69,2037860129213","74,0713208588886","15127896969,26","-32,8201587677002","26,0801078328066","-0,0000252","1,78652249760908","405,570627909849","1768178,07484958"
"1769624,07484958",1,"15146902208,371","897419,628142502","215063,626950803","9214,84256306372","5,58966466242418",0,0,"-66,6842880619126","-69,234979791021","74,1094974115603","15131350153,9409","-32,842467880249","26,0801078328066","-0,0000253","1,78652249760908","405,570627909849","1770178,07484958"
"1771624,07484958",1,"15150363815,0944","547279,759391035","215116,011239504","9212,98789584347","5,58966466242418",0,0,"-66,7607656974367","-69,2662158360626","74,1476718718002","15134804878,1202","-32,8647205352783","26,0801078328066","-0,0000253","1,78652249760908","405,570627909849","1772178,07484958"
"1773624,07484958",1,"15153826931,1999","197150,566418992","215168,417432021","9211,1328799587","5,58966466242418",0,0,"-66,8370916837662","-69,2974939596285","74,1858437254035","15138261136,3156","-32,8869174957275","26,0801078328066","-0,0000253","1,78652249760908","405,570627909849","1774178,07484958"
"1775624,07484958",1,"15157291551,329","153037,117796453","215220,84544665","9209,27751864528","5,58966466242418",0,0,"-66,9132673069967","-69,3288146052643","74,2240133455636","15141718923,0617","-32,9090595245361","26,0801078328066","-0,0000254","1,78652249760908","405,570627909849","1776178,07484958"
"1777624,07484958",1,"15160757669,9244","503159,902668528","215273,295198803","9207,4218151335","5,58966466242418",0,0,"-66,9892919611118","-69,3601776278562","74,2621803958993","15145178232,886","-32,9311454772949","26,0801078328066","-0,0000254","1,78652249760908","405,570627909849","1778178,07484958"
"1779624,07484958",1,"15164225281,6573","853296,901820982","215325,766607221","9205,56577264805","5,58966466242418",0,0,"-67,0651667786877","-69,3915831543467","74,3003448946566","15148639060,3353","-32,9531757354736","26,0801078328066","-0,0000255","1,78652249760908","405,570627909849","1780178,07484958"
"1781624,07484958",1,"15167694381,0193","1203435,10629837","215378,259588054","9203,70939440804","5,58966466242418",0,0,"-67,1408919856069","-69,4230314341314","74,3385070375878","15152101399,9492","-32,9751502990723","26,0801078328066","-0,0000255","1,78652249760908","405,570627909849","1782178,07484958"
"1783624,07484958",1,"15171164962,6075","1553573,18727038","215430,774058979","9201,85268362698","5,58966466242418",0,0,"-67,2164677392123","-69,4545225554735","74,3766664881927","15155565246,2769","-32,9970699310303","26,0801078328066","-0,0000256","1,78652249760908","405,570627909849","1784178,07484958"
"1785624,07484958",1,"15174637020,945","1866196,67785285","215483,309936619","9199,9956435128","5,58966466242418",0,0,"-67,2918940908085","-69,4860571280501","74,4148230879383","15159030593,8693","-33,0189342498779","26,0801078328066","-0,0000256","1,78652249760908","405,570627909849","1786178,07484958"
"1787624,07484958",1,"15178110550,649","1516062,81591216","215535,867138972","9198,13827726782","5,58966466242418",0,0,"-67,3671724937983","-69,5176347242712","74,4529770322267","15162497437,2797","-33,0407428741455","26,0801078328066","-0,0000256","1,78652249760908","405,570627909849","1788178,07484958"
"1789624,07484958",1,"15181585546,3074","1165926,65056526","215588,445583612","9196,2805880888","5,58966466242418",0,0,"-67,4423022813893","-69,5492559514821","74,4911283396139","15165965771,0733","-33,0624954223633","26,0801078328066","-0,0000257","1,78652249760908","405,570627909849","1790178,07484958"
"1791624,07484958",1,"15185062002,4809","815791,691972108","215641,045187737","9194,42257916687","5,58966466242418",0,0,"-67,5172843230677","-69,580920498481","74,5292764968978","15169435589,812","-33,0841930389404","26,0801078328066","-0,0000257","1,78652249760908","405,570627909849","1792178,07484958"
"1793624,07484958",1,"15188539913,8208","465659,493941772","215693,665869865","9192,56425368761","5,58966466242418",0,0,"-67,5921190665096","-69,6126286942819","74,5674220541076","15172906888,0741","-33,1058364868164","26,0801078328066","-0,0000258","1,78652249760908","405,570627909849","1794178,07484958"
"1795624,07484958",1,"15192019274,8277","115549,933065894","215746,307546327","9190,70561483099","5,58966466242418",0,0,"-67,6668064961467","-69,6443805915558","74,6055643212378","15176379660,4239","-33,1274227142334","26,0801078328066","-0,0000258","1,78652249760908","405,570627909849","1796178,07484958"
"1797624,07484958",1,"15195500080,2025","234635,473385456","215798,970136386","9188,84666577138","5,58966466242418",0,0,"-67,7413474776227","-69,676176357793","74,6437038481503","15179853901,4517","-33,1489540100098","26,0801078328066","-0,0000259","1,78652249760908","405,570627909849","1798178,07484958"
"1799624,07484958",1,"15198982324,4809","584759,324657237","215851,65355691","9186,98740967758","5,58966466242418",0,0,"-67,8157420022892","-69,7080162834631","74,6818401223501","15183329605,7341","-33,1704307556152","26,0801078328066","-0,0000259","1,78652249760908","405,570627909849","1800178,07484958"
"1801624,07484958",1,"15202466002,2792","934890,017393102","215904,357725941","9185,12784971278","5,58966466242418",0,0,"-67,8899904272688","-69,7399007818329","74,7199733390858","15186806767,8601","-33,1918521881104","26,0801078328066","-0,0000259","1,78652249760908","405,570627909849","1802178,07484958"
"1803624,07484958",1,"15205951108,2248","1285021,38147004","215957,082561703","9183,26798903461","5,58966466242418",0,0,"-67,9640934584553","-69,7718297783194","74,7581033401423","15190285382,4218","-33,2132175445557","26,0801078328066","-0,000026","1,78652249760908","405,570627909849","1804178,07484958"
"1805624,07484958",1,"15209437636,9557","1635152,41549116","216009,827982569","9181,40783079507","5,58966466242418",0,0,"-68,0380513078496","-69,803802887554","74,7962301445055","15193765444,0229","-33,2345268249512","26,0801078328066","-0,000026","1,78652249760908","405,570627909849","1806178,07484958"
"1807624,07484958",1,"15212925583,065","1784627,1479014","216062,593906277","9179,54737814061","5,58966466242418",0,0,"-68,1118638825647","-69,8358207938673","74,8343535934074","15197246947,2645","-33,2557823181152","26,0801078328066","-0,0000261","1,78652249760908","405,570627909849","1808178,07484958"
"1809624,07484958",1,"15216414941,1766","1434497,74008582","216115,380251019","9177,68663421208","5,58966466242418",0,0,"-68,1855322217257","-69,8678835913741","74,8724735287974","15200729886,7514","-33,2769817352295","26,0801078328066","-0,0000261","1,78652249760908","405,570627909849","1810178,07484958"
"1811624,07484958",1,"15219905705,9779","1084368,78615996","216168,186935924","9175,82560214472","5,58966466242418",0,0,"-68,2590564234988","-69,8999918140712","74,9105901464389","15204214257,1011","-33,2981254577637","26,0801078328066","-0,0000262","1,78652249760908","405,570627909849","1812178,07484958"
"1813624,07484958",1,"15223397872,0136","734241,254209337","216221,013878054","9173,96428506822","5,58966466242418",0,0,"-68,3324364476502","-69,9321449904148","74,9487031109904","15207700052,9204","-33,319214630127","26,0801078328066","-0,0000262","1,78652249760908","405,570627909849","1814178,07484958"
"1815624,07484958",1,"15226891433,9673","384117,497918915","216273,860996496","9172,10268610665","5,58966466242418",0,0,"-68,4056735508528","-69,9643438475421","74,9868127951399","15211187268,8343","-33,3402484893799","26,0801078328066","-0,0000262","1,78652249760908","405,570627909849","1816178,07484958"
"1817624,07484958",1,"15230386386,484","34093,8648879255","216326,728209779","9170,24080837851","5,58966466242418",0,0,"-68,4787674752827","-69,9965881158801","75,0249186870186","15214675899,4625","-33,3612270355225","26,0801078328066","-0,0000263","1,78652249760908","405,570627909849","1818178,07484958"
"1819624,07484958",1,"15233882724,2255","316160,251727817","216379,615436699","9168,37865499672","5,58966466242418",0,0,"-68,5517187502761","-70,0288783329921","75,0630209826233","15218165939,437","-33,382149887085","26,0801078328066","-0,0000263","1,78652249760908","405,570627909849","1820178,07484958"
"1821624,07484958",1,"15237380441,8367","666280,370618757","216432,522595811","9166,51622906861","5,58966466242418",0,0,"-68,6245274238346","-70,0612140998791","75,1011195234701","15221657383,3927","-33,4030174255371","26,0801078328066","-0,0000264","1,78652249760908","405,570627909849","1822178,07484958"
"1823624,07484958",1,"15240879534,0318","1016404,25390747","216485,449606673","9164,65353369592","5,58966466242418",0,0,"-68,6971944699693","-70,0935958344561","75,1392143286145","15225150225,9734","-33,4238288879395","26,0801078328066","-0,0000264","1,78652249760908","405,570627909849","1824178,07484958"
"1825624,07484958",1,"15244379995,4162","1366528,41333065","216538,396387294","9162,79057197481","5,58966466242418",0,0,"-68,769719875872","-70,1260239410473","75,1773052405958","15228644461,8195","-33,4445858001709","26,0801078328066","-0,0000265","1,78652249760908","405,570627909849","1826178,07484958"
"1827624,07484958",1,"15247881820,68","1716651,9720365","216591,362856906","9160,92734699587","5,58966466242418",0,0,"-68,8421039695429","-70,1584984030684","75,2153922778654","15232140085,581","-33,4652870178223","26,0801078328066","-0,0000265","1,78652249760908","405,570627909849","1828178,07484958"
"1829624,07484958",1,"15251385004,4967","1703135,07346184","216644,348934521","9159,06386184409","5,58966466242418",0,0,"-68,9143475539217","-70,1910193476984","75,2534754594768","15235637091,913","-33,485933303833","26,0801078328066","-0,0000265","1,78652249760908","405,570627909849","1830178,07484958"
"1831624,07484958",1,"15254889541,5119","1353012,84259445","216697,354538736","9157,2001195989","5,58966466242418",0,0,"-68,9864500769547","-70,2235867406493","75,2915546277501","15239135475,4664","-33,5065238952637","26,0801078328066","-0,0000266","1,78652249760908","405,570627909849","1832178,07484958"
"1833624,07484958",1,"15258395426,4684","1002891,43732264","216750,379589579","9155,33612333414","5,58966466242418",0,0,"-69,0584129247299","-70,2562010726679","75,3296298014488","15242635230,9119","-33,5270584106445","26,0801078328066","-0,0000266","1,78652249760908","405,570627909849","1834178,07484958"
"1835624,07484958",1,"15261902654,0392","652771,711759215","216803,424006083","9153,47187611806","5,58966466242418",0,0,"-69,130235619285","-70,2888624001938","75,3677007348046","15246136352,919","-33,5475387573242","26,0801078328066","-0,0000267","1,78652249760908","405,570627909849","1836178,07484958"
"1837624,07484958",1,"15265411218,8967","302657,41880259","216856,487707272","9151,60738101336","5,58966466242418",0,0,"-69,201918958155","-70,3215709398389","75,4057675350937","15249638836,1603","-33,5679630279541","26,0801078328066","-0,0000267","1,78652249760908","405,570627909849","1838178,07484958"
"1839624,07484958",1,"15268921115,7664","47556,9025608334","216909,57061295","9149,74264107715","5,58966466242418",0,0,"-69,2734633765997","-70,3543267262858","75,4438302213838","15253142675,3144","-33,5883319854736","26,0801078328066","-0,0000268","1,78652249760908","405,570627909849","1840178,07484958"
"1841624,07484958",1,"15272432339,3256","397605,187838911","216962,672642221","9147,87765936096","5,58966466242418",0,0,"-69,3448692654419","-70,3871297934772","75,4818884596098","15256647865,0633","-33,6086444854736","26,0801078328066","-0,0000268","1,78652249760908","405,570627909849","1842178,07484958"
"1843624,07484958",1,"15275944884,239","747719,674451554","217015,793714036","9146,01243891076","5,58966466242418",0,0,"-69,4161361388227","-70,4199805420805","75,5199423570286","15260154400,084","-33,6289035797119","26,0801078328066","-0,0000268","1,78652249760908","405,570627909849","1844178,07484958"
"1845624,07484958",1,"15279458745,3559","1097836,32345295","217068,93375002","9144,14698276693","5,58966466242418",0,0,"-69,4872657456523","-70,4528791426232","75,5579921092277","15263662275,078","-33,6491065979004","26,0801078328066","-0,0000269","1,78652249760908","405,570627909849","1846178,07484958"
"1847624,07484958",1,"15282973917,2765","1447952,94316088","217122,092668198","9142,2812939643","5,58966466242418",0,0,"-69,5582575957457","-70,485825722139","75,5960372942097","15267171484,7376","-33,6692535400391","26,0801078328066","-0,0000269","1,78652249760908","405,570627909849","1848178,07484958"
"1849624,07484958",1,"15286490394,7543","1798068,4613633","217175,270388829","9140,41537553213","5,58966466242418",0,0,"-69,6291120339644","-70,5188204991257","75,6340780191801","15270682023,7634","-33,6893466949463","26,0801078328066","-0,000027","1,78652249760908","405,570627909849","1850178,07484958"
"1851624,07484958",1,"15290008172,5097","1621725,89290491","217228,466831689","9138,54923049409","5,58966466242418",0,0,"-69,6998297339344","-70,5518634829588","75,6721142151747","15274193886,8632","-33,7093852996826","26,0801078328066","-0,000027","1,78652249760908","405,570627909849","1852178,07484958"
"1853624,07484958",1,"15293527245,2993","1271611,29995386","217281,681917107","9136,68286186831","5,58966466242418",0,0,"-69,7704109547853","-70,5849550538081","75,7101458129524","15277707068,7463","-33,7293682098389","26,0801078328066","-0,0000271","1,78652249760908","405,570627909849","1854178,07484958"
"1855624,07484958",1,"15297047607,8334","921497,739095691","217334,915564726","9134,81627266733","5,58966466242418",0,0,"-69,8408561643949","-70,6180950630404","75,7481728317646","15281221564,1257","-33,7492946624756","26,0801078328066","-0,0000271","1,78652249760908","405,570627909849","1856178,07484958"
"1857624,07484958",1,"15300569254,8494","571386,238775471","217388,167694621","9132,94946589816","5,58966466242418",0,0,"-69,9111653822639","-70,65128384462","75,7861951145274","15284737367,721","-33,7691665649414","26,0801078328066","-0,0000272","1,78652249760908","405,570627909849","1858178,07484958"
"1859624,07484958",1,"15304092181,1176","221283,441293811","217441,438227328","9131,08244456221","5,58966466242418",0,0,"-69,9813388412885","-70,6845215679133","75,8242126803566","15288254474,2561","-33,7889820098877","26,0801078328066","-0,0000272","1,78652249760908","405,570627909849","1860178,07484958"
"1861624,07484958",1,"15307616381,3784","128876,057474487","217494,727082969","9129,21521165536","5,58966466242418",0,0,"-70,05137754575","-70,7178087949418","75,8622255483455","15291772878,4614","-33,8087440490723","26,0801078328066","-0,0000272","1,78652249760908","405,570627909849","1862178,07484958"
"1863624,07484958",1,"15311141850,4075","478966,315043032","217548,03418218","9127,34777016792","5,58966466242418",0,0,"-70,1212818507193","-70,7511450367741","75,9002334735262","15295292575,0782","-33,8284503936768","26,0801078328066","-0,0000273","1,78652249760908","405,570627909849","1864178,07484958"
"1865624,07484958",1,"15314668582,9109","829074,141852096","217601,359444607","9125,48012308465","5,58966466242418",0,0,"-70,1910511276253","-70,7845309491126","75,9382364750345","15298813558,8337","-33,8481018066406","26,0801078328066","-0,0000273","1,78652249760908","405,570627909849","1866178,07484958"
"1867624,07484958",1,"15318196573,7019","1179183,16026774","217654,702791458","9123,61227338474","5,58966466242418",0,0,"-70,2606867943573","-70,8179663329882","75,9762345721294","15302335824,4762","-33,8676982879639","26,0801078328066","-0,0000274","1,78652249760908","405,570627909849","1868178,07484958"
"1869624,07484958",1,"15321725817,5568","1529291,9748639","217708,064143394","9121,74422404184","5,58966466242418",0,0,"-70,3301884214089","-70,8514514732593","76,0142276958341","15305859366,7565","-33,8872386932373","26,0801078328066","-0,0000274","1,78652249760908","405,570627909849","1870178,07484958"
"1871624,07484958",1,"15325256309,2545","1879385,03336003","217761,443421156","9119,87597802406","5,58966466242418",0,0,"-70,399556990935","-70,8849866413762","76,0522158653901","15309384180,431","-33,9067237854004","26,0801078328066","-0,0000275","1,78652249760908","405,570627909849","1872178,07484958"
"1873624,07484958",1,"15328788043,5097","1540402,67501449","217814,84054454","9118,00753829393","5,58966466242418",0,0,"-70,4687926000598","-70,9185719608011","76,0901988360492","15312910260,252","-33,9261543273926","26,0801078328066","-0,0000275","1,78652249760908","405,570627909849","1874178,07484958"
"1875624,07484958",1,"15332321015,1663","1190296,07119286","217868,255435235","9116,13890780846","5,58966466242418",0,0,"-70,5378953236869","-70,952207604951","76,1281766270921","15316437600,9853","-33,9455299377441","26,0801078328066","-0,0000275","1,78652249760908","405,570627909849","1876178,07484958"
"1877624,07484958",1,"15335855219,0449","840190,650990523","217921,68801458","9114,27008951911","5,58966466242418",0,0,"-70,6068659554812","-70,9858936960622","76,1661492577754","15319966197,4048","-33,9648506164551","26,0801078328066","-0,0000276","1,78652249760908","405,570627909849","1878178,07484958"
"1879624,07484958",1,"15339390649,8311","490087,809635382","217975,138201995","9112,40108637178","5,58966466242418",0,0,"-70,6757050051026","-71,0196307191192","76,2041166593386","15323496044,2762","-33,9841175079346","26,0801078328066","-0,0000276","1,78652249760908","405,570627909849","1880178,07484958"
"1881624,07484958",1,"15342927302,457","140001,741470591","218028,605920469","9110,53190130686","5,58966466242418",0,0,"-70,7444121779152","-71,0534182022045","76,2420786752054","15327027136,384","-34,0033279418945","26,0801078328066","-0,0000277","1,78652249760908","405,570627909849","1882178,07484958"
"1883624,07484958",1,"15346465171,6376","210147,765810864","218082,091089854","9108,66253725916","5,58966466242418",0,0,"-70,8129881912135","-71,087257135535","76,2800354126104","15330559468,5071","-34,0224830627441","26,0801078328066","-0,0000277","1,78652249760908","405,570627909849","1884178,07484958"
"1885624,07484958",1,"15350004252,1691","560240,388208342","218135,593631188","9106,792997158","5,58966466242418",0,0,"-70,8814334633529","-71,1211469868915","76,317986715014","15334093035,4329","-34,0415836334229","26,0801078328066","-0,0000278","1,78652249760908","405,570627909849","1886178,07484958"
"1887624,07484958",1,"15353544538,9462","910340,859308374","218189,11346694","9104,92328392713","5,58966466242418",0,0,"-70,949747780437","-71,155088412648","76,3559326016667","15337627831,9573","-34,0606288909912","26,0801078328066","-0,0000278","1,78652249760908","405,570627909849","1888178,07484958"
"1889624,07484958",1,"15357086026,7109","1260441,98331497","218242,650517386","9103,05340048478","5,58966466242418",0,0,"-71,0179321502149","-71,1890814761678","76,3938730038738","15341163852,8727","-34,0796184539795","26,0801078328066","-0,0000279","1,78652249760908","405,570627909849","1890178,07484958"
"1891624,07484958",1,"15360628710,3426","1610542,64530965","218296,204704788","9101,18334974365","5,58966466242418",0,0,"-71,0859864177568","-71,2231262484416","76,4318076775688","15344701092,9815","-34,0985542297363","26,0801078328066","-0,0000279","1,78652249760908","405,570627909849","1892178,07484958"
"1893624,07484958",1,"15364172584,647","1809266,72003243","218349,775950364","9099,31313461091","5,58966466242418",0,0,"-71,1539114355016","-71,2572227923519","76,4697368176854","15348239547,0953","-34,1174346923828","26,0801078328066","-0,0000279","1,78652249760908","405,570627909849","1894178,07484958"
"1895624,07484958",1,"15367717644,4874","1459168,26072738","218403,364176163","9097,44275798822","5,58966466242418",0,0,"-71,2217072954423","-71,291371712117","76,5076603556947","15351779210,0274","-34,1362598419189","26,0801078328066","-0,000028","1,78652249760908","405,570627909849","1896178,07484958"
"1897624,07484958",1,"15371263884,6473","1109069,89617293","218456,969303099","9095,57222277168","5,58966466242418",0,0,"-71,2893743747231","-71,3255729117685","76,5455781353604","15355320076,5876","-34,1550304412842","26,0801078328066","-0,000028","1,78652249760908","405,570627909849","1898178,07484958"
"1899624,07484958",1,"15374811300,0367","758972,917919633","218510,591253922","9093,70153185192","5,58966466242418",0,0,"-71,3569129277117","-71,3598261364581","76,5834901759261","15358862141,6082","-34,1737449645996","26,0801078328066","-0,0000281","1,78652249760908","405,570627909849","1900178,07484958"
"1901624,07484958",1,"15378359885,4005","408879,318333555","218564,229948992","9091,83068811401","5,58966466242418",0,0,"-71,4243233760005","-71,3941325855974","76,6213964967494","15362405399,9025","-34,1924057006836","26,0801078328066","-0,0000281","1,78652249760908","405,570627909849","1902178,07484958"
"1903624,07484958",1,"15381909635,7073","58836,6093927008","218617,885311932","9089,95969443752","5,58966466242418",0,0,"-71,4916060834431","-71,4284917280145","76,659297029341","15365949846,3095","-34,211009979248","26,0801078328066","-0,0000282","1,78652249760908","405,570627909849","1904178,07484958"
"1905624,07484958",1,"15385460545,7791","291336,012941994","218671,557264231","9088,08855369651","5,58966466242418",0,0,"-71,5587611465452","-71,4629037400796","76,6971916176958","15369495475,6705","-34,2295600891113","26,0801078328066","-0,0000282","1,78652249760908","405,570627909849","1906178,07484958"
"1907624,07484958",1,"15389012610,4445","641424,550842002","218725,245727499","9086,21726875952","5,58966466242418",0,0,"-71,6257893535276","-71,4973689566643","76,7350802810403","15373042282,8203","-34,2480556488037","26,0801078328066","-0,0000282","1,78652249760908","405,570627909849","1908178,07484958"
"1909624,07484958",1,"15392565824,6493","991517,241122814","218778,950625052","9084,34584248961","5,58966466242418",0,0,"-71,6926911286591","-71,5318873907751","76,7729629509338","15376590262,6142","-34,2664966583252","26,0801078328066","-0,0000283","1,78652249760908","405,570627909849","1910178,07484958"
"1911624,07484958",1,"15396120183,183","1341610,14593636","218832,671877955","9082,47427774429","5,58966466242418",0,0,"-71,7594665555391","-71,566459700931","76,8108397346195","15380139409,8982","-34,2848823547363","26,0801078328066","-0,0000283","1,78652249760908","405,570627909849","1912178,07484958"
"1913624,07484958",1,"15399675680,975","1691702,38697826","218886,409409284","9080,6025773756","5,58966466242418",0,0,"-71,826115405099","-71,6010855238511","76,8487103882644","15383689719,531","-34,3032127380371","26,0801078328066","-0,0000284","1,78652249760908","405,570627909849","1914178,07484958"
"1915624,07484958",1,"15403232312,8759","1728115,77683832","218940,163141015","9078,73074423007","5,58966466242418",0,0,"-71,8926390009884","-71,6357650359996","76,8865748436092","15387241186,3699","-34,321488571167","26,0801078328066","-0,0000284","1,78652249760908","405,570627909849","1916178,07484958"
"1917624,07484958",1,"15406790073,8056","1378025,1734912","218993,932996109","9076,85878114874","5,58966466242418",0,0,"-71,9590371082688","-71,6704988403037","76,9244332077234","15390793805,2857","-34,3397087097168","26,0801078328066","-0,0000285","1,78652249760908","405,570627909849","1918178,07484958"
"1919624,07484958",1,"15410348958,6214","1027935,27957838","219047,71889664","9074,98669096715","5,58966466242418",0,0,"-72,0253100285792","-71,7052870606047","76,962285237035","15394347571,1442","-34,3578746795654","26,0801078328066","-0,0000285","1,78652249760908","405,570627909849","1920178,07484958"
"1921624,07484958",1,"15413908962,2713","677847,044262775","219101,520766014","9073,11447651534","5,58966466242418",0,0,"-72,0914585549199","-71,7401297622366","77,0001310384543","15397902478,8312","-34,3759845733643","26,0801078328066","-0,0000286","1,78652249760908","405,570627909849","1922178,07484958"
"1923624,07484958",1,"15417470079,6223","327763,488599716","219155,33852646","9071,24214061789","5,58966466242418",0,0,"-72,1574824433862","-71,7750271199766","77,0379705437259","15401458523,2227","-34,3940422058106","26,0801078328066","-0,0000286","1,78652249760908","405,570627909849","1924178,07484958"
"1925624,07484958",1,"15421032305,5863","22501,1041991389","219209,172100869","9069,36968609385","5,58966466242418",0,0,"-72,2233825878122","-71,809979091864","77,0758036848743","15405015699,2035","-34,4120433807373","26,0801078328066","-0,0000286","1,78652249760908","405,570627909849","1926178,07484958"
"1927624,07484958",1,"15424595635,0873","372434,106268734","219263,021412326","9067,49711575683","5,58966466242418",0,0,"-72,2891589687883","-71,8449862896711","77,1136303935378","15408574001,6677","-34,4299900054932","26,0801078328066","-0,0000287","1,78652249760908","405,570627909849","1928178,07484958"
"1929624,07484958",1,"15428160063,0072","722516,314612841","219316,886383296","9065,62443241494","5,58966466242418",0,0,"-72,3548115609493","-71,880048507303","77,1514506015014","15412133425,5035","-34,4478816986084","26,0801078328066","-0,0000287","1,78652249760908","405,570627909849","1930178,07484958"
"1931624,07484958",1,"15431725584,3372","1072600,84154441","219370,76693784","9063,75163887082","5,58966466242418",0,0,"-72,42034134445","-71,9151660330633","77,1892643281934","15415693965,619","-34,4657176971436","26,0801078328066","-0,0000288","1,78652249760908","405,570627909849","1932178,07484958"
"1933624,07484958",1,"15435292193,991","1422685,3016838","219424,662998929","9061,87873792164","5,58966466242418",0,0,"-72,4857485756912","-71,9503395236932","77,2270715055305","15419255616,9206","-34,4834991455078","26,0801078328066","-0,0000288","1,78652249760908","405,570627909849","1934178,07484958"
"1935624,07484958",1,"15438859886,8507","1772768,62110217","219478,57448906","9060,00573235907","5,58966466242418",0,0,"-72,5510333347478","-71,9855688856164","77,2648721529131","15422818374,318","-34,5012268066406","26,0801078328066","-0,0000289","1,78652249760908","405,570627909849","1936178,07484958"
"1937624,07484958",1,"15442428657,9133","1647057,86383938","219532,501332409","9058,13262496936","5,58966466242418",0,0,"-72,6161960759897","-72,0208541876353","77,3026662021254","15426382232,7288","-34,5188999176025","26,0801078328066","-0,0000289","1,78652249760908","405,570627909849","1938178,07484958"
"1939624,07484958",1,"15445998502,1076","1296975,71794698","219586,443452177","9056,25941853326","5,58966466242418",0,0,"-72,6812373128341","-72,0561953868779","77,3404535852245","15429947187,0774","-34,5365169525146","26,0801078328066","-0,000029","1,78652249760908","405,570627909849","1940178,07484958"
"1941624,07484958",1,"15449569414,3794","946894,555214293","219640,40077182","9054,38611582608","5,58966466242418",0,0,"-72,7461567841796","-72,0915929367783","77,3782342338893","15433513232,2882","-34,5540813446045","26,0801078328066","-0,000029","1,78652249760908","405,570627909849","1942178,07484958"
"1943624,07484958",1,"15453141389,6591","596815,354305359","219694,37321457","9052,51271961765","5,58966466242418",0,0,"-72,8109554863494","-72,1270468504406","77,4160079926494","15437080363,2919","-34,5715896606445","26,0801078328066","-0,000029","1,78652249760908","405,570627909849","1944178,07484958"
"1945624,07484958",1,"15456714422,9433","246743,330158169","219748,360704646","9050,63923267238","5,58966466242418",0,0,"-72,8756333433736","-72,1625582203696","77,4537750559757","15440648575,0276","-34,5890430450439","26,0801078328066","-0,0000291","1,78652249760908","405,570627909849","1946178,07484958"
"1947624,07484958",1,"15460288509,1456","103386,739094346","219802,363165051","9048,76565774919","5,58966466242418",0,0,"-72,9401909020447","-72,1981263535576","77,491535268265","15444217862,4335","-34,6064414978027","26,0801078328066","-0,0000291","1,78652249760908","405,570627909849","1948178,07484958"
"1949624,07484958",1,"15463863643,2973","453438,579997781","219856,380520516","9046,89199760158","5,58966466242418",0,0,"-73,004628608762","-72,2337517040713","77,5292886488592","15447788220,4625","-34,6237865447998","26,0801078328066","-0,0000292","1,78652249760908","405,570627909849","1950178,07484958"
"1951624,07484958",1,"15467439820,3127","803513,387696295","219910,412694088","9045,01825497759","5,58966466242418",0,0,"-73,0689465023339","-72,2694343915527","77,5670350423318","15451359644,06","-34,6410774230957","26,0801078328066","-0,0000292","1,78652249760908","405,570627909849","1952178,07484958"
"1953624,07484958",1,"15471017035,2023","1153589,46053965","219964,459610201","9043,14443261984","5,58966466242418",0,0,"-73,1331452326251","-72,3051747093639","77,6047744681482","15454932128,1812","-34,6583137512207","26,0801078328066","-0,0000293","1,78652249760908","405,570627909849","1954178,07484958"
"1955624,07484958",1,"15474595282,9631","1503665,23585709","220018,521193115","9041,27053326548","5,58966466242418",0,0,"-73,1972247157642","-72,3409726115451","77,6425069456195","15458505667,7924","-34,6754947662354","26,0801078328066","-0,0000293","1,78652249760908","405,570627909849","1956178,07484958"
"1957624,07484958",1,"15478174558,5034","1853737,23645382","220072,597365812","9039,39655964626","5,58966466242418",0,0,"-73,2611853921282","-72,3768285396238","77,6802322320292","15462080257,8514","-34,6926223754883","26,0801078328066","-0,0000294","1,78652249760908","405,570627909849","1958178,07484958"
"1959624,07484958",1,"15481754856,9374","1566095,43481606","220126,688054261","9037,52251448848","5,58966466242418",0,0,"-73,3250277984206","-72,4127426880888","77,717950521603","15465655893,3344","-34,7096950531006","26,0801078328066","-0,0000294","1,78652249760908","405,570627909849","1960178,07484958"
"1961624,07484958",1,"15485336173,1917","1216022,05709934","220180,793181729","9035,64840051301","5,58966466242418",0,0,"-73,3887519844063","-72,4487152179918","77,7556615715433","15469232569,2156","-34,7267127990723","26,0801078328066","-0,0000294","1,78652249760908","405,570627909849","1962178,07484958"
"1963624,07484958",1,"15488918502,2878","865949,825088342","220234,912672858","9033,77422043531","5,58966466242418",0,0,"-73,4523582227657","-72,4847463655161","77,7933654886985","15472810280,4785","-34,7436763763428","26,0801078328066","-0,0000295","1,78652249760908","405,570627909849","1964178,07484958"
"1965624,07484958",1,"15492501839,2729","515880,005603588","220289,046452673","9031,89997696541","5,58966466242418",0,0,"-73,5158470508464","-72,5208362040683","77,8310622050336","15476389022,1114","-34,7605865478516","26,0801078328066","-0,0000295","1,78652249760908","405,570627909849","1966178,07484958"
"1967624,07484958",1,"15496086179,1329","165822,907843536","220343,194445331","9030,02567280792","5,58966466242418",0,0,"-73,5792188984989","-72,5569847470993","77,868751565375","15479968789,1102","-34,7774410247803","26,0801078328066","-0,0000296","1,78652249760908","405,570627909849","1968178,07484958"
"1969624,07484958",1,"15499671516,8671","184289,569448808","220397,356575173","9028,15131066207","5,58966466242418",0,0,"-73,6424738198353","-72,5931927244669","77,9064335889916","15483549576,4671","-34,7942401885986","26,0801078328066","-0,0000296","1,78652249760908","405,570627909849","1970178,07484958"
"1971624,07484958",1,"15503257847,5314","534346,995970804","220451,532767386","9026,27689322163","5,58966466242418",0,0,"-73,7056124367739","-72,6294601899925","77,9441082081228","15487131379,189","-34,8109851837158","26,0801078328066","-0,0000297","1,78652249760908","405,570627909849","1972178,07484958"
"1973624,07484958",1,"15506845166,1226","884413,732904537","220505,722946297","9024,40242317501","5,58966466242418",0,0,"-73,7686349232837","-72,6657868329702","77,9817755293651","15490714192,281","-34,8276760101318","26,0801078328066","-0,0000297","1,78652249760908","405,570627909849","1974178,07484958"
"1975624,07484958",1,"15510433467,6943","1234481,12503195","220559,927037063","9022,52790320519","5,58966466242418",0,0,"-73,8315413585546","-72,7021736049512","78,0194353102325","15494298010,7542","-34,8443126678467","26,0801078328066","-0,0000298","1,78652249760908","405,570627909849","1976178,07484958"
"1977624,07484958",1,"15514022747,3217","1584548,0031251","220614,144965176","9020,65333598977","5,58966466242418",0,0,"-73,8943325912381","-72,7386201918235","78,0570876575337","15497882829,636","-34,8608943939209","26,0801078328066","-0,0000298","1,78652249760908","405,570627909849","1978178,07484958"
"1979624,07484958",1,"15517612999,9961","1835293,92608621","220668,376654918","9018,77872420094","5,58966466242418",0,0,"-73,9570081800059","-72,7751270405904","78,0947324160471","15501468643,9419","-34,8774238586426","26,0801078328066","-0,0000298","1,78652249760908","405,570627909849","1980178,07484958"
"1981624,07484958",1,"15521204220,7782","1485230,46737662","220722,622031569","9016,90407050552","5,58966466242418",0,0,"-74,0195690039265","-72,8116940614318","78,1323696052138","15505055448,7005","-34,8938972473145","26,0801078328066","-0,0000299","1,78652249760908","405,570627909849","1982178,07484958"
"1983624,07484958",1,"15524796404,7439","1135166,04363116","220776,881020662","9015,02937756492","5,58966466242418",0,0,"-74,082015463726","-72,8483220862491","78,1699991571494","15508643238,9461","-34,9103164672852","26,0801078328066","-0,0000299","1,78652249760908","405,570627909849","1984178,07484958"
"1985624,07484958",1,"15528389546,9136","785102,963449989","220831,153546917","9013,1546480352","5,58966466242418",0,0,"-74,1443478003484","-72,8850105402261","78,2076210039769","15512232009,7102","-34,9266819000244","26,0801078328066","-0,00003","1,78652249760908","405,570627909849","1986178,07484958"
"1987624,07484958",1,"15531983642,3859","435042,937232396","220885,439536198","9011,279884567","5,58966466242418",0,0,"-74,2065661026884","-72,9217601897336","78,2452352523715","15515821756,0355","-34,9429931640625","26,0801078328066","-0,00003","1,78652249760908","405,570627909849","1988178,07484958"
"1989624,07484958",1,"15535578686,2332","85013,8586950367","220939,738914","9009,40508980563","5,58966466242418",0,0,"-74,2686708961602","-72,9585709898578","78,2828417471624","15519412472,9721","-34,9592502593994","26,0801078328066","-0,0000301","1,78652249760908","405,570627909849","1990178,07484958"
"1991624,07484958",1,"15539174673,525","265103,738770228","220994,051605785","9007,530266391","5,58966466242418",0,0,"-74,3306621548465","-72,9954431431644","78,320440507837","15523004155,5715","-34,9754524230957","26,0801078328066","-0,0000301","1,78652249760908","405,570627909849","1992178,07484958"
"1993624,07484958",1,"15542771599,3282","615157,305295331","221048,377536986","9005,65541695766","5,58966466242418",0,0,"-74,3925402855232","-73,0323773534717","78,3580313792624","15526596798,892","-34,9916015625","26,0801078328066","-0,0000302","1,78652249760908","405,570627909849","1994178,07484958"
"1995624,07484958",1,"15546369458,7636","965215,571788501","221102,71663383","9003,78054413481","5,58966466242418",0,0,"-74,4543058935959","-73,0693730492297","78,3956143809147","15530190397,9989","-35,0076953887939","26,0801078328066","-0,0000302","1,78652249760908","405,570627909849","1996178,07484958"
"1997624,07484958",1,"15549968246,8872","1315274,06511114","221157,068821603","9001,90565054628","5,58966466242418",0,0,"-74,5159588805829","-73,1064309608555","78,4331894450274","15533784947,9555","-35,023734664917","26,0801078328066","-0,0000302","1,78652249760908","405,570627909849","1998178,07484958"
"1999624,07484958",1,"15553567958,8053","1665331,81645194","221211,434026333","9000,03073881054","5,58966466242418",0,0,"-74,5774998342676","-73,14355136925","78,4707566780065","15537380443,8364","-35,0397201538086","26,0801078328066","-0,0000303","1,78652249760908","405,570627909849","2000178,07484958"
"2001624,07484958",1,"15557168589,6823","1754520,43172537","221265,8121749","8998,15581154074","5,58966466242418",0,0,"-74,638929242867","-73,1807341889553","78,5083159249788","15540976880,7268","-35,0556526184082","26,0801078328066","-0,0000303","1,78652249760908","405,570627909849","2002178,07484958"
"2003624,07484958",1,"15560770134,5404","1404464,6614559","221320,203192135","8996,28087134464","5,58966466242418",0,0,"-74,7002471802504","-73,2179795348418","78,5458672052317","15544574253,7065","-35,0715301513672","26,0801078328066","-0,0000304","1,78652249760908","405,570627909849","2004178,07484958"
"2005624,07484958",1,"15564372588,528","1054409,37456274","221374,607004694","8994,4059208247","5,58966466242418",0,0,"-74,7614539886193","-73,255288174334","78,5834104509749","15548172557,8679","-35,0873519897461","26,0801078328066","-0,0000304","1,78652249760908","405,570627909849","2006178,07484958"
"2007624,07484958",1,"15567975946,7657","704355,674536347","221429,023538848","8992,53096257802","5,58966466242418",0,0,"-74,8225498069104","-73,2926598275168","78,6209455073851","15551771788,3059","-35,1031215667725","26,0801078328066","-0,0000305","1,78652249760908","405,570627909849","2008178,07484958"
"2009624,07484958",1,"15571580204,3592","354306,034244685","221483,452720671","8990,65599919638","5,58966466242418",0,0,"-74,8835349759119","-73,3300946755486","78,6584724807579","15555371940,1185","-35,1188377380371","26,0801078328066","-0,0000305","1,78652249760908","405,570627909849","2010178,07484958"
"2011624,07484958",1,"15575185356,4408","5006,38429198947","221537,894476602","8988,78103326622","5,58966466242418",0,0,"-74,9444102250425","-73,3675930930951","78,6959912163941","15558973008,4101","-35,1345001220703","26,0801078328066","-0,0000306","1,78652249760908","405,570627909849","2012178,07484958"
"2013624,07484958",1,"15578791398,1615","345820,869706755","221592,348733391","8986,90606736867","5,58966466242418",0,0,"-75,0051754845474","-73,4051552932699","78,7335017335267","15562574988,2934","-35,1501071929932","26,0801078328066","-0,0000306","1,78652249760908","405,570627909849","2014178,07484958"
"2015624,07484958",1,"15582398324,6312","695867,817777062","221646,815417182","8985,03110407951","5,58966466242418",0,0,"-75,0658309762287","-73,4427818159414","78,7710040514729","15566177874,8801","-35,165661239624","26,0801078328066","-0,0000306","1,78652249760908","405,570627909849","2016178,07484958"
"2017624,07484958",1,"15586006131,0556","1045917,32278807","221701,294455515","8983,15614596925","5,58966466242418",0,0,"-75,1263771837537","-73,4804724157851","78,8084981025379","15569781663,297","-35,1811614990234","26,0801078328066","-0,0000307","1,78652249760908","405,570627909849","2018178,07484958"
"2019624,07484958",1,"15589614812,5243","1395966,73191746","221755,785774263","8981,28119560305","5,58966466242418",0,0,"-75,1868146039465","-73,518227533492","78,8459837318343","15573386348,6689","-35,1966060638428","26,0801078328066","-0,0000307","1,78652249760908","405,570627909849","2020178,07484958"
"2021624,07484958",1,"15593224364,1639","1746015,00081587","221810,289299847","8979,40625554078","5,58966466242418",0,0,"-75,2471433037829","-73,5560474152524","78,8834610457295","15576991926,117","-35,2119972229004","26,0801078328066","-0,0000308","1,78652249760908","405,570627909849","2022178,07484958"
"2023624,07484958",1,"15596834781,2042","1673846,38880915","221864,80496018","8977,53132833701","5,58966466242418",0,0,"-75,3073636126238","-73,5939322127662","78,9209298894564","15580598390,7834","-35,227335357666","26,0801078328066","-0,0000308","1,78652249760908","405,570627909849","2024178,07484958"
"2025624,07484958",1,"15600446058,754","1323799,5387424","221919,332681439","8975,65641654101","5,58966466242418",0,0,"-75,3674755958857","-73,6318817776471","78,9583902822722","15584205737,806","-35,2426216125488","26,0801078328066","-0,0000309","1,78652249760908","405,570627909849","2026178,07484958"
"2027624,07484958",1,"15604058192,0013","973753,561493723","221973,87239095","8973,78152269676","5,58966466242418",0,0,"-75,4274800659284","-73,6698969753921","78,995842243515","15587813962,3296","-35,2578525543213","26,0801078328066","-0,0000309","1,78652249760908","405,570627909849","2028178,07484958"
"2029624,07484958",1,"15607671176,1457","623709,397997444","222028,424016219","8971,90664934293","5,58966466242418",0,0,"-75,4873770909982","-73,707977917883","79,0332857052443","15591423059,5082","-35,2730289459229","26,0801078328066","-0,000031","1,78652249760908","405,570627909849","2030178,07484958"
"2031624,07484958",1,"15611285006,3415","273671,227736107","222082,987484109","8970,03179901294","5,58966466242418",0,0,"-75,5471665768314","-73,7461244723463","79,0707205999643","15595033024,4983","-35,2881523132324","26,0801078328066","-0,000031","1,78652249760908","405,570627909849","2032178,07484958"
"2033624,07484958",1,"15614899677,7801","76431,8094266311","222137,562722025","8968,15697423491","5,58966466242418",0,0,"-75,6068491678452","-73,7843369673562","79,1081469467459","15598643852,4602","-35,3032215118408","26,0801078328066","-0,0000311","1,78652249760908","405,570627909849","2034178,07484958"
"2035624,07484958",1,"15618515185,6659","426437,952024104","222192,149657554","8966,28217753168","5,58966466242418",0,0,"-75,6664252687402","-73,8226156268107","79,1455645909719","15602255538,5637","-35,3182369232178","26,0801078328066","-0,0000311","1,78652249760908","405,570627909849","2036178,07484958"
"2037624,07484958",1,"15622131525,1298","776477,055985625","222246,748217259","8964,40741142084","5,58966466242418",0,0,"-75,7258953570138","-73,8609609600684","79,1829736387887","15605868077,9711","-35,3332000732422","26,0801078328066","-0,0000311","1,78652249760908","405,570627909849","2038178,07484958"
"2039624,07484958",1,"15625748691,4337","1126517,56338654","222301,358329578","8962,5326784147","5,58966466242418",0,0,"-75,7852593307096","-73,8993731469539","79,2203740224456","15609481465,862","-35,3481090545654","26,0801078328066","-0,0000312","1,78652249760908","405,570627909849","2040178,07484958"
"2041624,07484958",1,"15629366679,779","1476557,73684509","222355,979922093","8960,65798102031","5,58966466242418",0,0,"-75,844517338417","-73,9378521113586","79,2577655873421","15613095697,4235","-35,3629634857178","26,0801078328066","-0,0000312","1,78652249760908","405,570627909849","2042178,07484958"
"2043624,07484958",1,"15632985485,3312","1826595,3639656","222410,612921877","8958,78332173946","5,58966466242418",0,0,"-75,9036699393847","-73,9763981309933","79,2951484395437","15616710767,8362","-35,3777637481689","26,0801078328066","-0,0000313","1,78652249760908","405,570627909849","2044178,07484958"
"2045624,07484958",1,"15636605103,3735","1593274,00897957","222465,257257712","8956,90870306871","5,58966466242418",0,0,"-75,9627176958245","-74,0150118772876","79,3325225112839","15620326672,2982","-35,3925098419189","26,0801078328066","-0,0000313","1,78652249760908","405,570627909849","2046178,07484958"
"2047624,07484958",1,"15640225529,0916","1243236,37317803","222519,912856982","8955,03412749936","5,58966466242418",0,0,"-76,0216604236917","-74,053693272997","79,3698877349048","15623943406,0072","-35,407202911377","26,0801078328066","-0,0000314","1,78652249760908","405,570627909849","2048178,07484958"
"2049624,07484958",1,"15643846757,6808","893199,856993279","222574,579647207","8953,15959751745","5,58966466242418",0,0,"-76,080498596957","-74,092442497675","79,4072439557262","15627560964,1607","-35,4218414306641","26,0801078328066","-0,0000314","1,78652249760908","405,570627909849","2050178,07484958"
"2051624,07484958",1,"15647468784,4324","543165,513590968","222629,257557315","8951,28511560381","5,58966466242418",0,0,"-76,1392325271785","-74,1312600690866","79,4445913667244","15631179341,9698","-35,4364265441895","26,0801078328066","-0,0000315","1,78652249760908","405,570627909849","2052178,07484958"
"2053624,07484958",1,"15651091604,541","193141,012794434","222683,946514827","8949,41068423403","5,58966466242418",0,0,"-76,1978626043921","-74,1701460675836","79,4819297264114","15634798534,6459","-35,4509582519531","26,0801078328066","-0,0000315","1,78652249760908","405,570627909849","2054178,07484958"
"2055624,07484958",1,"15654715213,2697","156934,067529526","222738,646448299","8947,53630587846","5,58966466242418",0,0,"-76,256389059591","-74,2091007725688","79,5192591407951","15638418537,4063","-35,4654373168945","26,0801078328066","-0,0000315","1,78652249760908","405,570627909849","2056178,07484958"
"2057624,07484958",1,"15658339605,8704","506953,159191222","222793,357286089","8945,66198300225","5,58966466242418",0,0,"-76,3148117806459","-74,2481241097069","79,5565794553047","15642039345,4803","-35,4798614501953","26,0801078328066","-0,0000316","1,78652249760908","405,570627909849","2058178,07484958"
"2059624,07484958",1,"15661964777,563","856983,801926636","222848,078956131","8943,78771806531","5,58966466242418",0,0,"-76,3731314108381","-74,2872160762656","79,5938906890229","15645660954,0933","-35,4942337036133","26,0801078328066","-0,0000316","1,78652249760908","405,570627909849","2060178,07484958"
"2061624,07484958",1,"15665590723,628","1207015,13408893","222902,811387233","8941,91351352236","5,58966466242418",0,0,"-76,4313484218236","-74,3263774599494","79,631192947854","15649283358,4782","-35,5085525512695","26,0801078328066","-0,0000317","1,78652249760908","405,570627909849","2062178,07484958"
"2063624,07484958",1,"15669217439,3561","1557045,94930337","222957,554508356","8940,03937182289","5,58966466242418",0,0,"-76,4894627088686","-74,3656085162488","79,6684859904792","15652906553,8807","-35,5228183746338","26,0801078328066","-0,0000317","1,78652249760908","405,570627909849","2064178,07484958"
"2065624,07484958",1,"15672844919,9876","1862827,60476359","223012,308247748","8938,16529541121","5,58966466242418",0,0,"-76,5474747370197","-74,4049095898632","79,7057698359297","15656530535,5421","-35,5370304107666","26,0801078328066","-0,0000318","1,78652249760908","405,570627909849","2066178,07484958"
"2067624,07484958",1,"15676473160,8153","1512804,5571077","223067,072534416","8936,29128672641","5,58966466242418",0,0,"-76,6053848083001","-74,4442803526787","79,743044503308","15660155298,7144","-35,5511898040771","26,0801078328066","-0,0000318","1,78652249760908","405,570627909849","2068178,07484958"
"2069624,07484958",1,"15680102157,0959","1162776,33143341","223121,847296865","8934,4173482024","5,58966466242418",0,0,"-76,6631933173317","-74,4837216437838","79,780310011583","15663780838,6559","-35,5652950286865","26,0801078328066","-0,0000319","1,78652249760908","405,570627909849","2070178,07484958"
"2071624,07484958",1,"15683731904,1052","812749,356994312","223176,632463869","8932,54348226791","5,58966466242418",0,0,"-76,7209005683433","-74,5232332500392","79,8175662062962","15667407150,6232","-35,5793476104736","26,0801078328066","-0,0000319","1,78652249760908","405,570627909849","2072178,07484958"
"2073624,07484958",1,"15687362397,1465","462725,118115923","223231,427964623","8930,66969134646","5,58966466242418",0,0,"-76,7785065332785","-74,562815421239","79,8548131064964","15671034229,8838","-35,5933464050293","26,0801078328066","-0,000032","1,78652249760908","405,570627909849","2074178,07484958"
"2075624,07484958",1,"15690993631,503","112721,4534662","223286,233728027","8928,79597785642","5,58966466242418",0,0,"-76,8360117549757","-74,6024685829483","79,892050644421","15674662071,7071","-35,6072917938232","26,0801078328066","-0,000032","1,78652249760908","405,570627909849","2076178,07484958"
"2077624,07484958",1,"15694625602,4675","237348,974656506","223341,049683129","8926,92234421099","5,58966466242418",0,0,"-76,8934165506102","-74,6421930992223","79,9292789257446","15678290671,3668","-35,6211841583252","26,0801078328066","-0,000032","1,78652249760908","405,570627909849","2078178,07484958"
"2079624,07484958",1,"15698258305,3832","587365,259179381","223395,875759731","8925,04879281817","5,58966466242418",0,0,"-76,9507211217041","-74,6819895601926","79,9664977093449","15681920024,1488","-35,6350234985352","26,0801078328066","-0,0000321","1,78652249760908","405,570627909849","2080178,07484958"
"2081624,07484958",1,"15701891735,5265","937387,051049753","223450,711886656","8923,17532608083","5,58966466242418",0,0,"-77,0079256915968","-74,7218575608227","80,0037070141048","15685550125,3387","-35,6488105773926","26,0801078328066","-0,0000321","1,78652249760908","405,570627909849","2082178,07484958"
"2083624,07484958",1,"15705525888,2329","1287409,07818971","223505,557993601","8921,30194639668","5,58966466242418",0,0,"-77,0650308121167","-74,7617976928975","80,0409069457141","15689180970,2264","-35,6625434875488","26,0801078328066","-0,0000322","1,78652249760908","405,570627909849","2084178,07484958"
"2085624,07484958",1,"15709160758,7785","1637430,34058137","223560,414009406","8919,42865615826","5,58966466242418",0,0,"-77,122036287584","-74,8018094020681","80,0780973497142","15692812554,1055","-35,6762222290039","26,0801078328066","-0,0000322","1,78652249760908","405,570627909849","2086178,07484958"
"2087624,07484958",1,"15712796342,5238","1782457,77270691","223615,279864143","8917,55545775299","5,58966466242418",0,0,"-77,1789426758657","-74,8418943597638","80,1152781583924","15696444872,2763","-35,6898490905762","26,0801078328066","-0,0000323","1,78652249760908","405,570627909849","2088178,07484958"
"2089624,07484958",1,"15716432634,8136","1432438,98811058","223670,155487667","8915,68235356311","5,58966466242418",0,0,"-77,2357500019866","-74,8820515819655","80,1524493905463","15700077920,0481","-35,7034236907959","26,0801078328066","-0,0000323","1,78652249760908","405,570627909849","2090178,07484958"
"2091624,07484958",1,"15720069630,9452","1082420,27038765","223725,040809154","8913,80934596577","5,58966466242418",0,0,"-77,2924586558973","-74,9222815976389","80,1896109785365","15703711692,7321","-35,7169448852539","26,0801078328066","-0,0000324","1,78652249760908","405,570627909849","2092178,07484958"
"2093624,07484958",1,"15723707326,3083","732403,019220931","223779,935759121","8911,93643733296","5,58966466242418",0,0,"-77,3490691951192","-74,9625852347136","80,2267630278058","15707346185,6482","-35,7304134368896","26,0801078328066","-0,0000324","1,78652249760908","405,570627909849","2094178,07484958"
"2095624,07484958",1,"15727345716,209","382389,300970439","223834,840266882","8910,06363003155","5,58966466242418",0,0,"-77,4055816538949","-75,0029621099519","80,2639053839909","15710981394,1188","-35,7438289642334","26,0801078328066","-0,0000324","1,78652249760908","405,570627909849","2096178,07484958"
"2097624,07484958",1,"15730984796,0278","32467,5984173996","223889,754262846","8908,19092642329","5,58966466242418",0,0,"-77,4619962493295","-75,0434129770905","80,3010378926577","15714617313,4749","-35,7571907043457","26,0801078328066","-0,0000325","1,78652249760908","405,570627909849","2098178,07484958"
"2099624,07484958",1,"15734624561,0818","317663,490360559","223944,677676496","8906,31832886483","5,58966466242418",0,0,"-77,5183135324481","-75,0839374519357","80,3381608325017","15718253939,0447","-35,7704990386963","26,0801078328066","-0,0000325","1,78652249760908","405,570627909849","2100178,07484958"
"2101624,07484958",1,"15738265006,7775","667673,263414322","223999,610438631","8904,44583970769","5,58966466242418",0,0,"-77,5745334553624","-75,1245364535352","80,3752739624908","15721891266,1698","-35,7837539672852","26,0801078328066","-0,0000326","1,78652249760908","405,570627909849","2102178,07484958"
"2103624,07484958",1,"15741906128,4646","1017685,94115337","224054,552479232","8902,5734612983","5,58966466242418",0,0,"-77,6306563262752","-75,1652096759248","80,4123772148312","15725529290,193","-35,7969573974609","26,0801078328066","-0,0000326","1,78652249760908","405,570627909849","2104178,07484958"
"2105624,07484958",1,"15745547921,5367","1367698,53127465","224109,50372892","8900,70119597799","5,58966466242418",0,0,"-77,6866827715946","-75,2059579504546","80,4494706948906","15729168006,4688","-35,8101085662842","26,0801078328066","-0,0000327","1,78652249760908","405,570627909849","2106178,07484958"
"2107624,07484958",1,"15749190381,3275","1717710,01889888","224164,464117467","8898,82904608298","5,58966466242418",0,0,"-77,7426128252773","-75,2467810586192","80,4865543349241","15732807410,3492","-35,8232067108154","26,0801078328066","-0,0000327","1,78652249760908","405,570627909849","2108178,07484958"
"2109624,07484958",1,"15752833503,2475","1702187,87774307","224219,433575745","8896,95701394443","5,58966466242418",0,0,"-77,7984468684924","-75,2876796814497","80,5236279804782","15736447497,1926","-35,8362525939941","26,0801078328066","-0,0000328","1,78652249760908","405,570627909849","2110178,07484958"
"2111624,07484958",1,"15756477282,6907","1352178,07133615","224274,412034414","8895,0851018884","5,58966466242418",0,0,"-77,8541849464961","-75,3286540030251","80,5606917369272","15740088262,3671","-35,849243927002","26,0801078328066","-0,0000328","1,78652249760908","405,570627909849","2112178,07484958"
"2113624,07484958",1,"15760121715,0107","1002168,95003256","224329,399423548","8893,21331223588","5,58966466242418",0,0,"-77,9098271879565","-75,3697038749796","80,5977454498098","15743729701,2374","-35,8621829986572","26,0801078328066","-0,0000329","1,78652249760908","405,570627909849","2114178,07484958"
"2115624,07484958",1,"15763766795,6606","652161,533416248","224384,395674673","8891,34164730279","5,58966466242418",0,0,"-77,9653742118018","-75,4108300601406","80,6347893109251","15747371809,1825","-35,8750701904297","26,0801078328066","-0,0000329","1,78652249760908","405,570627909849","2116178,07484958"
"2117624,07484958",1,"15767412520,0246","302159,063656814","224439,400718311","8889,47010939997","5,58966466242418",0,0,"-78,0208263964717","-75,4520322496201","80,6718231659703","15751014581,5822","-35,8879051208496","26,0801078328066","-0,0000329","1,78652249760908","405,570627909849","2118178,07484958"
"2119624,07484958",1,"15771058883,5146","47929,2740432263","224494,41448542","8887,59870083323","5,58966466242418",0,0,"-78,0761836121515","-75,4933112894408","80,7088468604808","15754658013,8255","-35,900687789917","26,0801078328066","-0,000033","1,78652249760908","405,570627909849","2120178,07484958"
"2121624,07484958",1,"15774705881,5163","397874,583566856","224549,436906565","8885,72742390329","5,58966466242418",0,0,"-78,1314464802449","-75,5346673617511","80,745860499678","15758302101,2994","-35,9134174346924","26,0801078328066","-0,000033","1,78652249760908","405,570627909849","2122178,07484958"
"2123624,07484958",1,"15778353509,4831","747876,419887625","224604,467913309","8883,85628090586","5,58966466242418",0,0,"-78,1866151429634","-75,5761004124505","80,7828640157245","15761946839,4012","-35,9260929107666","26,0801078328066","-0,0000331","1,78652249760908","405,570627909849","2124178,07484958"
"2125624,07484958",1,"15782001762,8338","1097879,84458199","224659,507436717","8881,98527413156","5,58966466242418",0,0,"-78,2416895222791","-75,617610872787","80,8198574271319","15765592223,5309","-35,938716506958","26,0801078328066","-0,0000331","1,78652249760908","405,570627909849","2126178,07484958"
"2127624,07484958",1,"15785650636,9882","1447882,91317935","224714,555407872","8880,11440586602","5,58966466242418",0,0,"-78,2966701708856","-75,6591987634305","80,8568406661249","15769238249,097","-35,9512866973877","26,0801078328066","-0,0000332","1,78652249760908","405,570627909849","2128178,07484958"
"2129624,07484958",1,"15789300127,4111","1797883,91474401","224769,611758529","8878,24367838981","5,58966466242418",0,0,"-78,3515573878408","-75,7008646037692","80,8938136648318","15772884911,5134","-35,9638046264648","26,0801078328066","-0,0000332","1,78652249760908","405,570627909849","2130178,07484958"
"2131624,07484958",1,"15792950229,5058","1622022,78766768","224824,676419543","8876,37309397847","5,58966466242418",0,0,"-78,4063516136709","-75,7426088259487","80,9307764417937","15776532206,1949","-35,9762714385986","26,0801078328066","-0,0000333","1,78652249760908","405,570627909849","2132178,07484958"
"2133624,07484958",1,"15796600938,7602","1272022,37510977","224879,749323028","8874,50265490255","5,58966466242418",0,0,"-78,4610529031977","-75,7844316179573","80,9677290155196","15780180128,5698","-35,9886859893799","26,0801078328066","-0,0000333","1,78652249760908","405,570627909849","2134178,07484958"
"2135624,07484958",1,"15800252250,5964","922022,943768417","224934,830400128","8872,63236342755","5,58966466242418",0,0,"-78,5156615362032","-75,8263330049547","81,0046711451946","15783828674,0634","-36,0010467529297","26,0801078328066","-0,0000334","1,78652249760908","405,570627909849","2136178,07484958"
"2137624,07484958",1,"15803904160,4591","572025,507393872","224989,919582334","8870,76222181398","5,58966466242418",0,0,"-78,570177466832","-75,8683135836187","81,0416030222777","15787477838,1069","-36,0133563995361","26,0801078328066","-0,0000334","1,78652249760908","405,570627909849","2138178,07484958"
"2139624,07484958",1,"15807556663,8636","222035,781178462","225045,016802158","8868,89223231734","5,58966466242418",0,0,"-78,6246013954414","-75,9103731306564","81,0785245788149","15791127616,1418","-36,0256126403809","26,0801078328066","-0,0000334","1,78652249760908","405,570627909849","2140178,07484958"
"2141624,07484958",1,"15811209756,2513","128002,829876664","225100,121991064","8867,02239718813","5,58966466242418",0,0,"-78,6789332213967","-75,9525120831826","81,1154357468458","15794778003,6153","-36,0378173828125","26,0801078328066","-0,0000335","1,78652249760908","405,570627909849","2142178,07484958"
"2143624,07484958",1,"15814863433,0712","477980,988287226","225155,235080619","8865,15271867188","5,58966466242418",0,0,"-78,7331732655929","-75,9947310405001","81,152336458491","15798428995,9741","-36,0499713897705","26,0801078328066","-0,0000335","1,78652249760908","405,570627909849","2144178,07484958"
"2145624,07484958",1,"15818517689,8028","827974,218902099","225210,356002848","8863,2831990091","5,58966466242418",0,0,"-78,7873223417523","-76,0370304432444","81,1892266456903","15802080588,671","-36,0620723724365","26,0801078328066","-0,0000336","1,78652249760908","405,570627909849","2146178,07484958"
"2147624,07484958",1,"15822172521,9781","1177968,25135192","225265,484690536","8861,41384043534","5,58966466242418",0,0,"-78,8413802322702","-76,0794102317378","81,2261064133366","15805732777,17","-36,0741203308105","26,0801078328066","-0,0000336","1,78652249760908","405,570627909849","2148178,07484958"
"2149624,07484958",1,"15825827925,004","1527961,72933672","225320,621074675","8859,54464518118","5,58966466242418",0,0,"-78,8953471986987","-76,1218705095699","81,2629756934946","15809385556,9292","-36,0861156463623","26,0801078328066","-0,0000337","1,78652249760908","405,570627909849","2150178,07484958"
"2151624,07484958",1,"15829483894,4667","1877928,95172326","225375,765088859","8857,67561547222","5,58966466242418",0,0,"-78,9492234768288","-76,1644115484994","81,2998345044691","15813038923,4253","-36,0980602264404","26,0801078328066","-0,0000337","1,78652249760908","405,570627909849","2152178,07484958"
"2153624,07484958",1,"15833140425,7793","1541963,18146611","225430,916664165","8855,8067535291","5,58966466242418",0,0,"-79,0030094813533","-76,2070340368148","81,3366826918836","15816692872,1273","-36,1099521636963","26,0801078328066","-0,0000338","1,78652249760908","405,570627909849","2154178,07484958"
"2155624,07484958",1,"15836797514,5013","1191972,31105789","225486,075733822","8853,93806156749","5,58966466242418",0,0,"-79,0567053587446","-76,2497378332417","81,3735202741818","15820347398,5177","-36,1217922210693","26,0801078328066","-0,0000338","1,78652249760908","405,570627909849","2156178,07484958"
"2157624,07484958",1,"15840455156,1271","841982,632134793","225541,242230122","8852,06954179814","5,58966466242418",0,0,"-79,1103112035604","-76,2925233787567","81,4103471832971","15824002498,0845","-36,1335796356201","26,0801078328066","-0,0000339","1,78652249760908","405,570627909849","2158178,07484958"
"2159624,07484958",1,"15844113346,1555","491995,351095562","225596,416085403","8850,20119642684","5,58966466242418",0,0,"-79,1638273972522","-76,335391442372","81,4471634375397","15827658166,3137","-36,1453151702881","26,0801078328066","-0,0000339","1,78652249760908","405,570627909849","2160178,07484958"
"2161624,07484958",1,"15847772080,14","142022,538498683","225651,597232832","8848,33302765442","5,58966466242418",0,0,"-79,2172546204236","-76,3783418029181","81,4839690551873","15831314398,7026","-36,1569988250732","26,0801078328066","-0,0000339","1,78652249760908","405,570627909849","2162178,07484958"
"2163624,07484958",1,"15851431353,585","208004,503024529","225706,785604856","8846,4650376768","5,58966466242418",0,0,"-79,2705925828667","-76,4213748933696","81,5207639682836","15834971190,754","-36,1686302185059","26,0801078328066","-0,000034","1,78652249760908","405,570627909849","2164178,07484958"
"2165624,07484958",1,"15855091162,0446","557982,065726951","225761,981134646","8844,59722868498","5,58966466242418",0,0,"-79,3238416666815","-76,464490824859","81,5575481949741","15838628537,9782","-36,1802108764648","26,0801078328066","-0,000034","1,78652249760908","405,570627909849","2166178,07484958"
"2167624,07484958",1,"15858751501,0141","907966,3293517","225817,183754546","8842,72960286501","5,58966466242418",0,0,"-79,3770020219053","-76,5076897085185","81,5943215809189","15842286435,8818","-36,1917400360107","26,0801078328066","-0,0000341","1,78652249760908","405,570627909849","2168178,07484958"
"2169624,07484958",1,"15862412366,0622","1257950,90779288","225872,393397959","8840,86216239805","5,58966466242418",0,0,"-79,4300739878422","-76,550972564006","81,6310842306553","15845944879,9876","-36,2032176971436","26,0801078328066","-0,0000341","1,78652249760908","405,570627909849","2170178,07484958"
"2171624,07484958",1,"15866073752,7127","1607934,68773021","225927,609997647","8838,99490946033","5,58966466242418",0,0,"-79,4830580526266","-76,5943392532472","81,6678359897445","15849603865,8122","-36,2146415710449","26,0801078328066","-0,0000342","1,78652249760908","405,570627909849","2172178,07484958"
"2173624,07484958",1,"15869735656,576","1811989,72172311","225982,833487637","8837,1278462232","5,58966466242418",0,0,"-79,5359541544531","-76,6377898027775","81,7045768764139","15853263388,8918","-36,2260147094727","26,0801078328066","-0,0000342","1,78652249760908","405,570627909849","2174178,07484958"
"2175624,07484958",1,"15873398073,1364","1462009,37990573","226038,063800124","8835,26097485308","5,58966466242418",0,0,"-79,5887625070595","-76,6813248969181","81,7413069088574","15856923444,7554","-36,237336730957","26,0801078328066","-0,0000343","1,78652249760908","405,570627909849","2176178,07484958"
"2177624,07484958",1,"15877060998,0287","1112028,1458272","226093,300869503","8833,39429751155","5,58966466242418",0,0,"-79,6414837200721","-76,7249445669196","81,7780261051553","15860584028,9455","-36,2486053466797","26,0801078328066","-0,0000343","1,78652249760908","405,570627909849","2178178,07484958"
"2179624,07484958",1,"15880724426,7585","762048,263397291","226148,544628306","8831,52781635524","5,58966466242418",0,0,"-79,6941177316665","-76,7686491747286","81,8147343971348","15864245137,0058","-36,2598232269287","26,0801078328066","-0,0000344","1,78652249760908","405,570627909849","2180178,07484958"
"2181624,07484958",1,"15884388354,9216","412071,451262949","226203,795010371","8829,66153353595","5,58966466242418",0,0,"-79,7466646719865","-76,8124390720609","81,8514316304015","15867906764,484","-36,2709892272949","26,0801078328066","-0,0000344","1,78652249760908","405,570627909849","2182178,07484958"
"2183624,07484958",1,"15888052778,0773","62136,0664399114","226259,051949023","8827,79545120059","5,58966466242418",0,0,"-79,7991250661304","-76,8563146315608","81,8881179093486","15871568906,9332","-36,2821033477783","26,0801078328066","-0,0000345","1,78652249760908","405,570627909849","2184178,07484958"
"2185624,07484958",1,"15891717691,8361","287905,844389116","226314,31537833","8825,9295714912","5,58966466242418",0,0,"-79,851498910382","-76,9002757786204","81,9247931656809","15875231559,9124","-36,2931655883789","26,0801078328066","-0,0000345","1,78652249760908","405,570627909849","2186178,07484958"
"2187624,07484958",1,"15895383091,7787","637877,486787306","226369,585231936","8824,06389654495","5,58966466242418",0,0,"-79,9037866311276","-76,9443235505615","81,9614574175195","15878894718,9888","-36,3041767120361","26,0801078328066","-0,0000345","1,78652249760908","405,570627909849","2188178,07484958"
"2189624,07484958",1,"15899048973,5173","987852,560591287","226424,861443956","8822,19842849419","5,58966466242418",0,0,"-79,9559886800229","-76,9884576534682","81,9981105966134","15882558379,7343","-36,3151363372803","26,0801078328066","-0,0000346","1,78652249760908","405,570627909849","2190178,07484958"
"2191624,07484958",1,"15902715332,6275","1337827,58523659","226480,143947968","8820,33316946638","5,58966466242418",0,0,"-80,0081050154801","-77,0326785972903","82,0347527209544","15886222537,7258","-36,3260456085205","26,0801078328066","-0,0000346","1,78652249760908","405,570627909849","2192178,07484958"
"2193624,07484958",1,"15906382164,6846","1687801,54073143","226535,43267756","8818,46812158416","5,58966466242418",0,0,"-80,0601358169555","-77,0769864989777","82,0713837223338","15889887188,5367","-36,336901473999","26,0801078328066","-0,0000347","1,78652249760908","405,570627909849","2194178,07484958"
"2195624,07484958",1,"15910049465,3636","1732133,47783841","226590,727567784","8816,60328696533","5,58966466242418",0,0,"-80,1120813881686","-77,1213817312435","82,1080036186921","15893552327,7594","-36,3477058410645","26,0801078328066","-0,0000347","1,78652249760908","405,570627909849","2196178,07484958"
"2197624,07484958",1,"15913717230,2169","1382161,53436402","226646,028551901","8814,73866772286","5,58966466242418",0,0,"-80,1639421088688","-77,1658648978386","82,144612255556","15897217950,9782","-36,3584609985352","26,0801078328066","-0,0000348","1,78652249760908","405,570627909849","2198178,07484958"
"2199624,07484958",1,"15917385454,9303","1032189,95695117","226701,335565125","8812,87426596488","5,58966466242418",0,0,"-80,2157181360769","-77,2104359419875","82,1812096508304","15900884053,7954","-36,369164276123","26,0801078328066","-0,0000348","1,78652249760908","405,570627909849","2200178,07484958"
"2201624,07484958",1,"15921054135,0624","682219,926277814","226756,64854083","8811,01008379474","5,58966466242418",0,0,"-80,2674095158447","-77,255095238111","82,2177959086","15904550631,8095","-36,3798168182373","26,0801078328066","-0,0000349","1,78652249760908","405,570627909849","2202178,07484958"
"2203624,07484958",1,"15924723266,305","332254,080688586","226811,967414328","8809,14612331093","5,58966466242418",0,0,"-80,3190170489346","-77,2998432230733","82,2543709605579","15908217680,6322","-36,3904174804687","26,0801078328066","-0,0000349","1,78652249760908","405,570627909849","2204178,07484958"
"2205624,07484958",1,"15928392844,2224","17904,7817769661","226867,292119107","8807,28238660717","5,58966466242418",0,0,"-80,3705404387504","-77,34468009346","82,2909346521889","15911885195,8709","-36,4009666442871","26,0801078328066","-0,000035","1,78652249760908","405,570627909849","2206178,07484958"
"2207624,07484958",1,"15932062864,5025","367703,204719753","226922,622590428","8805,41887577237","5,58966466242418",0,0,"-80,4219801229039","-77,389605975097","82,3274870874849","15915553173,1433","-36,4114643096924","26,0801078328066","-0,000035","1,78652249760908","405,570627909849","2208178,07484958"
"2209624,07484958",1,"15935733322,7941","717667,128607285","226977,958762998","8803,55559289065","5,58966466242418",0,0,"-80,4733359725112","-77,4346212102317","82,3640281980917","15919221608,0709","-36,4219100952148","26,0801078328066","-0,000035","1,78652249760908","405,570627909849","2210178,07484958"
"2211624,07484958",1,"15939404214,7574","1067632,89009045","227033,300571699","8801,69254004133","5,58966466242418",0,0,"-80,5246084494642","-77,4797263611888","82,4005579156436","15922890496,2839","-36,4323047637939","26,0801078328066","-0,0000351","1,78652249760908","405,570627909849","2212178,07484958"
"2213624,07484958",1,"15943075536,0542","1417598,36023046","227088,647951456","8799,82971929896","5,58966466242418",0,0,"-80,5757980786586","-77,5249216866688","82,437076257931","15926559833,4209","-36,442650604248","26,0801078328066","-0,0000351","1,78652249760908","405,570627909849","2214178,07484958"
"2215624,07484958",1,"15946747282,3089","1767562,01818946","227144,000836646","8797,96713273331","5,58966466242418",0,0,"-80,6269049516611","-77,5702078107803","82,4735832426376","15930229615,1154","-36,4529453277588","26,0801078328066","-0,0000352","1,78652249760908","405,570627909849","2216178,07484958"
"2217624,07484958",1,"15950419449,1948","1652382,25910418","227199,359162356","8796,1047824094","5,58966466242418",0,0,"-80,6779291656804","-77,6155846656408","82,5100788014068","15933899837,0132","-36,4631870269775","26,0801078328066","-0,0000352","1,78652249760908","405,570627909849","2218178,07484958"
"2219624,07484958",1,"15954092032,3945","1302419,58406348","227254,722863837","8794,24267038746","5,58966466242418",0,0,"-80,7288710716091","-77,6610523953833","82,5465629518707","15937570494,7596","-36,4733779907227","26,0801078328066","-0,0000353","1,78652249760908","405,570627909849","2220178,07484958"
"2221624,07484958",1,"15957765027,597","952457,694331409","227310,091876423","8792,38079872299","5,58966466242418",0,0,"-80,7797308994823","-77,7066116737104","82,5830355394965","15941241584,0131","-36,4835166931152","26,0801078328066","-0,0000353","1,78652249760908","405,570627909849","2222178,07484958"
"2223624,07484958",1,"15961438430,4647","602497,626637768","227365,466135062","8790,51916946673","5,58966466242418",0,0,"-80,8305085546992","-77,7522623966864","82,6194965819502","15944913100,429","-36,4936069488525","26,0801078328066","-0,0000354","1,78652249760908","405,570627909849","2224178,07484958"
"2225624,07484958",1,"15965112236,73","252543,710703139","227420,845575741","8788,65778466466","5,58966466242418",0,0,"-80,8812047733169","-77,7980054943284","82,6559461829159","15948585039,6798","-36,503645324707","26,0801078328066","-0,0000354","1,78652249760908","405,570627909849","2226178,07484958"
"2227624,07484958",1,"15968786442,0602","97461,511726802","227476,230133503","8786,79664635806","5,58966466242418",0,0,"-80,9318193468565","-77,8438410020407","82,6923841878177","15952257397,4356","-36,5136333465576","26,0801078328066","-0,0000355","1,78652249760908","405,570627909849","2228178,07484958"
"2229624,07484958",1,"15972461042,1433","447395,598465533","227531,619743697","8784,93575658346","5,58966466242418",0,0,"-80,9823528169177","-77,8897693872599","82,7288105712157","15955930169,3705","-36,5235710144043","26,0801078328066","-0,0000355","1,78652249760908","405,570627909849","2230178,07484958"
"2231624,07484958",1,"15976136032,6847","797351,030084946","227587,014341942","8783,07511737266","5,58966466242418",0,0,"-81,0328053346859","-77,9357906563856","82,7652253936786","15959603351,1632","-36,5334579467773","26,0801078328066","-0,0000355","1,78652249760908","405,570627909849","2232178,07484958"
"2233624,07484958",1,"15979811409,3852","1147307,41549271","227642,413863778","8781,21473075275","5,58966466242418",0,0,"-81,0831769849874","-77,9819053747827","82,8016286297065","15963276938,4963","-36,5432929992676","26,0801078328066","-0,0000356","1,78652249760908","405,570627909849","2234178,07484958"
"2235624,07484958",1,"15983487167,9935","1497263,28834141","227697,818245462","8779,35459874611","5,58966466242418",0,0,"-81,1334681535363","-78,0281135621264","82,8380201676891","15966950927,0648","-36,5530776977539","26,0801078328066","-0,0000356","1,78652249760908","405,570627909849","2236178,07484958"
"2237624,07484958",1,"15987163304,2145","1847213,44306316","227753,227422617","8777,49472337042","5,58966466242418",0,0,"-81,1836789504734","-78,0744156883805","82,8744000681743","15970625312,5668","-36,5628131866455","26,0801078328066","-0,0000357","1,78652249760908","405,570627909849","2238178,07484958"
"2239624,07484958",1,"15990839813,7693","1572736,5907482","227808,641331105","8775,63510663865","5,58966466242418",0,0,"-81,2338096723669","-78,1208124289907","82,9107682195192","15974300090,7042","-36,5724979400635","26,0801078328066","-0,0000357","1,78652249760908","405,570627909849","2240178,07484958"
"2241624,07484958",1,"15994516692,3783","1222783,38559464","227864,059906787","8773,77575055908","5,58966466242418",0,0,"-81,2838606378807","-78,1673037539171","82,9471246822108","15977975257,1824","-36,5821319580078","26,0801078328066","-0,0000358","1,78652249760908","405,570627909849","2242178,07484958"
"2243624,07484958",1,"15998193935,7992","872831,198271186","227919,483086083","8771,91665713533","5,58966466242418",0,0,"-81,3338317918675","-78,2138901851309","82,9834694736289","15981650807,7158","-36,5917140960693","26,0801078328066","-0,0000358","1,78652249760908","405,570627909849","2244178,07484958"
"2245624,07484958",1,"16001871539,7823","522881,191018867","227974,910805291","8770,05782836631","5,58966466242418",0,0,"-81,3837233375748","-78,2605717745889","83,0198024390823","15985326738,0211","-36,6012470245361","26,0801078328066","-0,0000359","1,78652249760908","405,570627909849","2246178,07484958"
"2247624,07484958",1,"16005549500,0401","172941,694085261","228030,343000188","8768,19926624626","5,58966466242418",0,0,"-81,4335359590895","-78,3073491748807","83,0561235959779","15989003043,819","-36,6107280731201","26,0801078328066","-0,0000359","1,78652249760908","405,570627909849","2248178,07484958"
"2249624,07484958",1,"16009227812,3316","177044,731586043","228085,779607221","8766,34097276478","5,58966466242418",0,0,"-81,4832696591145","-78,3542225366277","83,0924330046412","15992679720,8379","-36,6201599121094","26,0801078328066","-0,000036","1,78652249760908","405,570627909849","2250178,07484958"
"2251624,07484958",1,"16012906472,4054","526982,875859733","228141,220562689","8764,48294990678","5,58966466242418",0,0,"-81,5329243906109","-78,4011922692562","83,1287305103741","15996356764,8099","-36,629541015625","26,0801078328066","-0,000036","1,78652249760908","405,570627909849","2252178,07484958"
"2253624,07484958",1,"16016585476,0611","876929,449927059","228196,665803649","8762,62519965254","5,58966466242418",0,0,"-81,582500695046","-78,4482584735227","83,1650161734486","16000034171,4775","-36,6388725280762","26,0801078328066","-0,0000361","1,78652249760908","405,570627909849","2254178,07484958"
"2255624,07484958",1,"16020264819,0272","1226876,40228047","228252,115266135","8760,76772397769","5,58966466242418",0,0,"-81,631998629127","-78,4954217988536","83,2012899251637","16003711936,5809","-36,648152923584","26,0801078328066","-0,0000361","1,78652249760908","405,570627909849","2256178,07484958"
"2257624,07484958",1,"16023944497,1333","1576822,63444156","228307,568887639","8758,9105248532","5,58966466242418",0,0,"-81,681418646766","-78,5426823424421","83,2375517827512","16007390055,8728","-36,6573833465576","26,0801078328066","-0,0000361","1,78652249760908","405,570627909849","2258178,07484958"
"2259624,07484958",1,"16027624506,0902","1843136,42217145","228363,026603956","8757,05360424543","5,58966466242418",0,0,"-81,7307607552787","-78,5900406053014","83,2738017204387","16011068525,1049","-36,6665630340576","26,0801078328066","-0,0000362","1,78652249760908","405,570627909849","2260178,07484958"
"2261624,07484958",1,"16031304841,7229","1493196,31965506","228418,488352519","8755,1969641161","5,58966466242418",0,0,"-81,7800250738272","-78,6374967506252","83,3100397124303","16014747340,0393","-36,6756931304932","26,0801078328066","-0,0000362","1,78652249760908","405,570627909849","2262178,07484958"
"2263624,07484958",1,"16034985499,7925","1143252,63807822","228473,954069868","8753,34060642232","5,58966466242418",0,0,"-81,8292121102201","-78,685051415567","83,3462656899098","16018426496,4387","-36,6847728729248","26,0801078328066","-0,0000363","1,78652249760908","405,570627909849","2264178,07484958"
"2265624,07484958",1,"16038666476,0947","793310,158057671","228529,423693033","8751,48453311659","5,58966466242418",0,0,"-81,8783220686631","-78,7327048500295","83,3824796700324","16022105990,0699","-36,6938022613525","26,0801078328066","-0,0000363","1,78652249760908","405,570627909849","2266178,07484958"
"2267624,07484958",1,"16042347766,458","443370,37816385","228584,897159534","8749,62874614677","5,58966466242418",0,0,"-81,9273549526898","-78,7804572932242","83,4186816699192","16025785816,7117","-36,7027828216553","26,0801078328066","-0,0000364","1,78652249760908","405,570627909849","2268178,07484958"
"2269624,07484958",1,"16046029366,6644","93454,4449613394","228640,374406223","8747,77324745617","5,58966466242418",0,0,"-81,9763108438604","-78,8283089524903","83,4548715777305","16029465972,145","-36,7117130279541","26,0801078328066","-0,0000364","1,78652249760908","405,570627909849","2270178,07484958"
"2271624,07484958",1,"16049711272,5205","256531,836553752","228695,855370316","8745,91803898345","5,58966466242418",0,0,"-82,0251904180746","-78,8762603209495","83,4910494535222","16033146452,1565","-36,720592880249","26,0801078328066","-0,0000365","1,78652249760908","405,570627909849","2272178,07484958"
"2273624,07484958",1,"16053393479,8647","606465,175390312","228751,339989495","8744,06312266274","5,58966466242418",0,0,"-82,0739936256828","-78,9243120357426","83,5272151854185","16036827252,5368","-36,7294219970703","26,0801078328066","-0,0000365","1,78652249760908","405,570627909849","2274178,07484958"
"2275624,07484958",1,"16057075984,478","956402,687029072","228806,828200605","8742,20850042355","5,58966466242418",0,0,"-82,1227205503475","-78,9724641589348","83,5633688334138","16040508369,0819","-36,7382019042969","26,0801078328066","-0,0000366","1,78652249760908","405,570627909849","2276178,07484958"
"2277624,07484958",1,"16060758782,1998","1306340,20628138","228862,319941372","8740,35417419083","5,58966466242418",0,0,"-82,1713714780978","-79,0207173200904","83,5995103715129","16044189797,5886","-36,7469303131104","26,0801078328066","-0,0000366","1,78652249760908","405,570627909849","2278178,07484958"
"2279624,07484958",1,"16064441868,8916","1656276,72430535","228917,815149823","8738,50014588495","5,58966466242418",0,0,"-82,2199463707087","-79,0690714152301","83,6356397307865","16047871533,8687","-36,7556102752686","26,0801078328066","-0,0000367","1,78652249760908","405,570627909849","2280178,07484958"
"2281624,07484958",1,"16068125240,3595","1763695,06171767","228973,313763203","8736,64641742174","5,58966466242418",0,0,"-82,2684460643265","-79,1175269068834","83,6717569281637","16051553573,7324","-36,764241027832","26,0801078328066","-0,0000367","1,78652249760908","405,570627909849","2282178,07484958"
"2283624,07484958",1,"16071808892,4749","1413761,0788694","229028,815719704","8734,79299071246","5,58966466242418",0,0,"-82,3168704294784","-79,1660844420784","83,7078619376062","16055235913,0006","-36,7728221893311","26,0801078328066","-0,0000367","1,78652249760908","405,570627909849","2284178,07484958"
"2285624,07484958",1,"16075492821,0371","1063826,91511397","229084,320956486","8732,93986766382","5,58966466242418",0,0,"-82,365219541606","-79,2147441196049","83,7439546901196","16058918547,4949","-36,7813533782959","26,0801078328066","-0,0000368","1,78652249760908","405,570627909849","2286178,07484958"
"2287624,07484958",1,"16079177021,9101","713894,145146737","229139,829411642","8731,087050178","5,58966466242418",0,0,"-82,4134939093486","-79,2635062263859","83,7800352025505","16062601473,0401","-36,7898342132568","26,0801078328066","-0,0000368","1,78652249760908","405,570627909849","2288178,07484958"
"2289624,07484958",1,"16082861490,9433","363964,905190832","229195,341023075","8729,23454015264","5,58966466242418",0,0,"-82,4616936899658","-79,3123713132821","83,8161034917414","16066284685,468","-36,7982650756836","26,0801078328066","-0,0000369","1,78652249760908","405,570627909849","2290178,07484958"
"2291624,07484958",1,"16086546224,0571","14240,2231678628","229250,855729703","8727,38233948085","5,58966466242418",0,0,"-82,5098188776769","-79,3613398834334","83,8521594886265","16069968180,6216","-36,8066474914551","26,0801078328066","-0,0000369","1,78652249760908","405,570627909849","2292178,07484958"
"2293624,07484958",1,"16090231217,0529","335916,757449424","229306,373468749","8725,53045005122","5,58966466242418",0,0,"-82,5578698891633","-79,4104120155627","83,8882032099927","16073651954,3404","-36,8149791717529","26,0801078328066","-0,000037","1,78652249760908","405,570627909849","2294178,07484958"
"2295624,07484958",1,"16093916465,8279","685842,884759715","229361,894178822","8723,67887374784","5,58966466242418",0,0,"-82,605846886328","-79,4595879899225","83,9242345867303","16077336002,4754","-36,8232612609863","26,0801078328066","-0,000037","1,78652249760908","405,570627909849","2296178,07484958"
"2297624,07484958",1,"16097601966,2509","1035771,23155666","229417,417798113","8721,82761245027","5,58966466242418",0,0,"-82,6537500712257","-79,508868483659","83,9602535926275","16081020320,8805","-36,8314949035645","26,0801078328066","-0,0000371","1,78652249760908","405,570627909849","2298178,07484958"
"2299624,07484958",1,"16101287714,2069","1385699,34847671","229472,944265078","8719,97666803357","5,58966466242418",0,0,"-82,701579775491","-79,5582537569625","83,9962602444162","16084704905,412","-36,8396793365479","26,0801078328066","-0,0000371","1,78652249760908","405,570627909849","2300178,07484958"
"2301624,07484958",1,"16104973705,5691","1735625,8640021","229528,473517998","8718,12604236833","5,58966466242418",0,0,"-82,7493356979892","-79,6077444377242","84,032254515829","16088389751,933","-36,8478137969971","26,0801078328066","-0,0000372","1,78652249760908","405,570627909849","2302178,07484958"
"2303624,07484958",1,"16108659936,2601","1684355,48642562","229584,005495866","8716,27573732062","5,58966466242418",0,0,"-82,7970185036909","-79,6573401223453","84,0682363806018","16092074856,3115","-36,8558994293213","26,0801078328066","-0,0000372","1,78652249760908","405,570627909849","2304178,07484958"
"2305624,07484958",1,"16112346402,1513","1334430,33225974","229639,540136954","8714,42575475206","5,58966466242418",0,0,"-82,8446285254357","-79,7070418782689","84,1042058553767","16095760214,423","-36,8639354705811","26,0801078328066","-0,0000373","1,78652249760908","405,570627909849","2306178,07484958"
"2307624,07484958",1,"16116033099,1724","984505,680953447","229695,077380372","8712,57609651977","5,58966466242418",0,0,"-82,8921654139325","-79,7568498471703","84,1401628280042","16099445822,1492","-36,8719219207764","26,0801078328066","-0,0000373","1,78652249760908","405,570627909849","2308178,07484958"
"2309624,07484958",1,"16119720023,2388","634582,666562738","229750,617165046","8710,72676447641","5,58966466242418",0,0,"-82,9396297512561","-79,8067646946997","84,1761073150479","16103131675,3787","-36,8798595428467","26,0801078328066","-0,0000373","1,78652249760908","405,570627909849","2310178,07484958"
"2311624,07484958",1,"16123407170,2108","284664,613662016","229806,159429109","8708,87776047018","5,58966466242418",0,0,"-82,9870217410666","-79,8567861724383","84,2120393330655","16106817769,9941","-36,8877468109131","26,0801078328066","-0,0000374","1,78652249760908","405,570627909849","2312178,07484958"
"2313624,07484958",1,"16127094536,0433","65315,3504458104","229861,704112045","8707,02908634484","5,58966466242418",0,0,"-83,0343414543445","-79,9069149684506","84,247958812768","16110504101,8931","-36,8955867767334","26,0801078328066","-0,0000374","1,78652249760908","405,570627909849","2314178,07484958"
"2315624,07484958",1,"16130782116,6682","415198,535739506","229917,251153034","8705,18074393969","5,58966466242418",0,0,"-83,0815892651599","-79,9571516930241","84,2838657706566","16114190666,9772","-36,9033767700195","26,0801078328066","-0,0000375","1,78652249760908","405,570627909849","2316178,07484958"
"2317624,07484958",1,"16134469908,0185","765116,535819843","229972,800491289","8703,33273508957","5,58966466242418",0,0,"-83,1287652034696","-80,0074963187678","84,3197602231718","16117877461,1539","-36,9111190795898","26,0801078328066","-0,0000375","1,78652249760908","405,570627909849","2318178,07484958"
"2319624,07484958",1,"16138157905,9988","1115035,70826549","230028,352065588","8701,48506162493","5,58966466242418",0,0,"-83,175869386227","-80,0579495410121","84,3556421009779","16121564480,3331","-36,9188106536865","26,0801078328066","-0,0000376","1,78652249760908","405,570627909849","2320178,07484958"
"2321624,07484958",1,"16141846106,5996","1464954,3699865","230083,905815982","8699,63772537175","5,58966466242418",0,0,"-83,2229023125488","-80,1085112593386","84,391511377577","16125251720,4362","-36,9264526367188","26,0801078328066","-0,0000376","1,78652249760908","405,570627909849","2322178,07484958"
"2323624,07484958",1,"16145534505,7011","1814869,6250619","230139,461680924","8697,79072815161","5,58966466242418",0,0,"-83,2698638811653","-80,1591826057318","84,4273680264721","16128939177,3803","-36,9340461730957","26,0801078328066","-0,0000377","1,78652249760908","405,570627909849","2324178,07484958"
"2325624,07484958",1,"16149223099,2812","1605119,47244807","230195,019600284","8695,94407178168","5,58966466242418",0,0,"-83,3167544212503","-80,2099634776593","84,4632120211406","16132626847,0933","-36,9415908813477","26,0801078328066","-0,0000377","1,78652249760908","405,570627909849","2326178,07484958"
"2327624,07484958",1,"16152911883,3153","1255203,46523762","230250,57951391","8694,09775807471","5,58966466242418",0,0,"-83,3635744344719","-80,2608543060166","84,4990434208091","16136314725,5075","-36,9490867614746","26,0801078328066","-0,0000378","1,78652249760908","405,570627909849","2328178,07484958"
"2329624,07484958",1,"16156600853,7476","905288,327416022","230306,1413612","8692,25178883907","5,58966466242418",0,0,"-83,41032368935","-80,3118553778116","84,5348621559948","16140002808,5584","-36,9565338134766","26,0801078328066","-0,0000378","1,78652249760908","405,570627909849","2330178,07484958"
"2331624,07484958",1,"16160290006,5329","555375,078759606","230361,705081713","8690,4061658787","5,58966466242418",0,0,"-83,4570022967199","-80,3629674950129","84,5706682000923","16143691092,1906","-36,9639335632324","26,0801078328066","-0,0000379","1,78652249760908","405,570627909849","2332178,07484958"
"2333624,07484958",1,"16163979337,6549","205469,746263537","230417,270615441","8688,5608909932","5,58966466242418",0,0,"-83,5036109292608","-80,4141907803728","84,6064615264957","16147379572,3518","-36,9712829589844","26,0801078328066","-0,0000379","1,78652249760908","405,570627909849","2334178,07484958"
"2335624,07484958",1,"16167668843,0787","144479,185557025","230472,837902097","8686,71596597775","5,58966466242418",0,0,"-83,55014940565","-80,4655254984883","84,6422421514124","16151068244,9929","-36,9785846710205","26,0801078328066","-0,0000379","1,78652249760908","405,570627909849","2336178,07484958"
"2337624,07484958",1,"16171358518,7811","494377,354835094","230528,406881572","8684,87139262318","5,58966466242418",0,0,"-83,5966180900632","-80,5169720828525","84,6780099624044","16154757106,0691","-36,9858360290527","26,0801078328066","-0,000038","1,78652249760908","405,570627909849","2338178,07484958"
"2339624,07484958",1,"16175048360,7586","844286,778451037","230583,977494068","8683,02717271596","5,58966466242418",0,0,"-83,6430173063286","-80,5685309378455","84,7137650613973","16158446151,5451","-36,9930400848389","26,0801078328066","-0,000038","1,78652249760908","405,570627909849","2340178,07484958"
"2341624,07484958",1,"16178738364,9895","1194196,74579458","230639,54967951","8681,18330803816","5,58966466242418",0,0,"-83,6893469113755","-80,6202030098474","84,7495073787884","16162135377,3841","-37,0001956939697","26,0801078328066","-0,0000381","1,78652249760908","405,570627909849","2342178,07484958"
"2343624,07484958",1,"16182428527,5106","1544106,01032586","230695,123378677","8679,33980036755","5,58966466242418",0,0,"-83,7356074476992","-80,6719879169538","84,7852368878361","16165824779,5651","-37,0073024749756","26,0801078328066","-0,0000381","1,78652249760908","405,570627909849","2344178,07484958"
"2345624,07484958",1,"16186118844,3103","1875865,85924394","230750,698531665","8677,49665147752","5,58966466242418",0,0,"-83,7817987722051","-80,7238862061538","84,8209536046251","16169514354,068","-37,0143600463867","26,0801078328066","-0,0000382","1,78652249760908","405,570627909849","2346178,07484958"
"2347624,07484958",1,"16189809311,3737","1525986,54501471","230806,275078525","8675,65386313714","5,58966466242418",0,0,"-83,8279210270376","-80,7758985641234","84,8566574594816","16173204096,8738","-37,0213710784912","26,0801078328066","-0,0000382","1,78652249760908","405,570627909849","2348178,07484958"
"2349624,07484958",1,"16193499924,7047","1176079,7896604","230861,85295959","8673,81143711112","5,58966466242418",0,0,"-83,873974724111","-80,8280252891227","84,8923484255849","16176894003,9695","-37,0283340454102","26,0801078328066","-0,0000383","1,78652249760908","405,570627909849","2350178,07484958"
"2351624,07484958",1,"16197190680,3578","826174,096703295","230917,432115914","8671,96937515987","5,58966466242418",0,0,"-83,9199603038486","-80,8802665943686","84,928026518934","16180584071,352","-37,0352458953857","26,0801078328066","-0,0000383","1,78652249760908","405,570627909849","2352178,07484958"
"2353624,07484958",1,"16200881574,3409","476270,713898586","230973,012487899","8670,12767903949","5,58966466242418",0,0,"-83,9658769925242","-80,9326232039486","84,9636917555181","16184274295,0206","-37,042110824585","26,0801078328066","-0,0000384","1,78652249760908","405,570627909849","2354178,07484958"
"2355624,07484958",1,"16204572602,6776","126382,731150621","231028,594016177","8668,28635050174","5,58966466242418",0,0,"-84,0117257410524","-80,9850954366215","84,9993440655628","16187964670,9805","-37,0489276885986","26,0801078328066","-0,0000384","1,78652249760908","405,570627909849","2356178,07484958"
"2357624,07484958",1,"16208263761,3977","223558,253259288","231084,176641486","8666,44539129408","5,58966466242418",0,0,"-84,0575066613294","-81,0376836482959","85,0349834649996","16191655195,2421","-37,055696105957","26,0801078328066","-0,0000385","1,78652249760908","405,570627909849","2358178,07484958"
"2359624,07484958",1,"16211955046,5637","573453,686669962","231139,76030502","8664,6048031597","5,58966466242418",0,0,"-84,1032197492141","-81,090388115269","85,0706098840063","16195345863,8227","-37,0624164581299","26,0801078328066","-0,0000385","1,78652249760908","405,570627909849","2360178,07484958"
"2361624,07484958",1,"16215646454,1856","923354,336574581","231195,344947239","8662,76458783747","5,58966466242418",0,0,"-84,148865527318","-81,1432091941933","85,1062232956219","16199036672,7423","-37,0690891265869","26,0801078328066","-0,0000385","1,78652249760908","405,570627909849","2362178,07484958"
"2363624,07484958",1,"16219337980,3053","1273255,1180507","231250,930509067","8660,92474706198","5,58966466242418",0,0,"-84,1944438224891","-81,1961475474263","85,1418237585235","16202727618,0217","-37,0757125854492","26,0801078328066","-0,0000386","1,78652249760908","405,570627909849","2364178,07484958"
"2365624,07484958",1,"16223029621,0061","1623154,96326943","231306,516932023","8659,08528256356","5,58966466242418",0,0,"-84,2399550194148","-81,2492036726583","85,1774112456649","16206418695,6913","-37,0822891235352","26,0801078328066","-0,0000386","1,78652249760908","405,570627909849","2366178,07484958"
"2367624,07484958",1,"16226721372,3158","1796852,30860802","231362,104156849","8657,24619606824","5,58966466242418",0,0,"-84,2853992490623","-81,3023777990084","85,2129856871674","16210109901,7855","-37,0888172149658","26,0801078328066","-0,0000387","1,78652249760908","405,570627909849","2368178,07484958"
"2369624,07484958",1,"16230413230,3407","1446955,96760622","231417,692125405","8655,40748929781","5,58966466242418",0,0,"-84,3307766950461","-81,3556699038864","85,2485471416103","16213801232,3491","-37,0952964782715","26,0801078328066","-0,0000387","1,78652249760908","405,570627909849","2370178,07484958"
"2371624,07484958",1,"16234105191,1083","1097058,46122164","231473,280778433","8653,56916396981","5,58966466242418",0,0,"-84,376087297052","-81,4090811994216","85,2840954962151","16217492683,4242","-37,1017295837402","26,0801078328066","-0,0000388","1,78652249760908","405,570627909849","2372178,07484958"
"2373624,07484958",1,"16237797250,6982","747162,167647312","231528,870057435","8651,7312217975","5,58966466242418",0,0,"-84,4213317890402","-81,4626114461717","85,319630809499","16221184251,0599","-37,1081130981445","26,0801078328066","-0,0000388","1,78652249760908","405,570627909849","2374178,07484958"
"2375624,07484958",1,"16241489405,2335","397268,87636398","231584,459904543","8649,89366448992","5,58966466242418",0,0,"-84,4665098796176","-81,5162613800366","85,35515301148","16224875931,3155","-37,1144496917725","26,0801078328066","-0,0000389","1,78652249760908","405,570627909849","2376178,07484958"
"2377624,07484958",1,"16245181650,7562","47427,272884262","231640,050260723","8648,05649375187","5,58966466242418",0,0,"-84,5116219684353","-81,5700314206559","85,3906621177912","16228567720,2513","-37,1207397460937","26,0801078328066","-0,0000389","1,78652249760908","405,570627909849","2378178,07484958"
"2379624,07484958",1,"16248873983,3417","302539,238045459","231695,641067434","8646,21971128392","5,58966466242418",0,0,"-84,5566681395586","-81,6239220397756","85,4261581012164","16232259613,9291","-37,1269805908203","26,0801078328066","-0,000039","1,78652249760908","405,570627909849","2380178,07484958"
"2381624,07484958",1,"16252566399,1281","652428,293962416","231751,232267037","8644,3833187824","5,58966466242418",0,0,"-84,6016485792672","-81,6779335034422","85,4616409773476","16235951608,4234","-37,1331741333008","26,0801078328066","-0,000039","1,78652249760908","405,570627909849","2382178,07484958"
"2383624,07484958",1,"16256258894,1807","1002320,12210142","231806,823800862","8642,54731793946","5,58966466242418",0,0,"-84,6465635289392","-81,7320662278431","85,4971106760779","16239643699,8109","-37,1393207550049","26,0801078328066","-0,0000391","1,78652249760908","405,570627909849","2384178,07484958"
"2385624,07484958",1,"16259951464,6186","1352211,76267788","231862,415611024","8640,71171044301","5,58966466242418",0,0,"-84,6914130339927","-81,7863207446821","85,5325671273006","16243335884,1722","-37,1454196929932","26,0801078328066","-0,0000391","1,78652249760908","405,570627909849","2386178,07484958"
"2387624,07484958",1,"16263644106,5439","1702101,97883235","231918,007639372","8638,87649797677","5,58966466242418",0,0,"-84,7361975829057","-81,8406973327519","85,5680104749677","16247028157,595","-37,1514701843262","26,0801078328066","-0,0000391","1,78652249760908","405,570627909849","2388178,07484958"
"2389624,07484958",1,"16267336816,097","1717915,36872309","231973,599828342","8637,04168222027","5,58966466242418",0,0,"-84,7809171056899","-81,8951967638624","85,6034405632782","16250720516,1706","-37,1574726104736","26,0801078328066","-0,0000392","1,78652249760908","405,570627909849","2390178,07484958"
"2391624,07484958",1,"16271029589,3918","1368026,90004591","232029,192119988","8635,20726484884","5,58966466242418",0,0,"-84,8255717545621","-81,9498192321338","85,6388574505017","16254412955,999","-37,1634284973145","26,0801078328066","-0,0000392","1,78652249760908","405,570627909849","2392178,07484958"
"2393624,07484958",1,"16274722422,5386","1018138,59204146","232084,784456311","8633,37324753365","5,58966466242418",0,0,"-84,8701618548144","-82,0045652822485","85,6742610664026","16258105473,183","-37,1693382263184","26,0801078328066","-0,0000393","1,78652249760908","405,570627909849","2394178,07484958"
"2395624,07484958",1,"16278415311,6401","668251,698394791","232140,37677921","8631,53963194167","5,58966466242418",0,0,"-84,9146877104515","-82,0594350873234","85,7096514263841","16261798063,8237","-37,1751998901367","26,0801078328066","-0,0000393","1,78652249760908","405,570627909849","2396178,07484958"
"2397624,07484958",1,"16282108252,8643","318368,867150688","232195,969031542","8629,70641973571","5,58966466242418",0,0,"-84,9591489770027","-82,1144290804002","85,745028502978","16265490724,0345","-37,1810123443604","26,0801078328066","-0,0000394","1,78652249760908","405,570627909849","2398178,07484958"
"2399624,07484958",1,"16285801242,3742","31618,6868108555","232251,561156086","8627,87361257444","5,58966466242418",0,0,"-85,0035463599612","-82,1695481052826","85,7803923115049","16269183449,9377","-37,1867790222168","26,0801078328066","-0,0000394","1,78652249760908","405,570627909849","2400178,07484958"
"2401624,07484958",1,"16289494276,2888","381420,578032212","232307,153095002","8626,04121211236","5,58966466242418",0,0,"-85,0478796375335","-82,2247922929033","85,815742824458","16272876237,6538","-37,1924987792969","26,0801078328066","-0,0000395","1,78652249760908","405,570627909849","2402178,07484958"
"2403624,07484958",1,"16293187350,7742","731302,069491564","232362,744791123","8624,20921999981","5,58966466242418",0,0,"-85,092149271106","-82,2801620636894","85,8510800143031","16276569083,3132","-37,1981700897217","26,0801078328066","-0,0000395","1,78652249760908","405,570627909849","2404178,07484958"
"2405624,07484958",1,"16296880461,9679","1081184,9902568","232418,336186884","8622,37763788301","5,58966466242418",0,0,"-85,1363554731828","-82,3356579492388","85,886403896288","16280261983,0481","-37,2037944793701","26,0801078328066","-0,0000396","1,78652249760908","405,570627909849","2406178,07484958"
"2407624,07484958",1,"16300573606,0459","1431067,52535633","232473,927225293","8620,54646740405","5,58966466242418",0,0,"-85,1804982448287","-82,3912804083309","85,9217143572042","16283954932,9983","-37,2093719482422","26,0801078328066","-0,0000396","1,78652249760908","405,570627909849","2408178,07484958"
"2409624,07484958",1,"16304266779,128","1780947,52198151","232529,517848535","8618,71571020088","5,58966466242418",0,0,"-85,2245776381301","-82,4470301372088","85,9570114550502","16287647929,3014","-37,2149028778076","26,0801078328066","-0,0000397","1,78652249760908","405,570627909849","2410178,07484958"
"2411624,07484958",1,"16307959977,4116","1639078,16786086","232585,107999919","8616,88536790735","5,58966466242418",0,0,"-85,2685940336871","-82,5029068812938","85,992295204963","16291340968,1034","-37,2203861236572","26,0801078328066","-0,0000397","1,78652249760908","405,570627909849","2412178,07484958"
"2413624,07484958",1,"16311653197,0977","1289198,37039653","232640,69762283","8615,05544215316","5,58966466242418",0,0,"-85,312547656609","-82,558911326518","86,0275655364798","16295034045,5593","-37,2258232116699","26,0801078328066","-0,0000397","1,78652249760908","405,570627909849","2414178,07484958"
"2415624,07484958",1,"16315346434,3778","939319,188653797","232696,286660515","8613,22593456396","5,58966466242418",0,0,"-85,3564385451204","-82,6150442467304","86,0628224646972","16298727157,833","-37,2312118530273","26,0801078328066","-0,0000398","1,78652249760908","405,570627909849","2416178,07484958"
"2417624,07484958",1,"16319039685,413","589441,715119299","232751,875055773","8611,39684676125","5,58966466242418",0,0,"-85,4002668701001","-82,6713061964028","86,0980659618808","16302420301,0879","-37,2365550994873","26,0801078328066","-0,0000398","1,78652249760908","405,570627909849","2418178,07484958"
"2419624,07484958",1,"16322732946,3807","239570,263759989","232807,462751674","8609,56818036247","5,58966466242418",0,0,"-85,4440329806477","-82,7276969394594","86,1332960002684","16306113471,4886","-37,2418514251709","26,0801078328066","-0,0000399","1,78652249760908","405,570627909849","2420178,07484958"
"2421624,07484958",1,"16326426213,4802","110345,37528418","232863,04969158","8607,73993698098","5,58966466242418",0,0,"-85,4877371995302","-82,7842175824834","86,1685125520881","16309806665,2077","-37,2471000671387","26,0801078328066","-0,0000399","1,78652249760908","405,570627909849","2422178,07484958"
"2423624,07484958",1,"16330119482,9049","460202,54359552","232918,635818799","8605,91211822603","5,58966466242418",0,0,"-85,5313791860235","-82,8408683093819","86,2037155895399","16313499878,4208","-37,2523040771484","26,0801078328066","-0,00004","1,78652249760908","405,570627909849","2424178,07484958"
"2425624,07484958",1,"16333812750,9099","810075,922816653","232974,221077522","8604,08472570283","5,58966466242418",0,0,"-85,5749593273323","-82,8976496393911","86,2389051703424","16317193107,315","-37,2574607849121","26,0801078328066","-0,00004","1,78652249760908","405,570627909849","2426178,07484958"
"2427624,07484958",1,"16337506013,6628","1159949,99098673","233029,805410679","8602,25776101252","5,58966466242418",0,0,"-85,6184777076951","-82,954562012693","86,2740812452471","16320886348,0767","-37,2625701904297","26,0801078328066","-0,0000401","1,78652249760908","405,570627909849","2428178,07484958"
"2429624,07484958",1,"16341199267,3951","1509823,47647867","233085,388762135","8600,43122575218","5,58966466242418",0,0,"-85,6619348958752","-83,0116057384839","86,3092438291351","16324579596,9034","-37,2676326751709","26,0801078328066","-0,0000401","1,78652249760908","405,570627909849","2430178,07484958"
"2431624,07484958",1,"16344892508,3334","1859685,3129585","233140,971075702","8598,60512151484","5,58966466242418",0,0,"-85,7053307384209","-83,0687814633219","86,3443928299167","16328272849,9955","-37,2726482391357","26,0801078328066","-0,0000402","1,78652249760908","405,570627909849","2432178,07484958"
"2433624,07484958",1,"16348585732,7093","1560340,33785184","233196,552295241","8596,77944988948","5,58966466242418",0,0,"-85,7486653879098","-83,1260901022314","86,3795282838157","16331966103,5567","-37,2776165008545","26,0801078328066","-0,0000402","1,78652249760908","405,570627909849","2434178,07484958"
"2435624,07484958",1,"16352278936,7396","1210469,36304691","233252,132364433","8594,95421246106","5,58966466242418",0,0,"-85,7919390370171","-83,1835312004099","86,414650162856","16335659353,7929","-37,2825393676758","26,0801078328066","-0,0000403","1,78652249760908","405,570627909849","2436178,07484958"
"2437624,07484958",1,"16355972116,649","860599,249970428","233307,711227072","8593,1294108105","5,58966466242418",0,0,"-85,8351519951713","-83,2411055711972","86,4497584604151","16339352596,9165","-37,2874156951904","26,0801078328066","-0,0000403","1,78652249760908","405,570627909849","2438178,07484958"
"2439624,07484958",1,"16359665268,7176","510731,188535749","233363,288827746","8591,30504651471","5,58966466242418",0,0,"-85,878304261482","-83,2988140875415","86,4848531270782","16343045829,1502","-37,2922451019287","26,0801078328066","-0,0000403","1,78652249760908","405,570627909849","2440178,07484958"
"2441624,07484958",1,"16363358389,1594","160873,680026569","233418,865110102","8589,48112114657","5,58966466242418",0,0,"-85,9213959273518","-83,3566568966665","86,519934198942","16346739046,7181","-37,2970287322998","26,0801078328066","-0,0000404","1,78652249760908","405,570627909849","2442178,07484958"
"2443624,07484958",1,"16367051474,2747","189027,704769664","233474,440019047","8587,65763627495","5,58966466242418",0,0,"-85,9644274299716","-83,4146346966756","86,5550016693086","16350432245,8551","-37,3017650604248","26,0801078328066","-0,0000404","1,78652249760908","405,570627909849","2444178,07484958"
"2445624,07484958",1,"16370744520,2351","538885,913899233","233530,013497617","8585,83459346476","5,58966466242418",0,0,"-86,007398612662","-83,4727473858371","86,5900554672819","16354125422,7876","-37,3064559936523","26,0801078328066","-0,0000405","1,78652249760908","405,570627909849","2446178,07484958"
"2447624,07484958",1,"16374437523,3741","888750,932839108","233585,585491216","8584,01199427685","5,58966466242418",0,0,"-86,0503099121767","-83,5309957781033","86,6250956074935","16357818573,7587","-37,311100769043","26,0801078328066","-0,0000405","1,78652249760908","405,570627909849","2448178,07484958"
"2449624,07484958",1,"16378130479,9527","1238616,20588257","233641,155944191","8582,18984026814","5,58966466242418",0,0,"-86,0931613783175","-83,589380288887","86,6601220617643","16361511695,0145","-37,3157005310059","26,0801078328066","-0,0000406","1,78652249760908","405,570627909849","2450178,07484958"
"2451624,07484958",1,"16381823386,2332","1588480,64644208","233696,724800915","8580,36813299153","5,58966466242418",0,0,"-86,1359533714195","-83,6479017461423","86,6951348446632","16365204782,8045","-37,3202541351318","26,0801078328066","-0,0000406","1,78652249760908","405,570627909849","2452178,07484958"
"2453624,07484958",1,"16385516238,4693","1831559,21581753","233752,292005643","8578,54687399599","5,58966466242418",0,0,"-86,1786857035233","-83,7065599019066","86,730133927959","16368897833,3805","-37,3247623443604","26,0801078328066","-0,0000407","1,78652249760908","405,570627909849","2454178,07484958"
"2455624,07484958",1,"16389209032,95","1481700,89074552","233807,857503147","8576,72606482647","5,58966466242418",0,0,"-86,2213585888718","-83,7653559455575","86,7651193047752","16372590843,0015","-37,329224395752","26,0801078328066","-0,0000407","1,78652249760908","405,570627909849","2456178,07484958"
"2457624,07484958",1,"16392901766,0028","1131838,7642248","233863,421238759","8574,905707024","5,58966466242418",0,0,"-86,2639724389537","-83,8242900205484","86,8000909254482","16376283807,9369","-37,3336391448975","26,0801078328066","-0,0000408","1,78652249760908","405,570627909849","2458178,07484958"
"2459624,07484958",1,"16396594433,8608","781977,663663456","233918,983156461","8573,08580212565","5,58966466242418",0,0,"-86,3065273206555","-83,8833624153338","86,835048825798","16379976724,4512","-37,3380081176758","26,0801078328066","-0,0000408","1,78652249760908","405,570627909849","2460178,07484958"
"2461624,07484958",1,"16400287032,8721","432119,077729947","233974,543201895","8571,26635166454","5,58966466242418",0,0,"-86,3490234488467","-83,9425739476018","86,8699929561029","16383669588,8225","-37,3423320770264","26,0801078328066","-0,0000409","1,78652249760908","405,570627909849","2462178,07484958"
"2463624,07484958",1,"16403979559,305","82285,9814936994","234030,101319551","8569,44735716985","5,58966466242418",0,0,"-86,3914608430383","-84,0019248637921","86,9049233307464","16387362397,3255","-37,3466102600098","26,0801078328066","-0,0000409","1,78652249760908","405,570627909849","2464178,07484958"
"2465624,07484958",1,"16407672009,5046","267618,479787725","234085,657455058","8567,62882016683","5,58966466242418",0,0,"-86,4338397240238","-84,0614159248483","86,939839899957","16391055146,2525","-37,350842666626","26,0801078328066","-0,0000409","1,78652249760908","405,570627909849","2466178,07484958"
"2467624,07484958",1,"16411364379,7559","617471,628515213","234141,211553139","8565,81074217681","5,58966466242418",0,0,"-86,4761603248382","-84,1210475430497","86,974742678057","16394747831,8906","-37,355029296875","26,0801078328066","-0,000041","1,78652249760908","405,570627909849","2468178,07484958"
"2469624,07484958",1,"16415056666,3704","967328,215652365","234196,763558952","8563,9931247172","5,58966466242418",0,0,"-86,5184227968007","-84,1808203207802","87,0096316579587","16398440450,5324","-37,3591690063477","26,0801078328066","-0,000041","1,78652249760908","405,570627909849","2470178,07484958"
"2471624,07484958",1,"16418748865,6729","1317184,74477041","234252,313417814","8562,17596930149","5,58966466242418",0,0,"-86,5606269718341","-84,2407342721366","87,0445067898111","16402132998,4764","-37,3632637023926","26,0801078328066","-0,0000411","1,78652249760908","405,570627909849","2472178,07484958"
"2473624,07484958",1,"16422440974,0011","1667040,05412611","234307,861075268","8560,35927743928","5,58966466242418",0,0,"-86,6027734468752","-84,3007904322107","87,079368087844","16405825472,0296","-37,36731300354","26,0801078328066","-0,0000411","1,78652249760908","405,570627909849","2474178,07484958"
"2475624,07484958",1,"16426132987,6922","1753011,6412204","234363,406476836","8558,54305063627","5,58966466242418",0,0,"-86,6448622234271","-84,3609890639505","87,1142155448861","16409517867,5038","-37,3713176727295","26,0801078328066","-0,0000412","1,78652249760908","405,570627909849","2476178,07484958"
"2477624,07484958",1,"16429824903,0593","1403158,76132921","234418,949567703","8556,72729039426","5,58966466242418",0,0,"-86,6868932174397","-84,4213305725919","87,1490491537421","16413210181,2094","-37,3752780914307","26,0801078328066","-0,0000412","1,78652249760908","405,570627909849","2478178,07484958"
"2479624,07484958",1,"16433516716,4833","1053305,37941321","234474,490294023","8554,91199821119","5,58966466242418",0,0,"-86,728866853989","-84,4818157103579","87,1838688644382","16416902409,4717","-37,3791931152344","26,0801078328066","-0,0000413","1,78652249760908","405,570627909849","2480178,07484958"
"2481624,07484958",1,"16437208424,2873","703453,272561313","234530,028601157","8553,09717558109","5,58966466242418",0,0,"-86,7707833463679","-84,5424446119862","87,2186746910871","16420594548,6132","-37,3830604553223","26,0801078328066","-0,0000413","1,78652249760908","405,570627909849","2482178,07484958"
"2483624,07484958",1,"16440900022,8146","353604,451673199","234585,564434723","8551,28282399415","5,58966466242418",0,0,"-86,812642594012","-84,6032183057071","87,2534665836641","16424286594,9641","-37,3868827819824","26,0801078328066","-0,0000414","1,78652249760908","405,570627909849","2484178,07484958"
"2485624,07484958",1,"16444591508,4333","4423,88147390166","234641,097740726","8549,46894493669","5,58966466242418",0,0,"-86,8544451687439","-84,6641368154462","87,2882445775923","16427978544,857","-37,3906608581543","26,0801078328066","-0,0000414","1,78652249760908","405,570627909849","2486178,07484958"
"2487624,07484958",1,"16448282877,4938","346114,507423578","234696,628464924","8547,65553989117","5,58966466242418",0,0,"-86,8961907708825","-84,7252005911853","87,323008644153","16431670394,6308","-37,3943943023682","26,0801078328066","-0,0000415","1,78652249760908","405,570627909849","2488178,07484958"
"2489624,07484958",1,"16451974126,3767","695960,814092604","234752,156553493","8545,8426103362","5,58966466242418",0,0,"-86,9378798025922","-84,7864105117982","87,3577587545991","16435362140,6314","-37,3980827331543","26,0801078328066","-0,0000415","1,78652249760908","405,570627909849","2490178,07484958"
"2491624,07484958",1,"16455665251,4591","1045808,95169249","234807,681952598","8544,03015774656","5,58966466242418",0,0,"-86,979512416496","-84,8477670102243","87,3924949229001","16439053779,2101","-37,4017265319824","26,0801078328066","-0,0000416","1,78652249760908","405,570627909849","2492178,07484958"
"2493624,07484958",1,"16459356249,112","1395656,80005392","234863,204608296","8542,21818359318","5,58966466242418",0,0,"-87,0210886160981","-84,9092704402956","87,4272171202487","16442745306,7211","-37,4053237915039","26,0801078328066","-0,0000416","1,78652249760908","405,570627909849","2494178,07484958"
"2495624,07484958",1,"16463047115,7083","1745502,61292024","234918,72446669","8540,40668934318","5,58966466242418",0,0,"-87,062608755808","-84,9709215909774","87,4619253178145","16446436719,5228","-37,4088752746582","26,0801078328066","-0,0000416","1,78652249760908","405,570627909849","2496178,07484958"
"2497624,07484958",1,"16466737847,6533","1674557,72019165","234974,241474333","8538,59567645985","5,58966466242418",0,0,"-87,1040731351979","-85,0327205212923","87,4966195081063","16450128013,9822","-37,4123809814453","26,0801078328066","-0,0000417","1,78652249760908","405,570627909849","2498178,07484958"
"2499624,07484958",1,"16470428441,3086","1324712,77549175","235029,755577195","8536,78514640266","5,58966466242418",0,0,"-87,1454815880563","-85,0946680268509","87,5312997049637","16453819186,4647","-37,4158420562744","26,0801078328066","-0,0000417","1,78652249760908","405,570627909849","2500178,07484958"
"2501624,07484958",1,"16474118893,1066","974868,07287169","235085,266722231","8534,97510062728","5,58966466242418",0,0,"-87,1868340893809","-85,1567643646166","87,5659658794662","16457510233,3466","-37,4192596435547","26,0801078328066","-0,0000418","1,78652249760908","405,570627909849","2502178,07484958"
"2503624,07484958",1,"16477809199,4365","625024,881791501","235140,774855809","8533,16554058559","5,58966466242418",0,0,"-87,2281313349646","-85,2190101337758","87,6006180453965","16461201151,0088","-37,4226322174072","26,0801078328066","-0,0000418","1,78652249760908","405,570627909849","2504178,07484958"
"2505624,07484958",1,"16481499356,695","275186,401578281","235196,279924389","8531,35646772566","5,58966466242418",0,0,"-87,2693728817071","-85,2814061518196","87,6352561524137","16464891935,835","-37,4259586334229","26,0801078328066","-0,0000419","1,78652249760908","405,570627909849","2506178,07484958"
"2507624,07484958",1,"16485189361,3137","74703,632572798","235251,781874944","8529,54788349178","5,58966466242418",0,0,"-87,3105593192693","-85,3439530072182","87,669880192874","16468582584,217","-37,4292407989502","26,0801078328066","-0,0000419","1,78652249760908","405,570627909849","2508178,07484958"
"2509624,07484958",1,"16488879209,696","424515,866047837","235307,280654063","8527,73978932447","5,58966466242418",0,0,"-87,3516905745239","-85,406650751496","87,7044901591031","16472273092,5489","-37,4324783325195","26,0801078328066","-0,000042","1,78652249760908","405,570627909849","2510178,07484958"
"2511624,07484958",1,"16492568898,2582","774354,640237806","235362,776208512","8525,93218666047","5,58966466242418",0,0,"-87,3927669727476","-85,4695000918442","87,7390860434012","16475963457,2288","-37,4356712341309","26,0801078328066","-0,000042","1,78652249760908","405,570627909849","2512178,07484958"
"2513624,07484958",1,"16496258423,4326","1124194,39119968","235418,268485291","8524,12507693275","5,58966466242418",0,0,"-87,4337887496599","-85,5325017204511","87,7736678380325","16479653674,6609","-37,4388187408447","26,0801078328066","-0,0000421","1,78652249760908","405,570627909849","2514178,07484958"
"2515624,07484958",1,"16499947781,659","1474033,57951289","235473,75743152","8522,31846157054","5,58966466242418",0,0,"-87,4747556957802","-85,5956559524815","87,8082355352359","16483343741,2559","-37,4419235229492","26,0801078328066","-0,0000421","1,78652249760908","405,570627909849","2516178,07484958"
"2517624,07484958",1,"16503636969,3613","1823867,73119189","235529,242994101","8520,51234199929","5,58966466242418",0,0,"-87,5156681253593","-85,6589636761278","87,8427891272193","16487033653,4267","-37,4449848175049","26,0801078328066","-0,0000422","1,78652249760908","405,570627909849","2518178,07484958"
"2519624,07484958",1,"16507325982,9825","1596198,32014684","235584,725120198","8518,70671964073","5,58966466242418",0,0,"-87,5565262880884","-85,7224251069265","87,8773285847982","16490723407,5941","-37,4480007171631","26,0801078328066","-0,0000422","1,78652249760908","405,570627909849","2520178,07484958"
"2521624,07484958",1,"16511014818,9572","1246361,63146436","235640,203756875","8516,90159591284","5,58966466242418",0,0,"-87,5973301452854","-85,7860410161656","87,9118538787637","16494413000,1792","-37,450972366333","26,0801078328066","-0,0000422","1,78652249760908","405,570627909849","2522178,07484958"
"2523624,07484958",1,"16514703473,763","896525,585030955","235695,678851823","8515,09697222988","5,58966466242418",0,0,"-87,6380800400492","-85,8498117244583","87,9463650225897","16498102427,6118","-37,4538986206055","26,0801078328066","-0,0000423","1,78652249760908","405,570627909849","2524178,07484958"
"2525624,07484958",1,"16518391943,8364","546691,26018092","235751,150352138","8513,29285000238","5,58966466242418",0,0,"-87,6787761406639","-85,9137379216345","87,980862008367","16501791686,326","-37,4567810058594","26,0801078328066","-0,0000423","1,78652249760908","405,570627909849","2526178,07484958"
"2527624,07484958",1,"16522080225,6522","196864,589783252","235806,618205486","8511,48923063714","5,58966466242418",0,0,"-87,7194183755575","-85,9778198557015","88,0153448281511","16505480772,7598","-37,4596199035645","26,0801078328066","-0,0000424","1,78652249760908","405,570627909849","2528178,07484958"
"2529624,07484958",1,"16525768315,6697","153001,766272074","235862,082359294","8509,68611553728","5,58966466242418",0,0,"-87,7600069230092","-86,0420581170638","88,0498134739669","16509169683,3572","-37,4624137878418","26,0801078328066","-0,0000424","1,78652249760908","405,570627909849","2530178,07484958"
"2531624,07484958",1,"16529456210,3631","502823,392121949","235917,54276122","8507,8835061022","5,58966466242418",0,0,"-87,8005421419737","-86,1064534349898","88,0842679164587","16512858414,5677","-37,4651634216309","26,0801078328066","-0,0000425","1,78652249760908","405,570627909849","2532178,07484958"
"2533624,07484958",1,"16533143906,2021","852654,359387537","235972,999358867","8506,08140372759","5,58966466242418",0,0,"-87,8410239816696","-86,1710062989668","88,1187081369139","16516546962,8446","-37,4678714752197","26,0801078328066","-0,0000425","1,78652249760908","405,570627909849","2534178,07484958"
"2535624,07484958",1,"16536831399,6566","1202485,73946056","236028,452099841","8504,27980980547","5,58966466242418",0,0,"-87,8814526211005","-86,2357169536882","88,1531341272709","16520235324,6444","-37,4705326080322","26,0801078328066","-0,0000426","1,78652249760908","405,570627909849","2536178,07484958"
"2537624,07484958",1,"16540518687,2252","1552316,34413592","236083,900932168","8502,47872572418","5,58966466242418",0,0,"-87,9218283269205","-86,3005863762211","88,1875458901143","16523923496,4308","-37,4731502532959","26,0801078328066","-0,0000426","1,78652249760908","405,570627909849","2538178,07484958"
"2539624,07484958",1,"16544205765,4203","1867742,43302123","236139,345804076","8500,67815286837","5,58966466242418",0,0,"-87,9621508531991","-86,3656150365017","88,221943406644","16527611474,6746","-37,4757244110107","26,0801078328066","-0,0000427","1,78652249760908","405,570627909849","2540178,07484958"
"2541624,07484958",1,"16547892630,705","1517932,47594899","236194,786663099","8498,87809261903","5,58966466242418",0,0,"-88,0024208439052","-86,4308032669755","88,2563266793869","16531299255,8494","-37,4782543182373","26,0801078328066","-0,0000427","1,78652249760908","405,570627909849","2542178,07484958"
"2543624,07484958",1,"16551579279,5878","1168104,09054813","236250,223457416","8497,0785463535","5,58966466242418",0,0,"-88,0426380182063","-86,4961517061513","88,290695678802","16534986836,4318","-37,4807411193848","26,0801078328066","-0,0000428","1,78652249760908","405,570627909849","2544178,07484958"
"2545624,07484958",1,"16555265708,5884","818276,588066524","236305,656135381","8495,27951544543","5,58966466242418",0,0,"-88,0828029355927","-86,5616608269431","88,3250504073546","16538674212,907","-37,4831832885742","26,0801078328066","-0,0000428","1,78652249760908","405,570627909849","2546178,07484958"
"2547624,07484958",1,"16558951914,1869","468451,21897913","236361,084644781","8493,48100126486","5,58966466242418",0,0,"-88,1229156183386","-86,627331268696","88,3593908354474","16542361381,7605","-37,4855800628662","26,0801078328066","-0,0000428","1,78652249760908","405,570627909849","2548178,07484958"
"2549624,07484958",1,"16562637892,9108","118641,039437801","236416,50893409","8491,68300517816","5,58966466242418",0,0,"-88,1629759693009","-86,6931638634134","88,393716954805","16546048339,4846","-37,4879360198975","26,0801078328066","-0,0000429","1,78652249760908","405,570627909849","2550178,07484958"
"2551624,07484958",1,"16566323641,2955","231219,633017872","236471,928951907","8489,8855285481","5,58966466242418",0,0,"-88,2029844107958","-86,7591589147994","88,4280287678038","16549735082,5779","-37,490246963501","26,0801078328066","-0,0000429","1,78652249760908","405,570627909849","2552178,07484958"
"2553624,07484958",1,"16570009155,841","581038,201803374","236527,344646319","8488,08857273378","5,58966466242418",0,0,"-88,2429406654079","-86,8253168115152","88,4623262554331","16553421607,5417","-37,4925136566162","26,0801078328066","-0,000043","1,78652249760908","405,570627909849","2554178,07484958"
"2555624,07484958",1,"16573694433,0952","930861,234612851","236582,755966112","8486,29213909071","5,58966466242418",0,0,"-88,2828455212185","-86,8916383890088","88,496609420004","16557107910,8856","-37,4947372436523","26,0801078328066","-0,000043","1,78652249760908","405,570627909849","2556178,07484958"
"2557624,07484958",1,"16577379469,5954","1280684,33256401","236638,162859927","8484,49622897079","5,58966466242418",0,0,"-88,3226985387954","-86,9581240567456","88,5308782317699","16560793989,1226","-37,4969169616699","26,0801078328066","-0,0000431","1,78652249760908","405,570627909849","2558178,07484958"
"2559624,07484958",1,"16581064261,8552","1630506,35227591","236693,56527607","8482,70084372228","5,58966466242418",0,0,"-88,3625002056071","-87,0247740894901","88,5651327036569","16564479838,7661","-37,4990531921387","26,0801078328066","-0,0000431","1,78652249760908","405,570627909849","2560178,07484958"
"2561624,07484958",1,"16584748806,4437","1789577,33843712","236748,963163644","8480,90598468988","5,58966466242418",0,0,"-88,4022505531793","-87,091589663274","88,5993728165357","16568165456,34","-37,501146697998","26,0801078328066","-0,0000432","1,78652249760908","405,570627909849","2562178,07484958"
"2563624,07484958",1,"16588433099,8858","1439758,9593679","236804,356471118","8479,11165321467","5,58966466242418",0,0,"-88,4419496848859","-87,1585712404145","88,6335985405704","16571850838,3698","-37,503197479248","26,0801078328066","-0,0000432","1,78652249760908","405,570627909849","2564178,07484958"
"2565624,07484958",1,"16592117138,7488","1089938,84507954","236859,745147594","8477,31785063415","5,58966466242418",0,0,"-88,4815977227324","-87,2257189165277","88,6678098992691","16575535981,3858","-37,5052047729492","26,0801078328066","-0,0000433","1,78652249760908","405,570627909849","2566178,07484958"
"2567624,07484958",1,"16595800919,5945","740119,80540357","236915,129142075","8475,52457828224","5,58966466242418",0,0,"-88,5211946976142","-87,2930336257665","88,7020068627379","16579220881,9266","-37,507169342041","26,0801078328066","-0,0000433","1,78652249760908","405,570627909849","2568178,07484958"
"2569624,07484958",1,"16599484438,9949","390303,481307634","236970,508403755","8473,7318374893","5,58966466242418",0,0,"-88,5607411099466","-87,3605158945073","88,7361894010503","16582905536,535","-37,509090423584","26,0801078328066","-0,0000434","1,78652249760908","405,570627909849","2570178,07484958"
"2571624,07484958",1,"16603167693,4928","40543,5792152795","237025,882881367","8471,93962958212","5,58966466242418",0,0,"-88,6002367621574","-87,4281662366265","88,7703575269501","16586589941,7547","-37,5109676361084","26,0801078328066","-0,0000434","1,78652249760908","405,570627909849","2572178,07484958"
"2573624,07484958",1,"16606850679,6822","309348,827923904","237081,25252442","8470,1479558839","5,58966466242418",0,0,"-88,6396820719247","-87,495984869516","88,8045112424745","16590274094,1389","-37,5128028869629","26,0801078328066","-0,0000435","1,78652249760908","405,570627909849","2574178,07484958"
"2575624,07484958",1,"16610533394,1221","659161,562096605","237136,617281906","8468,35681771434","5,58966466242418",0,0,"-88,6790768831489","-87,5639732935115","88,8386505176068","16593957990,2416","-37,5145946502686","26,0801078328066","-0,0000435","1,78652249760908","405,570627909849","2576178,07484958"
"2577624,07484958",1,"16614215833,3905","1008976,63546804","237191,977103104","8466,56621638956","5,58966466242418",0,0,"-88,7184215215805","-87,6321312746496","88,8727753436504","16597641626,6211","-37,516344833374","26,0801078328066","-0,0000435","1,78652249760908","405,570627909849","2578178,07484958"
"2579624,07484958",1,"16617897994,1058","1358791,52221798","237247,331937887","8464,77615322216","5,58966466242418",0,0,"-88,7577160263356","-87,7004597676109","88,9068857118757","16601324999,8461","-37,5180519104004","26,0801078328066","-0,0000436","1,78652249760908","405,570627909849","2580178,07484958"
"2581624,07484958",1,"16621579872,8372","1708604,74698498","237302,681735404","8462,98662952118","5,58966466242418",0,0,"-88,7969604878285","-87,7689592799601","88,940981613526","16605008106,4855","-37,5197162628174","26,0801078328066","-0,0000436","1,78652249760908","405,570627909849","2582178,07484958"
"2583624,07484958",1,"16625261466,1879","1711488,13369755","237358,026445317","8461,19764659216","5,58966466242418",0,0,"-88,8361553232314","-87,8376301547001","88,9750630398138","16608690943,1157","-37,5213367462158","26,0801078328066","-0,0000437","1,78652249760908","405,570627909849","2584178,07484958"
"2585624,07484958",1,"16628942770,7587","1361676,43172409","237413,366017252","8459,40920573713","5,58966466242418",0,0,"-88,8753003990556","-87,9064732636293","89,0091299552332","16612373506,3167","-37,5229152679443","26,0801078328066","-0,0000437","1,78652249760908","405,570627909849","2586178,07484958"
"2587624,07484958",1,"16632623783,1498","1011864,52124572","237468,700400835","8457,62130825459","5,58966466242418",0,0,"-88,9143960828534","-87,9754889824117","89,0431823936311","16616055792,6722","-37,5244506835937","26,0801078328066","-0,0000438","1,78652249760908","405,570627909849","2588178,07484958"
"2589624,07484958",1,"16636304499,9736","662053,863465513","237524,029545868","8455,83395543953","5,58966466242418",0,0,"-88,9534420640773","-88,0446780342931","89,0772203354545","16619737798,7701","-37,5259429931641","26,0801078328066","-0,0000438","1,78652249760908","405,570627909849","2590178,07484958"
"2591624,07484958",1,"16639984917,8395","312246,963942891","237579,353402118","8454,04714858346","5,58966466242418",0,0,"-88,9924386469754","-88,1140409062855","89,1112437664557","16623419521,2047","-37,5273948669434","26,0801078328066","-0,0000439","1,78652249760908","405,570627909849","2592178,07484958"
"2593624,07484958",1,"16643665033,3916","37642,2252964901","237634,671919856","8452,26088897441","5,58966466242418",0,0,"-89,031386135923","-88,1835784081827","89,14525266702","16627100956,5757","-37,5288028717041","26,0801078328066","-0,0000439","1,78652249760908","405,570627909849","2594178,07484958"
"2595624,07484958",1,"16647344843,2414","387388,822443194","237689,985048892","8450,47517789689","5,58966466242418",0,0,"-89,0702846910339","-88,2532904721698","89,1792470388501","16630782101,4876","-37,5301696777344","26,0801078328066","-0,000044","1,78652249760908","405,570627909849","2596178,07484958"
"2597624,07484958",1,"16651024344,0242","737194,742383237","237745,292739376","8448,69001663195","5,58966466242418",0,0,"-89,109134357119","-88,3231785788158","89,2132268782813","16634462952,551","-37,5314922332764","26,0801078328066","-0,000044","1,78652249760908","405,570627909849","2598178,07484958"
"2599624,07484958",1,"16654703532,3629","1087001,92011743","237800,594941288","8446,90540645719","5,58966466242418",0,0,"-89,1479353165537","-88,3932429398943","89,2471921495982","16638143506,3767","-37,5327724456787","26,0801078328066","-0,0000441","1,78652249760908","405,570627909849","2600178,07484958"
"2601624,07484958",1,"16658382404,9098","1436808,65071117","237855,891605039","8445,12134864672","5,58966466242418",0,0,"-89,1866877062045","-88,4634839803277","89,2811428650849","16641823759,5839","-37,5340106964111","26,0801078328066","-0,0000441","1,78652249760908","405,570627909849","2602178,07484958"
"2603624,07484958",1,"16662060958,3066","1786612,13053395","237911,182680903","8443,33784447119","5,58966466242418",0,0,"-89,2253913709307","-88,5339024058537","89,3150790049767","16645503708,7958","-37,5352062225342","26,0801078328066","-0,0000441","1,78652249760908","405,570627909849","2604178,07484958"
"2605624,07484958",1,"16665739189,1965","1633487,68338825","237966,468119157","8441,55489519783","5,58966466242418",0,0,"-89,2640466178136","-88,6044990235105","89,3490005814948","16649183350,6396","-37,5363597869873","26,0801078328066","-0,0000442","1,78652249760908","405,570627909849","2606178,07484958"
"2607624,07484958",1,"16669417094,2307","1283683,54002876","238021,747870206","8439,77250209041","5,58966466242418",0,0,"-89,3026535612552","-88,6752742490432","89,3829075534666","16652862681,7477","-37,5374717712402","26,0801078328066","-0,0000442","1,78652249760908","405,570627909849","2608178,07484958"
"2609624,07484958",1,"16673094670,0872","933879,728984445","238077,021884858","8437,99066640925","5,58966466242418",0,0,"-89,3412127135201","-88,7462282479863","89,4167999303858","16656541698,759","-37,5385406494141","26,0801078328066","-0,0000443","1,78652249760908","405,570627909849","2610178,07484958"
"2611624,07484958",1,"16676771913,4165","584077,430525511","238132,29011352","8436,20938941125","5,58966466242418",0,0,"-89,3797239136634","-88,8173624805734","89,4506777030375","16660220398,3167","-37,5395664215088","26,0801078328066","-0,0000443","1,78652249760908","405,570627909849","2612178,07484958"
"2613624,07484958",1,"16680448820,8791","234280,791893045","238187,552506753","8434,42867234991","5,58966466242418",0,0,"-89,4181872094689","-88,8886771126787","89,4845408568402","16663898777,0655","-37,5405506134033","26,0801078328066","-0,0000444","1,78652249760908","405,570627909849","2614178,07484958"
"2615624,07484958",1,"16684125389,1626","115555,544181035","238242,809015507","8432,64851647527","5,58966466242418",0,0,"-89,4566025575435","-88,9601728556403","89,5183893851863","16667576831,6576","-37,5414928436279","26,0801078328066","-0,0000444","1,78652249760908","405,570627909849","2616178,07484958"
"2617624,07484958",1,"16687801614,9295","465340,421240762","238298,059590378","8430,868923034","5,58966466242418",0,0,"-89,4949702634319","-89,0318501491189","89,5522232654291","16671254558,7481","-37,5423919677734","26,0801078328066","-0,0000445","1,78652249760908","405,570627909849","2618178,07484958"
"2619624,07484958",1,"16691477494,8717","815139,129019954","238353,304182392","8429,08989326935","5,58966466242418",0,0,"-89,5332905213726","-89,1037097148839","89,5860425255857","16674931954,999","-37,5432502746582","26,0801078328066","-0,0000445","1,78652249760908","405,570627909849","2620178,07484958"
"2621624,07484958",1,"16695153025,6765","1164938,43074782","238408,542742521","8427,31142842118","5,58966466242418",0,0,"-89,5715635169677","-89,1757519909578","89,6198471216034","16678609017,0757","-37,5440658569336","26,0801078328066","-0,0000446","1,78652249760908","405,570627909849","2622178,07484958"
"2623624,07484958",1,"16698828204,0307","1514737,09457455","238463,775221716","8425,53352972594","5,58966466242418",0,0,"-89,609789402444","-89,2479778857665","89,6536370787703","16682285741,6481","-37,5448406219482","26,0801078328066","-0,0000446","1,78652249760908","405,570627909849","2624178,07484958"
"2625624,07484958",1,"16702503026,6385","1864517,29676654","238519,001571202","8423,75619841673","5,58966466242418",0,0,"-89,6479681474831","-89,3203877513564","89,6874123556404","16685962125,3923","-37,545573425293","26,0801078328066","-0,0000447","1,78652249760908","405,570627909849","2626178,07484958"
"2627624,07484958",1,"16706177490,2022","1555575,29897854","238574,221742178","8421,97943572326","5,58966466242418",0,0,"-89,6860998953054","-89,3929822548598","89,7211729654342","16689638164,9895","-37,5462646484375","26,0801078328066","-0,0000447","1,78652249760908","405,570627909849","2628178,07484958"
"2629624,07484958",1,"16709851591,4095","1205778,8835812","238629,435685625","8420,20324287186","5,58966466242418",0,0,"-89,7241848036216","-89,4657621772482","89,7549188913252","16693313857,1217","-37,5469142913818","26,0801078328066","-0,0000447","1,78652249760908","405,570627909849","2630178,07484958"
"2631624,07484958",1,"16713525327,006","855983,104882195","238684,643353388","8418,4276210855","5,58966466242418",0,0,"-89,7622230017075","-89,5387278304887","89,7886500937783","16696989198,4806","-37,5475231170654","26,0801078328066","-0,0000448","1,78652249760908","405,570627909849","2632178,07484958"
"2633624,07484958",1,"16717198693,6728","506189,142249277","238739,844696353","8416,65257158382","5,58966466242418",0,0,"-89,8002144615706","-89,6118800735989","89,8223666099343","16700664185,76","-37,5480903625488","26,0801078328066","-0,0000448","1,78652249760908","405,570627909849","2634178,07484958"
"2635624,07484958",1,"16720871688,1539","156405,173856553","238795,039666343","8414,87809558308","5,58966466242418",0,0,"-89,8381597809762","-89,68521953025","89,8560684139539","16704338815,6591","-37,548616027832","26,0801078328066","-0,0000449","1,78652249760908","405,570627909849","2636178,07484958"
"2637624,07484958",1,"16724544307,1657","193419,406542006","238850,228214779","8413,10419429623","5,58966466242418",0,0,"-89,8760587518063","-89,758746406658","89,8897555043973","16708013084,8827","-37,5491012573242","26,0801078328066","-0,0000449","1,78652249760908","405,570627909849","2638178,07484958"
"2639624,07484958",1,"16728216547,4309","543204,750175829","238905,41029318","8411,33086893284","5,58966466242418",0,0,"-89,9139113030693","-89,832461792054","89,9234278366878","16711686990,1387","-37,5495441436768","26,0801078328066","-0,000045","1,78652249760908","405,570627909849","2640178,07484958"
"2641624,07484958",1,"16731888405,6854","892996,077405858","238960,585853261","8409,55812069918","5,58966466242418",0,0,"-89,9517178237169","-89,9063661989864","89,9570854508457","16715360528,1396","-37,549946975708","26,0801078328066","-0,000045","1,78652249760908","405,570627909849","2642178,07484958"
"2643624,07484958",1,"16735559878,6783","1242787,60655368","239015,75484693","8407,78595079821","5,58966466242418",0,0,"-89,9894782393438","-89,9804598097167","89,9907283211601","16719033695,6043","-37,5503078460693","26,0801078328066","-0,0000451","1,78652249760908","405,570627909849","2644178,07484958"
"2645624,07484958",1,"16739230963,1429","1592578,2046202","239070,917225874","8406,01436042955","5,58966466242418",0,0,"-90,0271928927119","-90,0547442664013","90,0243564298937","16722706489,2547","-37,5506275177002","26,0801078328066","-0,0000451","1,78652249760908","405,570627909849","2646178,07484958"
"2647624,07484958",1,"16742901655,8334","1827533,70620979","239126,072942086","8404,24335078952","5,58966466242418",0,0,"-90,06486195504","-90,1292195850111","90,0579697912954","16726378905,8179","-37,5509059906006","26,0801078328066","-0,0000452","1,78652249760908","405,570627909849","2648178,07484958"
"2649624,07484958",1,"16746571953,4996","1477749,75967343","239181,221947497","8402,47292307113","5,58966466242418",0,0,"-90,1024852481518","-90,2038862287083","90,0915683762276","16730050942,0269","-37,5511425018311","26,0801078328066","-0,0000452","1,78652249760908","405,570627909849","2650178,07484958"
"2651624,07484958",1,"16750241852,8862","1127961,0552801","239236,364193962","8400,70307846412","5,58966466242418",0,0,"-90,1400632043554","-90,2787448995741","90,125152196877","16733722594,6149","-37,5513378143311","26,0801078328066","-0,0000453","1,78652249760908","405,570627909849","2652178,07484958"
"2653624,07484958",1,"16753911350,776","778173,205872301","239291,49963391","8398,93381815491","5,58966466242418",0,0,"-90,1775957930249","-90,3537964872649","90,1587212233782","16737393860,3252","-37,5514923095703","26,0801078328066","-0,0000453","1,78652249760908","405,570627909849","2654178,07484958"
"2655624,07484958",1,"16757580443,9254","428387,644173012","239346,628219382","8397,16514332666","5,58966466242418",0,0,"-90,2150830610991","-90,4290410470028","90,1922754567678","16741064735,9024","-37,5516056060791","26,0801078328066","-0,0000453","1,78652249760908","405,570627909849","2656178,07484958"
"2657624,07484958",1,"16761249129,1048","78626,6304106216","239401,749902629","8395,39705515923","5,58966466242418",0,0,"-90,2525251304546","-90,5044797611224","90,2258149029715","16744735218,0963","-37,5516784667969","26,0801078328066","-0,0000454","1,78652249760908","405,570627909849","2658178,07484958"
"2659624,07484958",1,"16764917403,1007","271202,257842869","239456,86463614","8393,62955482925","5,58966466242418",0,0,"-90,289922464194","-90,5801133755178","90,259339538952","16748405303,6633","-37,5517116546631","26,0801078328066","-0,0000454","1,78652249760908","405,570627909849","2660178,07484958"
"2661624,07484958",1,"16768585262,6738","620983,10852168","239511,972372024","8391,86264351004","5,58966466242418",0,0,"-90,3272747775814","-90,6559423638863","90,2928493610695","16752074989,3621","-37,5517021179199","26,0801078328066","-0,0000455","1,78652249760908","405,570627909849","2662178,07484958"
"2663624,07484958",1,"16772252704,6239","970767,035121507","239567,07306297","8390,09632237171","5,58966466242418",0,0,"-90,364582418101","-90,7319674775674","90,3263443433075","16755744271,9567","-37,5516525268555","26,0801078328066","-0,0000455","1,78652249760908","405,570627909849","2664178,07484958"
"2665624,07484958",1,"16775919725,7328","1320550,8545963","239622,166661409","8388,3305925811","5,58966466242418",0,0,"-90,4018454929378","-90,8081885658693","90,3598245183175","16759413148,2157","-37,5515632629395","26,0801078328066","-0,0000456","1,78652249760908","405,570627909849","2666178,07484958"
"2667624,07484958",1,"16779586322,8122","1670333,32470782","239677,253120212","8386,56545530179","5,58966466242418",0,0,"-90,4390638873298","-90,8846069228056","90,3932898240031","16763081614,9135","-37,5514324188232","26,0801078328066","-0,0000456","1,78652249760908","405,570627909849","2668178,07484958"
"2669624,07484958",1,"16783252492,6518","1749789,78524723","239732,332391937","8384,80091169416","5,58966466242418",0,0,"-90,4762380849886","-90,9612230925185","90,4267402796139","16766749668,8288","-37,5512619018555","26,0801078328066","-0,0000457","1,78652249760908","405,570627909849","2670178,07484958"
"2671624,07484958",1,"16786918232,0572","1400009,69379983","239787,404429372","8383,03696291533","5,58966466242418",0,0,"-90,513367762554","-91,0380379895815","90,4601758990336","16770417306,7459","-37,551050567627","26,0801078328066","-0,0000457","1,78652249760908","405,570627909849","2672178,07484958"
"2673624,07484958",1,"16790583537,8222","1050228,64964356","239842,469185135","8381,27361011922","5,58966466242418",0,0,"-90,5504534978474","-91,1150520142823","90,4935966560939","16774084525,4505","-37,5507995605469","26,0801078328066","-0,0000458","1,78652249760908","405,570627909849","2674178,07484958"
"2675624,07484958",1,"16794248406,7827","700448,653249613","239897,526612472","8379,51085445653","5,58966466242418",0,0,"-90,5874951136268","-91,1922660522032","90,5270025592817","16777751321,7362","-37,5505069732666","26,0801078328066","-0,0000458","1,78652249760908","405,570627909849","2676178,07484958"
"2677624,07484958",1,"16797912835,7444","350671,662690157","239952,576664184","8377,74869707473","5,58966466242418",0,0,"-90,624492768963","-91,269680488376","90,5603935663576","16781417692,4002","-37,550174331665","26,0801078328066","-0,0000459","1,78652249760908","405,570627909849","2678178,07484958"
"2679624,07484958",1,"16801576821,5293","2419,08867125329","240007,619293303","8375,98713911811","5,58966466242418",0,0,"-90,6614466599483","-91,3472953459035","90,5937696937512","16785083634,243","-37,5498008728027","26,0801078328066","-0,0000459","1,78652249760908","405,570627909849","2680178,07484958"
"2681624,07484958",1,"16805240360,9782","348901,983142392","240062,654453159","8374,22618172776","5,58966466242418",0,0,"-90,698356791755","-91,4251117951167","90,6271309471919","16788749144,0735","-37,5493877410889","26,0801078328066","-0,0000459","1,78652249760908","405,570627909849","2682178,07484958"
"2683624,07484958",1,"16808903450,8952","698676,862702714","240117,682096549","8372,46582604157","5,58966466242418",0,0,"-90,7352234658344","-91,503130590079","90,6604772976881","16792414218,7006","-37,5489349365234","26,0801078328066","-0,000046","1,78652249760908","405,570627909849","2684178,07484958"
"2685624,07484958",1,"16812566088,1471","1048453,39048454","240172,702177174","8370,70607319426","5,58966466242418",0,0,"-90,7720465622049","-91,5813525588346","90,6938087322302","16796078854,942","-37,5484397888184","26,0801078328066","-0,000046","1,78652249760908","405,570627909849","2686178,07484958"
"2687624,07484958",1,"16816228269,5445","1398229,60927687","240227,71464793","8368,94692431736","5,58966466242418",0,0,"-90,8088263528803","-91,6597782042296","90,7271252617898","16799743049,6152","-37,5479053497314","26,0801078328066","-0,0000461","1,78652249760908","405,570627909849","2688178,07484958"
"2689624,07484958",1,"16819889991,9499","1748003,47126878","240282,719462459","8367,18838053925","5,58966466242418",0,0,"-90,8455628531563","-91,7384081099661","90,7604268813001","16803406799,5451","-37,5473320007324","26,0801078328066","-0,0000461","1,78652249760908","405,570627909849","2690178,07484958"
"2691624,07484958",1,"16823551252,2103","1672127,12618364","240337,716574204","8365,43044298513","5,58966466242418",0,0,"-90,8822563138511","-91,817242882908","90,7937135803283","16807070101,5604","-37,5467182159424","26,0801078328066","-0,0000462","1,78652249760908","405,570627909849","2692178,07484958"
"2693624,07484958",1,"16827212047,1866","1322353,680889","240392,705936807","8363,67311277703","5,58966466242418",0,0,"-90,9189067477301","-91,8962831093937","90,8269853537468","16810732952,4968","-37,5460628509521","26,0801078328066","-0,0000462","1,78652249760908","405,570627909849","2694178,07484958"
"2695624,07484958",1,"16830872373,7244","972580,20113186","240447,687503676","8361,91639103388","5,58966466242418",0,0,"-90,9555143008936","-91,9755296283687","90,8602421643772","16814395349,191","-37,545369720459","26,0801078328066","-0,0000463","1,78652249760908","405,570627909849","2696178,07484958"
"2697624,07484958",1,"16834532228,6979","622807,983485633","240502,661228656","8360,1602788714","5,58966466242418",0,0,"-90,9920791076846","-92,05498273571","90,8934840390501","16818057288,4863","-37,5446353912354","26,0801078328066","-0,0000463","1,78652249760908","405,570627909849","2698178,07484958"
"2699624,07484958",1,"16838191608,9643","273040,089932979","240557,62706534","8358,40477740223","5,58966466242418",0,0,"-91,0286011756631","-92,1346435215828","90,9267109778839","16821718767,2298","-37,5438613891602","26,0801078328066","-0,0000464","1,78652249760908","405,570627909849","2700178,07484958"
"2701624,07484958",1,"16841850511,4068","76774,1936539572","240612,584967706","8356,64988773585","5,58966466242418",0,0,"-91,0650808106461","-92,2145126600744","90,9599229222627","16825379782,2727","-37,5430477142334","26,0801078328066","-0,0000464","1,78652249760908","405,570627909849","2702178,07484958"
"2703624,07484958",1,"16845508932,9077","426519,077157064","240667,534889719","8354,89561097861","5,58966466242418",0,0,"-91,1015177502442","-92,2945906145655","90,9931199202736","16829040330,4739","-37,5421939849854","26,0801078328066","-0,0000465","1,78652249760908","405,570627909849","2704178,07484958"
"2705624,07484958",1,"16849166870,3382","776287,414620441","240722,476785191","8353,14194823377","5,58966466242418",0,0,"-91,1379126268254","-92,3748777959327","91,0263019239117","16832700408,6931","-37,5413028717041","26,0801078328066","-0,0000465","1,78652249760908","405,570627909849","2706178,07484958"
"2707624,07484958",1,"16852824320,5956","1126056,62822134","240777,410608321","8351,38890060145","5,58966466242418",0,0,"-91,1742654319511","-92,4553752941776","91,0594689705337","16836360013,7982","-37,5403713226318","26,0801078328066","-0,0000465","1,78652249760908","405,570627909849","2708178,07484958"
"2709624,07484958",1,"16856481280,5578","1475825,29000678","240832,336313025","8349,63646917868","5,58966466242418",0,0,"-91,2105759818166","-92,5360839197212","91,0926210227462","16840019142,659","-37,5393993377686","26,0801078328066","-0,0000466","1,78652249760908","405,570627909849","2710178,07484958"
"2711624,07484958",1,"16860137747,1293","1825587,6456562","240887,253853606","8347,8846550594","5,58966466242418",0,0,"-91,2468445815715","-92,6170038074072","91,125758080487","16843677792,1509","-37,5383884429932","26,0801078328066","-0,0000466","1,78652249760908","405,570627909849","2712178,07484958"
"2713624,07484958",1,"16863793717,213","1594546,66457593","240942,163184346","8346,13345933443","5,58966466242418",0,0,"-91,2830713074748","-92,6981355920796","91,1588801223128","16847335959,1535","-37,5373386383057","26,0801078328066","-0,0000467","1,78652249760908","405,570627909849","2714178,07484958"
"2715624,07484958",1,"16867449187,6899","1244780,26571968","240997,064259221","8344,38288309154","5,58966466242418",0,0,"-91,3192561257289","-92,779480297464","91,1919871694479","16850993640,55","-37,5362476348877","26,0801078328066","-0,0000467","1,78652249760908","405,570627909849","2716178,07484958"
"2717624,07484958",1,"16871104155,4924","895014,268826396","241051,957032952","8342,63292741539","5,58966466242418",0,0,"-91,3553995224858","-92,8610388171063","91,225079211064","16854650833,2295","-37,5351207733154","26,0801078328066","-0,0000468","1,78652249760908","405,570627909849","2718178,07484958"
"2719624,07484958",1,"16874758617,5301","545249,797161089","241106,841459939","8340,88359338759","5,58966466242418",0,0,"-91,3915013834204","-92,9428110746237","91,2581562256274","16858307534,0861","-37,5339534759521","26,0801078328066","-0,0000468","1,78652249760908","405,570627909849","2720178,07484958"
"2721624,07484958",1,"16878412570,719","195492,336842562","241161,717494681","8339,13488208668","5,58966466242418",0,0,"-91,4275616219953","-93,0247983434098","91,2912182235977","16861963740,0173","-37,532746887207","26,0801078328066","-0,0000469","1,78652249760908","405,570627909849","2722178,07484958"
"2723624,07484958",1,"16882066011,9764","154301,495471289","241216,585091682","8337,38679458812","5,58966466242418",0,0,"-91,4635807755073","-93,1070008074189","91,3242651833807","16865619447,9242","-37,5315006256103","26,0801078328066","-0,0000469","1,78652249760908","405,570627909849","2724178,07484958"
"2725624,07484958",1,"16885718938,2254","504054,628869787","241271,44420555","8335,63933196435","5,58966466242418",0,0,"-91,4995584843925","-93,1894193342226","91,3572971260508","16869274654,7129","-37,5302146911621","26,0801078328066","-0,000047","1,78652249760908","405,570627909849","2726178,07484958"
"2727624,07484958",1,"16889371346,4044","853816,192123549","241326,29479111","8333,89249528475","5,58966466242418",0,0,"-91,5354950246185","-93,2720547433798","91,3903140086048","16872929357,2938","-37,5288909912109","26,0801078328066","-0,000047","1,78652249760908","405,570627909849","2728178,07484958"
"2729624,07484958",1,"16893023233,4544","1203578,14975501","241381,136803234","8332,14628561563","5,58966466242418",0,0,"-91,5713907343708","-93,3549074569833","91,4233158627324","16876583552,5834","-37,5275272369385","26,0801078328066","-0,0000471","1,78652249760908","405,570627909849","2730178,07484958"
"2731624,07484958",1,"16896674596,3023","1553339,32173249","241435,970196597","8330,40070402032","5,58966466242418",0,0,"-91,6072455597847","-93,4379780706276","91,45630263469","16880237237,5007","-37,5261249542236","26,0801078328066","-0,0000471","1,78652249760908","405,570627909849","2732178,07484958"
"2733624,07484958",1,"16900325431,9049","1866784,54629318","241490,794926305","8328,65575155909","5,58966466242418",0,0,"-91,6430595847371","-93,5212677148176","91,4892743667863","16883890408,9699","-37,5246845245361","26,0801078328066","-0,0000471","1,78652249760908","405,570627909849","2734178,07484958"
"2735624,07484958",1,"16903975737,219","1517047,31333673","241545,610947477","8326,91142928919","5,58966466242418",0,0,"-91,6788330060323","-93,6047767584945","91,5222310265683","16887543063,9228","-37,5232048034668","26,0801078328066","-0,0000472","1,78652249760908","405,570627909849","2736178,07484958"
"2737624,07484958",1,"16907625509,1922","1167288,04942175","241600,418215088","8325,16773826486","5,58966466242418",0,0,"-91,7145656917188","-93,6885058632715","91,5551726135812","16891195199,2928","-37,5216850280762","26,0801078328066","-0,0000472","1,78652249760908","405,570627909849","2738178,07484958"
"2739624,07484958",1,"16911274744,7658","817529,431104996","241655,216684028","8323,42467953733","5,58966466242418",0,0,"-91,7502580575486","-93,7724560849712","91,5880991380158","16894846812,0164","-37,5201274871826","26,0801078328066","-0,0000473","1,78652249760908","405,570627909849","2740178,07484958"
"2741624,07484958",1,"16914923440,9146","467772,713705202","241710,006309683","8321,68225415484","5,58966466242418",0,0,"-91,7859101594584","-93,8566269284098","91,6210105566493","16898497899,0359","-37,5185314178467","26,0801078328066","-0,0000473","1,78652249760908","405,570627909849","2742178,07484958"
"2743624,07484958",1,"16918571594,6198","118029,954326124","241764,787047545","8319,94046316263","5,58966466242418",0,0,"-91,821521961035","-93,9410202594","91,6539069009676","16902148457,3003","-37,5168968200684","26,0801078328066","-0,0000474","1,78652249760908","405,570627909849","2744178,07484958"
"2745624,07484958",1,"16922219202,8408","231759,262703353","241819,558852777","8318,19930760293","5,58966466242418",0,0,"-91,8570935824541","-94,0256364186027","91,6867881383645","16905798483,7618","-37,5152240753174","26,0801078328066","-0,0000474","1,78652249760908","405,570627909849","2746178,07484958"
"2747624,07484958",1,"16925866262,5521","581509,916499394","241874,321680766","8316,45878851502","5,58966466242418",0,0,"-91,8926251951615","-94,1104760850589","91,7196542789123","16909447975,3766","-37,5135108947754","26,0801078328066","-0,0000475","1,78652249760908","405,570627909849","2748178,07484958"
"2749624,07484958",1,"16929512770,7326","931264,638074097","241929,075486977","8314,71890693517","5,58966466242418",0,0,"-91,9281168682657","-94,195539895814","91,7525053006221","16913096929,1044","-37,5117607116699","26,0801078328066","-0,0000475","1,78652249760908","405,570627909849","2750178,07484958"
"2751624,07484958",1,"16933158724,3773","1281019,42791224","241983,820227104","8312,97966389672","5,58966466242418",0,0,"-91,963568741665","-94,2808283291275","91,7853412241797","16916745341,9119","-37,5099716186523","26,0801078328066","-0,0000476","1,78652249760908","405,570627909849","2752178,07484958"
"2753624,07484958",1,"16936804120,4748","1630773,07326263","242038,555856754","8311,24106043001","5,58966466242418",0,0,"-91,9989808093306","-94,3663421661087","91,8181620061835","16920393210,7689","-37,5081436157227","26,0801078328066","-0,0000476","1,78652249760908","405,570627909849","2754178,07484958"
"2755624,07484958",1,"16940448956,0095","1789377,41102297","242093,282331478","8309,50309756245","5,58966466242418",0,0,"-92,0343533792898","-94,4520821158448","91,8509676779408","16924040532,6479","-37,5062793731689","26,0801078328066","-0,0000477","1,78652249760908","405,570627909849","2756178,07484958"
"2757624,07484958",1,"16944093227,9816","1439627,71763778","242147,999607057","8307,76577631847","5,58966466242418",0,0,"-92,0696866186699","-94,5380488745496","91,88375822802","16927687304,5269","-37,5043746948242","26,0801078328066","-0,0000477","1,78652249760908","405,570627909849","2758178,07484958"
"2759624,07484958",1,"16947736933,4014","1089875,54714645","242202,70763943","8306,02909771959","5,58966466242418",0,0,"-92,104980215526","-94,6242431142711","91,9165336236012","16931333523,3904","-37,5024318695068","26,0801078328066","-0,0000477","1,78652249760908","405,570627909849","2760178,07484958"
"2761624,07484958",1,"16951380069,2728","740124,218505971","242257,40638444","8304,29306278436","5,58966466242418",0,0,"-92,1402345920223","-94,7106658805454","91,949293895901","16934979186,2263","-37,500452041626","26,0801078328066","-0,0000478","1,78652249760908","405,570627909849","2762178,07484958"
"2763624,07484958",1,"16955022632,6047","390375,352327502","242312,095798005","8302,55767252843","5,58966466242418",0,0,"-92,1754498568296","-94,7973176356078","91,9820390334026","16938624290,0248","-37,4984340667725","26,0801078328066","-0,0000478","1,78652249760908","405,570627909849","2764178,07484958"
"2765624,07484958",1,"16958664620,4162","40677,9522281536","242366,775836199","8300,82292796449","5,58966466242418",0,0,"-92,2106260874476","-94,8841985932837","92,0147690138692","16942268831,7823","-37,4963775634766","26,0801078328066","-0,0000479","1,78652249760908","405,570627909849","2766178,07484958"
"2767624,07484958",1,"16962306029,7262","309140,576475937","242421,446455093","8299,08883010234","5,58966466242418",0,0,"-92,2457631887172","-94,9713094926501","92,0474838257196","16945912808,4997","-37,4942832946777","26,0801078328066","-0,0000479","1,78652249760908","405,570627909849","2768178,07484958"
"2769624,07484958",1,"16965946857,5671","658886,284032968","242476,107610968","8297,35537994884","5,58966466242418",0,0,"-92,2808614032472","-95,058650906463","92,0801835000593","16949556217,1832","-37,4921524047852","26,0801078328066","-0,000048","1,78652249760908","405,570627909849","2770178,07484958"
"2771624,07484958",1,"16969587100,9584","1008634,18410545","242530,759259905","8295,62257850798","5,58966466242418",0,0,"-92,3159208566444","-95,1462242567181","92,1128680038838","16953199054,8413","-37,4899829864502","26,0801078328066","-0,000048","1,78652249760908","405,570627909849","2772178,07484958"
"2773624,07484958",1,"16973226756,9301","1358381,89486015","242585,40135815","8293,89042678082","5,58966466242418",0,0,"-92,3509417205274","-95,2340298979447","92,14553734688","16956841318,4868","-37,487776184082","26,0801078328066","-0,0000481","1,78652249760908","405,570627909849","2774178,07484958"
"2775624,07484958",1,"16976865822,5297","1708127,77219898","242640,033862207","8292,15892576552","5,58966466242418",0,0,"-92,3859238548993","-95,3220681851212","92,1781914746251","16960483005,1388","-37,4855312347412","26,0801078328066","-0,0000481","1,78652249760908","405,570627909849","2776178,07484958"
"2777624,07484958",1,"16980504294,7924","1712031,02617488","242694,6567284","8290,42807645739","5,58966466242418",0,0,"-92,4208675180343","-95,4103397162792","92,2108304181086","16964124111,8199","-37,4832485198975","26,0801078328066","-0,0000482","1,78652249760908","405,570627909849","2778178,07484958"
"2779624,07484958",1,"16984142170,7817","1362286,46178746","242749,269913481","8288,69787984882","5,58966466242418",0,0,"-92,4557728083939","-95,4988455183562","92,2434541655625","16967764635,5579","-37,4809295654297","26,0801078328066","-0,0000482","1,78652249760908","405,570627909849","2780178,07484958"
"2781624,07484958",1,"16987779447,5326","1012541,31447697","242803,873373777","8286,96833692933","5,58966466242418",0,0,"-92,490639850075","-95,5875860529084","92,2760627265569","16971404573,3839","-37,4785701751709","26,0801078328066","-0,0000483","1,78652249760908","405,570627909849","2782178,07484958"
"2783624,07484958",1,"16991416122,1075","662797,210901336","242858,467066017","8285,23944868561","5,58966466242418",0,0,"-92,5254686666889","-95,6765615512889","92,3086560465466","16975043922,3342","-37,4761753082275","26,0801078328066","-0,0000483","1,78652249760908","405,570627909849","2784178,07484958"
"2785624,07484958",1,"16995052191,5655","313056,483863966","242913,050946898","8283,51121610143","5,58966466242418",0,0,"-92,5602594794348","-95,7657739034479","92,3412341991256","16978682679,4491","-37,4737419128418","26,0801078328066","-0,0000483","1,78652249760908","405,570627909849","2786178,07484958"
"2787624,07484958",1,"16998687652,9687","36761,2917734679","242967,624973154","8281,78364015775","5,58966466242418",0,0,"-92,5950124596834","-95,8552227795207","92,3737971296841","16982320841,7734","-37,4712726593018","26,0801078328066","-0,0000484","1,78652249760908","405,570627909849","2788178,07484958"
"2789624,07484958",1,"17002322503,3865","386445,244330509","243022,189101628","8280,05672183265","5,58966466242418",0,0,"-92,6297275076163","-95,9449095197781","92,4063448690464","16985958406,3553","-37,4687648773193","26,0801078328066","-0,0000484","1,78652249760908","405,570627909849","2790178,07484958"
"2791624,07484958",1,"17005956739,8969","736185,166002848","243076,743289301","8278,33046210138","5,58966466242418",0,0,"-92,6644046742866","-96,0348345171193","92,4388773838969","16989595370,2492","-37,4662204742432","26,0801078328066","-0,0000485","1,78652249760908","405,570627909849","2792178,07484958"
"2793624,07484958",1,"17009590359,5717","1085926,28703924","243131,287493055","8276,60486193635","5,58966466242418",0,0,"-92,6990442625159","-96,1249980059493","92,4713946622652","16993231730,5133","-37,4636371612549","26,0801078328066","-0,0000485","1,78652249760908","405,570627909849","2794178,07484958"
"2795624,07484958",1,"17013223359,4994","1435666,97034256","243185,821670026","8274,87992230713","5,58966466242418",0,0,"-92,7336463672951","-96,2154012188773","92,5038967562421","16996867484,2103","-37,4610176086426","26,0801078328066","-0,0000486","1,78652249760908","405,570627909849","2796178,07484958"
"2797624,07484958",1,"17016855736,7598","1785403,94442941","243240,345777226","8273,15564418048","5,58966466242418",0,0,"-92,7682108844633","-96,3060446565876","92,5363836110709","17000502628,407","-37,4583614349365","26,0801078328066","-0,0000486","1,78652249760908","405,570627909849","2798178,07484958"
"2799624,07484958",1,"17020487488,4365","1634760,43753389","243294,859771719","8271,43202852033","5,58966466242418",0,0,"-92,8027381064191","-96,3969287183497","92,5688552360504","17004137160,1725","-37,4556671142578","26,0801078328066","-0,0000487","1,78652249760908","405,570627909849","2800178,07484958"
"2801624,07484958",1,"17024118611,6382","1285022,14564488","243349,363610944","8269,7090762878","5,58966466242418",0,0,"-92,8372280118918","-96,4880550473384","92,6013116404623","17007771076,5831","-37,4529373168945","26,0801078328066","-0,0000487","1,78652249760908","405,570627909849","2802178,07484958"
"2803624,07484958",1,"17027749103,4485","935283,932047574","243403,857251979","8267,9867884412","5,58966466242418",0,0,"-92,8716807142641","-96,5794234832058","92,6337528121798","17011404374,7172","-37,4501682281494","26,0801078328066","-0,0000488","1,78652249760908","405,570627909849","2804178,07484958"
"2805624,07484958",1,"17031378960,9837","585546,981242735","243458,34065238","8266,26516593604","5,58966466242418",0,0,"-92,9060962812063","-96,671034320678","92,6661787176926","17015037051,659","-37,4473636627197","26,0801078328066","-0,0000488","1,78652249760908","405,570627909849","2806178,07484958"
"2807624,07484958",1,"17035008181,3572","235815,150901815","243512,813769661","8264,54420972503","5,58966466242418",0,0,"-92,9404748532517","-96,7628888973078","92,6985893875491","17018669104,4978","-37,4445217132568","26,0801078328066","-0,0000488","1,78652249760908","405,570627909849","2808178,07484958"
"2809624,07484958",1,"17038636761,6678","113953,365378686","243567,276561135","8262,82392075812","5,58966466242418",0,0,"-92,9748164923164","-96,8549875646878","92,7309847668142","17022300530,326","-37,4416431427002","26,0801078328066","-0,0000489","1,78652249760908","405,570627909849","2810178,07484958"
"2811624,07484958",1,"17042264699,0362","463674,164850607","243621,728984423","8261,10429998243","5,58966466242418",0,0,"-93,0091213730765","-96,9473308944015","92,763364885973","17025931326,2399","-37,4387275695801","26,0801078328066","-0,0000489","1,78652249760908","405,570627909849","2812178,07484958"
"2813624,07484958",1,"17045891990,5896","813407,958464041","243676,170997258","8259,38534834234","5,58966466242418",0,0,"-93,0433894778489","-97,0399200912956","92,7957297541291","17029561489,3417","-37,4357761383057","26,0801078328066","-0,000049","1,78652249760908","405,570627909849","2814178,07484958"
"2815624,07484958",1,"17049518633,4421","1163142,35708523","243730,602557177","8257,66706677946","5,58966466242418",0,0,"-93,0776211097134","-97,1327552684508","92,8280793376178","17033191016,736","-37,4327865600586","26,0801078328066","-0,000049","1,78652249760908","405,570627909849","2816178,07484958"
"2817624,07484958",1,"17053144624,7307","1512876,10810247","243785,023622055","8255,9494562326","5,58966466242418",0,0,"-93,1118163443782","-97,2258373490614","92,8604136454788","17036819905,533","-37,429761505127","26,0801078328066","-0,0000491","1,78652249760908","405,570627909849","2818178,07484958"
"2819624,07484958",1,"17056769961,5961","1862589,54804486","243839,434149832","8254,23251763786","5,58966466242418",0,0,"-93,145975138786","-97,319167213576","92,8927326867236","17040448152,849","-37,4266994476318","26,0801078328066","-0,0000491","1,78652249760908","405,570627909849","2820178,07484958"
"2821624,07484958",1,"17060394641,1591","1557565,11986362","243893,834098149","8252,51625192855","5,58966466242418",0,0,"-93,180097587405","-97,4127448183666","92,9250364062231","17044075755,8011","-37,4236003875732","26,0801078328066","-0,0000492","1,78652249760908","405,570627909849","2822178,07484958"
"2823624,07484958",1,"17064018660,5782","1207833,31751785","243948,22342521","8250,80066003526","5,58966466242418",0,0,"-93,2141837853974","-97,5065712636957","92,9573248342992","17047702711,5141","-37,4204669952393","26,0801078328066","-0,0000492","1,78652249760908","405,570627909849","2824178,07484958"
"2825624,07484958",1,"17067642016,983","858101,937001006","244002,602088784","8249,08574288583","5,58966466242418",0,0,"-93,248233891523","-97,6006477799916","92,9895980012601","17051329017,114","-37,4172950744629","26,0801078328066","-0,0000493","1,78652249760908","405,570627909849","2826178,07484958"
"2827624,07484958",1,"17071264707,5262","508372,143594315","244056,970047004","8247,37150140535","5,58966466242418",0,0,"-93,2822479252678","-97,6949741332087","93,021855873251","17054954669,7309","-37,4140872955322","26,0801078328066","-0,0000493","1,78652249760908","405,570627909849","2828178,07484958"
"2829624,07484958",1,"17074886729,3702","158651,288513299","244111,327258125","8245,65793651622","5,58966466242418",0,0,"-93,3162260008349","-97,7895511733401","93,0540984163922","17058579666,5011","-37,4108421325684","26,0801078328066","-0,0000494","1,78652249760908","405,570627909849","2830178,07484958"
"2831624,07484958",1,"17078508079,6751","191106,681832009","244165,673680391","8243,94504913809","5,58966466242418",0,0,"-93,3501683886222","-97,8843797763953","93,0863257036509","17062204004,565","-37,4075618743897","26,0801078328066","-0,0000494","1,78652249760908","405,570627909849","2832178,07484958"
"2833624,07484958",1,"17082128755,6043","540828,559994969","244220,009272085","8242,23284018789","5,58966466242418",0,0,"-93,3840749293069","-97,979460624661","93,1185376583326","17065827681,0665","-37,4042465209961","26,0801078328066","-0,0000494","1,78652249760908","405,570627909849","2834178,07484958"
"2835624,07484958",1,"17085748754,3265","890556,099235124","244274,333991575","8240,52131057987","5,58966466242418",0,0,"-93,417945742511","-98,0747940837756","93,1507342892195","17069450693,1549","-37,4008941650391","26,0801078328066","-0,0000495","1,78652249760908","405,570627909849","2836178,07484958"
"2837624,07484958",1,"17089368073,0167","1240283,84554922","244328,647797323","8238,81046122555","5,58966466242418",0,0,"-93,4517810524358","-98,1703811700455","93,1829156050661","17073073037,9835","-37,397505569458","26,0801078328066","-0,0000495","1,78652249760908","405,570627909849","2838178,07484958"
"2839624,07484958",1,"17092986708,8359","1590010,64870445","244382,950647582","8237,10029303376","5,58966466242418",0,0,"-93,485580720318","-98,2662220398057","93,2150815932186","17076694712,7075","-37,3940814971924","26,0801078328066","-0,0000496","1,78652249760908","405,570627909849","2840178,07484958"
"2841624,07484958",1,"17096604658,9845","1830162,5772843","244437,242501196","8235,39080691065","5,58966466242418",0,0,"-93,5193450572742","-98,3623178309281","93,2472322837502","17080315714,4901","-37,3906219482422","26,0801078328066","-0,0000496","1,78652249760908","405,570627909849","2842178,07484958"
"2843624,07484958",1,"17100221920,6266","1480443,81522435","244491,523316467","8233,68200375967","5,58966466242418",0,0,"-93,5530742037994","-98,4586690097009","93,2793676639504","17083936040,4949","-37,3871238708496","26,0801078328066","-0,0000497","1,78652249760908","405,570627909849","2844178,07484958"
"2845624,07484958",1,"17103838490,9662","1130718,54272529","244545,793052302","8231,9738844816","5,58966466242418",0,0,"-93,5867682764115","-98,5552758789837","93,3114876569436","17087555687,8932","-37,3835926055908","26,0801078328066","-0,0000497","1,78652249760908","405,570627909849","2846178,07484958"
"2847624,07484958",1,"17107454367,2069","780993,906079817","244600,051667597","8230,26644997454","5,58966466242418",0,0,"-93,6204272674016","-98,6521395789277","93,3435923568621","17091174653,8613","-37,380025100708","26,0801078328066","-0,0000498","1,78652249760908","405,570627909849","2848178,07484958"
"2849624,07484958",1,"17111069546,5198","431271,28682164","244654,29912076","8228,55970113392","5,58966466242418",0,0,"-93,6540512728778","-98,7492604894723","93,3756817081336","17094792935,5762","-37,3764221191406","26,0801078328066","-0,0000498","1,78652249760908","405,570627909849","2850178,07484958"
"2851624,07484958",1,"17114684026,1198","81570,1865976025","244708,535370864","8226,85363885252","5,58966466242418",0,0,"-93,6876402195902","-98,8466392806148","93,4077556765585","17098410530,2207","-37,3727828979492","26,0801078328066","-0,0000499","1,78652249760908","405,570627909849","2852178,07484958"
"2853624,07484958",1,"17118297803,2042","268191,380954331","244762,760376713","8225,14826402047","5,58966466242418",0,0,"-93,7211944370852","-98,9442767063262","93,4398143348009","17102027434,9807","-37,3691066741943","26,0801078328066","-0,0000499","1,78652249760908","405,570627909849","2854178,07484958"
"2855624,07484958",1,"17121910874,992","617909,720648865","244816,974097443","8223,44357752523","5,58966466242418",0,0,"-93,7547138109741","-99,0421732357265","93,4718576058172","17105643647,0473","-37,3653949737549","26,0801078328066","-0,0000499","1,78652249760908","405,570627909849","2856178,07484958"
"2857624,07484958",1,"17125523238,6978","967630,985730933","244871,176492126","8221,73958025162","5,58966466242418",0,0,"-93,7881985870455","-99,1403299965305","93,5038855836289","17109259163,6154","-37,3616481781006","26,0801078328066","-0,00005","1,78652249760908","405,570627909849","2858178,07484958"
"2859624,07484958",1,"17129134891,5461","1317352,17747242","244925,367519975","8220,03627308184","5,58966466242418",0,0,"-93,8216490081822","-99,2387472642775","93,5358982125134","17112873981,8864","-37,3578662872314","26,0801078328066","-0,00005","1,78652249760908","405,570627909849","2860178,07484958"
"2861624,07484958",1,"17132745830,7429","1667071,91500946","244979,547139932","8218,33365689545","5,58966466242418",0,0,"-93,8550649154747","-99,3374250401581","93,5678954153319","17116488099,0622","-37,3540489196777","26,0801078328066","-0,0000501","1,78652249760908","405,570627909849","2862178,07484958"
"2863624,07484958",1,"17136356053,528","1753112,47424677","245033,715311452","8216,63173256937","5,58966466242418",0,0,"-93,8884464294067","-99,4363649626635","93,599877264632","17120101512,3524","-37,3501976013184","26,0801078328066","-0,0000501","1,78652249760908","405,570627909849","2864178,07484958"
"2865624,07484958",1,"17139965557,1351","1403395,21520982","245087,871993889","8214,93050097793","5,58966466242418",0,0,"-93,9217934948411","-99,5355669277997","93,6318437687612","17123714218,9693","-37,3463085174561","26,0801078328066","-0,0000502","1,78652249760908","405,570627909849","2866178,07484958"
"2867624,07484958",1,"17143574338,7857","1053676,40511501","245142,017146424","8213,22996299282","5,58966466242418",0,0,"-93,9551063743949","-99,6350320803715","93,663794893287","17127326216,1271","-37,3423851013184","26,0801078328066","-0,0000502","1,78652249760908","405,570627909849","2868178,07484958"
"2869624,07484958",1,"17147182395,7371","703958,462868041","245196,150728775","8211,53011948313","5,58966466242418",0,0,"-93,988385278406","-99,7347610279474","93,6957306464844","17130937501,0489","-37,3384265899658","26,0801078328066","-0,0000503","1,78652249760908","405,570627909849","2870178,07484958"
"2871624,07484958",1,"17150789725,2141","354243,148906011","245250,272700167","8209,83097131535","5,58966466242418",0,0,"-94,0216300007557","-99,8347541394423","93,7276509938456","17134548070,9583","-37,3344326019287","26,0801078328066","-0,0000503","1,78652249760908","405,570627909849","2872178,07484958"
"2873624,07484958",1,"17154396324,4766","5008,61041233175","245304,383020358","8208,13251935338","5,58966466242418",0,0,"-94,0548410014372","-99,9350119883271","93,7595559864067","17138157923,0855","-37,3304039001465","26,0801078328066","-0,0000504","1,78652249760908","405,570627909849","2874178,07484958"
"2875624,07484958",1,"17158002190,7754","345205,614438099","245358,481648974","8206,43476445852","5,58966466242418",0,0,"-94,0880181410989","-100,03553532019","93,7914456323613","17141767054,6639","-37,3263416290283","26,0801078328066","-0,0000504","1,78652249760908","405,570627909849","2876178,07484958"
"2877624,07484958",1,"17161607321,3517","694919,022022723","245412,568545489","8204,73770748949","5,58966466242418",0,0,"-94,1211613629428","-100,136324469965","93,8233198115651","17145375462,9293","-37,3222431182861","26,0801078328066","-0,0000504","1,78652249760908","405,570627909849","2878178,07484958"
"2879624,07484958",1,"17165211713,4799","1044634,0263657","245466,643669887","8203,04134930244","5,58966466242418",0,0,"-94,1542709401273","-100,237380126584","93,8551785749408","17148983145,1226","-37,3181091308594","26,0801078328066","-0,0000505","1,78652249760908","405,570627909849","2880178,07484958"
"2881624,07484958",1,"17168815364,4339","1394348,74124446","245520,706982134","8201,34569075092","5,58966466242418",0,0,"-94,1873469863366","-100,338703244684","93,887022016183","17152590098,4917","-37,313939666748","26,0801078328066","-0,0000505","1,78652249760908","405,570627909849","2882178,07484958"
"2883624,07484958",1,"17172418271,4746","1744060,88700354","245574,758442011","8199,65073268594","5,58966466242418",0,0,"-94,2203896166639","-100,440294496469","93,918850057833","17156196320,2864","-37,3097354888916","26,0801078328066","-0,0000506","1,78652249760908","405,570627909849","2884178,07484958"
"2885624,07484958",1,"17176020431,865","1676129,96404515","245628,798009328","8197,95647595596","5,58966466242418",0,0,"-94,2533987813596","-100,54215433315","93,950662707959","17159801807,7594","-37,3054985046387","26,0801078328066","-0,0000506","1,78652249760908","405,570627909849","2886178,07484958"
"2887624,07484958",1,"17179621842,8766","1326417,91884384","245682,825644022","8196,26292140684","5,58966466242418",0,0,"-94,286374702828","-100,644283100904","93,9824598890195","17163406558,1685","-37,3012252807617","26,0801078328066","-0,0000507","1,78652249760908","405,570627909849","2888178,07484958"
"2889624,07484958",1,"17183222501,8054","976705,49466414","245736,841306402","8194,57006988194","5,58966466242418",0,0,"-94,3193172742355","-100,746681478237","94,0142416946084","17167010568,7753","-37,2969177246094","26,0801078328066","-0,0000507","1,78652249760908","405,570627909849","2890178,07484958"
"2891624,07484958",1,"17186822405,9459","626994,148623222","245790,844956758","8192,87792222204","5,58966466242418",0,0,"-94,3522268825229","-100,849350426529","94,0460081327135","17170613836,8485","-37,2925758361816","26,0801078328066","-0,0000508","1,78652249760908","405,570627909849","2892178,07484958"
"2893624,07484958",1,"17190421552,5709","277286,624923876","245844,836555046","8191,1864792654","5,58966466242418",0,0,"-94,3851032569523","-100,952289816815","94,07775912572","17174216359,6579","-37,2881996154785","26,0801078328066","-0,0000508","1,78652249760908","405,570627909849","2894178,07484958"
"2895624,07484958",1,"17194019938,9685","72465,2939436802","245898,816061461","8189,49574184776","5,58966466242418",0,0,"-94,4179468073943","-101,055500970632","94,1094946815385","17177818134,4772","-37,2837882995605","26,0801078328066","-0,0000509","1,78652249760908","405,570627909849","2896178,07484958"
"2897624,07484958",1,"17197617562,453","422149,867603468","245952,783436589","8187,8057108023","5,58966466242418",0,0,"-94,4507574851839","-101,158984262841","94,1412148508785","17181419158,5874","-37,2793430328369","26,0801078328066","-0,0000509","1,78652249760908","405,570627909849","2898178,07484958"
"2899624,07484958",1,"17201214420,3208","771857,809654794","246006,738640749","8186,1163869597","5,58966466242418",0,0,"-94,4835354038749","-101,262740442821","94,1729196416177","17185019429,2715","-37,2748630523682","26,0801078328066","-0,0000509","1,78652249760908","405,570627909849","2900178,07484958"
"2901624,07484958",1,"17204810509,8669","1121566,64411019","246060,681634239","8184,42777114815","5,58966466242418",0,0,"-94,5162804450306","-101,366769645081","94,2046089760012","17188618943,8148","-37,2703491210938","26,0801078328066","-0,000051","1,78652249760908","405,570627909849","2902178,07484958"
"2903624,07484958",1,"17208405828,4078","1471274,94147504","246114,612377681","8182,73986419328","5,58966466242418",0,0,"-94,5489929176792","-101,471072214087","94,236282819033","17192217699,5081","-37,2658004760742","26,0801078328066","-0,000051","1,78652249760908","405,570627909849","2904178,07484958"
"2905624,07484958",1,"17212000373,2538","1820976,45302603","246168,530831606","8181,05266691826","5,58966466242418",0,0,"-94,5816729182688","-101,575649485111","94,2679413069473","17195815693,647","-37,2612171173096","26,0801078328066","-0,0000511","1,78652249760908","405,570627909849","2906178,07484958"
"2907624,07484958",1,"17215594141,7354","1599216,7976148","246222,436956852","8179,36618014375","5,58966466242418",0,0,"-94,6143204844457","-101,680501413175","94,2995843618641","17199412923,5328","-37,2566005706787","26,0801078328066","-0,0000511","1,78652249760908","405,570627909849","2908178,07484958"
"2909624,07484958",1,"17219187131,1641","1249510,55132877","246276,330713966","8177,6804046879","5,58966466242418",0,0,"-94,6469356826219","-101,785629130394","94,3312119487203","17203009386,4687","-37,251948928833","26,0801078328066","-0,0000512","1,78652249760908","405,570627909849","2910178,07484958"
"2911624,07484958",1,"17222779338,8723","899804,427446544","246330,212063812","8175,99534136641","5,58966466242418",0,0,"-94,6795186407983","-101,89103252133","94,3628241180452","17206605079,7613","-37,2472637176514","26,0801078328066","-0,0000512","1,78652249760908","405,570627909849","2912178,07484958"
"2913624,07484958",1,"17226370762,1856","550099,639677536","246384,080967157","8174,31099099247","5,58966466242418",0,0,"-94,7120693405241","-101,996713168113","94,394420834702","17210200000,7228","-37,2425437927246","26,0801078328066","-0,0000513","1,78652249760908","405,570627909849","2914178,07484958"
"2915624,07484958",1,"17229961398,4369","200401,00725669","246437,937384874","8172,62735437681","5,58966466242418",0,0,"-94,7445878898426","-102,102670660294","94,4260021491528","17213794146,6696","-37,2377902984619","26,0801078328066","-0,0000513","1,78652249760908","405,570627909849","2916178,07484958"
"2917624,07484958",1,"17233551244,9709","149331,190550027","246491,781278013","8170,94443232769","5,58966466242418",0,0,"-94,7770742999912","-102,208906066151","94,457567983396","17217387514,9214","-37,2330020904541","26,0801078328066","-0,0000514","1,78652249760908","405,570627909849","2918178,07484958"
"2919624,07484958",1,"17237140299,1166","499025,223364039","246545,612607394","8169,26222565091","5,58966466242418",0,0,"-94,8095289224602","-102,315419610778","94,489118345031","17220980102,801","-37,2281806945801","26,0801078328066","-0,0000514","1,78652249760908","405,570627909849","2920178,07484958"
"2921624,07484958",1,"17240728558,2296","848727,499315885","246599,431334235","8167,5807351498","5,58966466242418",0,0,"-94,8419515965805","-102,422212098439","94,5206532416127","17224571907,6373","-37,2233257293701","26,0801078328066","-0,0000515","1,78652249760908","405,570627909849","2922178,07484958"
"2923624,07484958",1,"17244316019,6666","1198430,21232711","246653,237419773","8165,89996162526","5,58966466242418",0,0,"-94,8743424737906","-102,529283855627","94,5521727235018","17228162926,7632","-37,2184371948242","26,0801078328066","-0,0000515","1,78652249760908","405,570627909849","2924178,07484958"
"2925624,07484958",1,"17247902680,7813","1548132,11691517","246707,030825197","8164,21990587573","5,58966466242418",0,0,"-94,9067016927632","-102,636635218147","94,5836767126107","17231753157,5159","-37,2135147094727","26,0801078328066","-0,0000515","1,78652249760908","405,570627909849","2926178,07484958"
"2927624,07484958",1,"17251488538,9309","1872033,82080963","246760,811511752","8162,54056869721","5,58966466242418",0,0,"-94,9390291491989","-102,744267602821","94,6151652592103","17235342597,2355","-37,2085586547852","26,0801078328066","-0,0000516","1,78652249760908","405,570627909849","2928178,07484958"
"2929624,07484958",1,"17255073591,469","1522372,01335661","246814,57944063","8160,86195088327","5,58966466242418",0,0,"-94,9713251114775","-102,852180196297","94,6466383707692","17238931243,266","-37,2035682678223","26,0801078328066","-0,0000516","1,78652249760908","405,570627909849","2930178,07484958"
"2931624,07484958",1,"17258657835,7612","1172671,7107902","246868,334573201","8159,18405322505","5,58966466242418",0,0,"-95,0035894876746","-102,96037464646","94,678095969069","17242519092,9549","-37,1985443115234","26,0801078328066","-0,0000517","1,78652249760908","405,570627909849","2932178,07484958"
"2933624,07484958",1,"17262241269,1844","822971,828266402","246922,076871012","8157,50687651127","5,58966466242418",0,0,"-95,0358226428046","-103,068850768416","94,7095381043416","17246106143,6548","-37,1934867858887","26,0801078328066","-0,0000517","1,78652249760908","405,570627909849","2934178,07484958"
"2935624,07484958",1,"17265823889,1229","473273,579976521","246975,806295716","8155,83042152824","5,58966466242418",0,0,"-95,0680244447969","-103,177609556172","94,7409647839741","17249692392,7234","-37,1883960723877","26,0801078328066","-0,0000518","1,78652249760908","405,570627909849","2936178,07484958"
"2937624,07484958",1,"17269405692,9402","123587,39690465","247029,522808656","8154,15468905983","5,58966466242418",0,0,"-95,1001950750757","-103,286650801286","94,772376015308","17253277837,5203","-37,1832725524902","26,0801078328066","-0,0000518","1,78652249760908","405,570627909849","2938178,07484958"
"2939624,07484958",1,"17272986678,0244","226140,310891503","247083,226371548","8152,47967988754","5,58966466242418",0,0,"-95,1323345448521","-103,39597612389","94,8037717628302","17256862475,4111","-37,1781154632568","26,0801078328066","-0,0000519","1,78652249760908","405,570627909849","2940178,07484958"
"2941624,07484958",1,"17276566841,7685","575832,888382614","247136,916946177","8150,80539479045","5,58966466242418",0,0,"-95,1644430872645","-103,505585230679","94,8351520338261","17260446303,7649","-37,1729251861572","26,0801078328066","-0,0000519","1,78652249760908","405,570627909849","2942178,07484958"
"2943624,07484958",1,"17280146181,5481","925529,438693771","247190,594494074","8149,13183454524","5,58966466242418",0,0,"-95,1965205412502","-103,615479176968","94,8665168784275","17264029319,9531","-37,1677017211914","26,0801078328066","-0,0000519","1,78652249760908","405,570627909849","2944178,07484958"
"2945624,07484958",1,"17283724694,76","1275226,07006925","247244,258977082","8147,45899992622","5,58966466242418",0,0,"-95,2285670349765","-103,72565793914","94,8978661753491","17267611521,351","-37,1624439239502","26,0801078328066","-0,000052","1,78652249760908","405,570627909849","2946178,07484958"
"2947624,07484958",1,"17287302378,8112","1624921,57099457","247297,910357206","8145,7868917053","5,58966466242418",0,0,"-95,2605828434418","-103,836121831035","94,9292000174833","17271192905,339","-37,1571537017822","26,0801078328066","-0,000052","1,78652249760908","405,570627909849","2948178,07484958"
"2949624,07484958",1,"17290879231,1035","1795285,26966277","247351,54859637","8144,11551065202","5,58966466242418",0,0,"-95,2925678623738","-103,94687233223","94,960518369174","17274773469,3024","-37,1518314361572","26,0801078328066","-0,0000521","1,78652249760908","405,570627909849","2950178,07484958"
"2951624,07484958",1,"17294455249,0508","1445594,44533941","247405,173656676","8142,44485753354","5,58966466242418",0,0,"-95,3245222914287","-104,057908942178","94,9918212804337","17278353210,6314","-37,1464752197266","26,0801078328066","-0,0000521","1,78652249760908","405,570627909849","2952178,07484958"
"2953624,07484958",1,"17298030430,044","1095900,03604907","247458,785499889","8140,77493311467","5,58966466242418",0,0,"-95,3564460244857","-104,169232246239","95,0231086298254","17281932126,7174","-37,1410861968994","26,0801078328066","-0,0000522","1,78652249760908","405,570627909849","2954178,07484958"
"2955624,07484958",1,"17301604771,517","746206,29380696","247512,384088415","8139,10573815783","5,58966466242418",0,0,"-95,388339302632","-104,280843076042","95,0543805101914","17285510214,9568","-37,1356636047363","26,0801078328066","-0,0000522","1,78652249760908","405,570627909849","2956178,07484958"
"2957624,07484958",1,"17305178270,8777","396514,690635373","247565,969384274","8137,43727342312","5,58966466242418",0,0,"-95,4202022876997","-104,392742028177","95,0856368857397","17289087472,7505","-37,1302089691162","26,0801078328066","-0,0000523","1,78652249760908","405,570627909849","2958178,07484958"
"2959624,07484958",1,"17308750925,5575","46863,4123262503","247619,541349837","8135,76953966827","5,58966466242418",0,0,"-95,4520347119731","-104,504928457579","95,1168777635154","17292663897,5038","-37,1247207641602","26,0801078328066","-0,0000523","1,78652249760908","405,570627909849","2960178,07484958"
"2961624,07484958",1,"17312322732,9758","302885,452873404","247673,099947298","8134,10253764865","5,58966466242418",0,0,"-95,4838371168103","-104,617403977532","95,1481031934089","17296239486,6246","-37,1192001342773","26,0801078328066","-0,0000524","1,78652249760908","405,570627909849","2962178,07484958"
"2963624,07484958",1,"17315893690,5679","652574,132327469","247726,645139087","8132,43626811733","5,58966466242418",0,0,"-95,5156091382185","-104,730168608591","95,1793130967136","17299814237,5265","-37,1136455535889","26,0801078328066","-0,0000524","1,78652249760908","405,570627909849","2964178,07484958"
"2965624,07484958",1,"17319463795,7699","1002264,96119348","247780,17688765","8130,77073182501","5,58966466242418",0,0,"-95,5473511291702","-104,843222808333","95,2105074803725","17303388147,6275","-37,1080596923828","26,0801078328066","-0,0000524","1,78652249760908","405,570627909849","2966178,07484958"
"2967624,07484958",1,"17323033046,0077","1351955,64817118","247833,69515528","8129,10592952008","5,58966466242418",0,0,"-95,5790631394925","-104,956567045432","95,2416863513451","17306961214,3472","-37,1024402618408","26,0801078328066","-0,0000525","1,78652249760908","405,570627909849","2968178,07484958"
"2969624,07484958",1,"17326601438,7329","1701644,41174647","247887,199904656","8127,44186194861","5,58966466242418",0,0,"-95,6107452229866","-105,070201449839","95,2728497165441","17310533435,1101","-37,0967887878418","26,0801078328066","-0,0000525","1,78652249760908","405,570627909849","2970178,07484958"
"2971624,07484958",1,"17330168971,3864","1718570,15200787","247940,691098296","8125,77852985434","5,58966466242418",0,0,"-95,6423973645657","-105,184126768866","95,3039975828786","17314104807,3437","-37,0911041259766","26,0801078328066","-0,0000526","1,78652249760908","405,570627909849","2972178,07484958"
"2973624,07484958",1,"17333735641,4345","1368882,71816161","247994,168699104","8124,1159339787","5,58966466242418",0,0,"-95,6740197349722","-105,298343541323","95,3351299571673","17317675328,4827","-37,0853881835938","26,0801078328066","-0,0000526","1,78652249760908","405,570627909849","2974178,07484958"
"2975624,07484958",1,"17337301446,2997","1019194,19590296","248047,632669322","8122,45407506084","5,58966466242418",0,0,"-95,7056123241638","-105,412851779514","95,3662468034251","17321244995,961","-37,0796401977539","26,0801078328066","-0,0000527","1,78652249760908","405,570627909849","2976178,07484958"
"2977624,07484958",1,"17340866383,4689","669506,506627847","248101,082972163","8120,79295383756","5,58966466242418",0,0,"-95,7371752126355","-105,527651978401","95,3973481284372","17324813807,2201","-37,0738594055176","26,0801078328066","-0,0000527","1,78652249760908","405,570627909849","2978178,07484958"
"2979624,07484958",1,"17344430450,3898","319821,797623155","248154,519570253","8119,13257104342","5,58966466242418",0,0,"-95,7687087749752","-105,642745142993","95,4284339389848","17328381759,7033","-37,068045425415","26,0801078328066","-0,0000528","1,78652249760908","405,570627909849","2980178,07484958"
"2981624,07484958",1,"17347993644,5376","29947,9206902189","248207,942426626","8117,47292741065","5,58966466242418",0,0,"-95,8002126050865","-105,758130938571","95,4595042418463","17331948850,8595","-37,0622001647949","26,0801078328066","-0,0000528","1,78652249760908","405,570627909849","2982178,07484958"
"2983624,07484958",1,"17351555963,37","379566,339601351","248261,351504062","8115,8140236692","5,58966466242418",0,0,"-95,8316872200667","-105,873809253208","95,4905590008568","17335515078,1397","-37,056324005127","26,0801078328066","-0,0000529","1,78652249760908","405,570627909849","2984178,07484958"
"2985624,07484958",1,"17355117404,3741","729250,301132776","248314,746765777","8114,15586054677","5,58966466242418",0,0,"-95,8631324765328","-105,989781750595","95,5215983084911","17339080439,0001","-37,0504150390625","26,0801078328066","-0,0000529","1,78652249760908","405,570627909849","2986178,07484958"
"2987624,07484958",1,"17358677965,0214","1078935,44213827","248368,128174755","8112,49843876876","5,58966466242418",0,0,"-95,8945484105453","-106,106048068287","95,552622085656","17342644930,9015","-37,044474029541","26,0801078328066","-0,0000529","1,78652249760908","405,570627909849","2988178,07484958"
"2989624,07484958",1,"17362237642,805","1428620,22953879","248421,495694306","8110,8417590583","5,58966466242418",0,0,"-95,9259351247488","-106,222608987798","95,5836303390023","17346208551,3087","-37,0385009765625","26,0801078328066","-0,000053","1,78652249760908","405,570627909849","2990178,07484958"
"2991624,07484958",1,"17365796435,1825","1778301,12030299","248474,849287209","8109,18582213628","5,58966466242418",0,0,"-95,9572927475565","-106,339464560892","95,6146229893686","17349771297,6883","-37,0324966430664","26,0801078328066","-0,000053","1,78652249760908","405,570627909849","2992178,07484958"
"2993624,07484958",1,"17369354339,6609","1641918,04066208","248528,18891698","8107,53062872131","5,58966466242418",0,0,"-95,9886213811866","-106,456614431273","95,645600172022","17353333167,511","-37,0264591217041","26,0801078328066","-0,0000531","1,78652249760908","405,570627909849","2994178,07484958"
"2995624,07484958",1,"17372911353,7499","1292235,54043216","248581,514547183","8105,87617952976","5,58966466242418",0,0,"-96,0199211197036","-106,574060002218","95,6765618077694","17356894158,256","-37,0203895568848","26,0801078328066","-0,0000531","1,78652249760908","405,570627909849","2996178,07484958"
"2997624,07484958",1,"17376467474,9163","942552,820058731","248634,826140733","8104,22247527575","5,58966466242418",0,0,"-96,0511920996006","-106,691801070876","95,7075079889572","17360454267,4008","-37,0142875671387","26,0801078328066","-0,0000532","1,78652249760908","405,570627909849","2998178,07484958"
"2999624,07484958",1,"17380022700,6835","592871,137041199","248688,123661399","8102,56951667115","5,58966466242418",0,0,"-96,0824339978131","-106,809837680966","95,7384386362872","17364013492,4301","-37,0081558227539","26,0801078328066","-0,0000532","1,78652249760908","405,570627909849","3000178,07484958"
"3001624,07484958",1,"17383577028,5425","243193,936869329","248741,407072464","8100,91730442562","5,58966466242418",0,0,"-96,1136472053759","-106,928171207444","95,7693537133617","17367571830,8306","-37,0019901275635","26,0801078328066","-0,0000533","1,78652249760908","405,570627909849","3002178,07484958"
"3003624,07484958",1,"17387130456,0034","106518,153401593","248794,676337494","8099,26583924657","5,58966466242418",0,0,"-96,144831766686","-107,046801678493","95,8002532695425","17371129280,094","-36,9957935333252","26,0801078328066","-0,0000533","1,78652249760908","405,570627909849","3004178,07484958"
"3005624,07484958",1,"17390682980,5854","456183,768595827","248847,9314202","8097,61512183918","5,58966466242418",0,0,"-96,175987818413","-107,165728623661","95,8311372254562","17374685837,7151","-36,9895652770996","26,0801078328066","-0,0000534","1,78652249760908","405,570627909849","3006178,07484958"
"3007624,07484958",1,"17394234599,8063","805862,667609267","248901,172284265","8095,96515290642","5,58966466242418",0,0,"-96,2071152067584","-107,284952844208","95,8620056733385","17378241501,1936","-36,983304977417","26,0801078328066","-0,0000534","1,78652249760908","405,570627909849","3008178,07484958"
"3009624,07484958",1,"17397785311,1631","1155542,1864406","248954,398893066","8094,31593314904","5,58966466242418",0,0,"-96,2382143227044","-107,404474168016","95,8928585766594","17381796268,0294","-36,9770130157471","26,0801078328066","-0,0000534","1,78652249760908","405,570627909849","3010178,07484958"
"3011624,07484958",1,"17401335112,2121","1505221,10893037","249007,611210867","8092,6674632656","5,58966466242418",0,0,"-96,2692852177651","-107,524293245751","95,9236959846904","17385350135,7323","-36,9706886291504","26,0801078328066","-0,0000535","1,78652249760908","405,570627909849","3012178,07484958"
"3013624,07484958",1,"17404884000,4662","1854882,86013758","249060,809201283","8091,01974395243","5,58966466242418",0,0,"-96,3003277354655","-107,644411047578","95,9545179038021","17388903101,8129","-36,9643352508545","26,0801078328066","-0,0000535","1,78652249760908","405,570627909849","3014178,07484958"
"3015624,07484958",1,"17408431973,4534","1565328,81882073","249113,992828156","8089,37277590368","5,58966466242418",0,0,"-96,3313419191979","-107,764826569241","95,9853242544494","17392455163,7832","-36,9579490661621","26,0801078328066","-0,0000536","1,78652249760908","405,570627909849","3016178,07484958"
"3017624,07484958",1,"17411979028,7195","1215651,6239716","249167,162055597","8087,72655981129","5,58966466242418",0,0,"-96,3623280367387","-107,885540794679","96,0161150000079","17396006319,1635","-36,9515323638916","26,0801078328066","-0,0000536","1,78652249760908","405,570627909849","3018178,07484958"
"3019624,07484958",1,"17415525163,7941","865974,602345284","249220,316847472","8086,08109636502","5,58966466242418",0,0,"-96,3932860126628","-108,006553661051","96,0468901896259","17399556565,4746","-36,9450843811035","26,0801078328066","-0,0000537","1,78652249760908","405,570627909849","3020178,07484958"
"3021624,07484958",1,"17419070376,2238","516298,930088929","249273,457167904","8084,43638625247","5,58966466242418",0,0,"-96,4242161141035","-108,127865029376","96,0776498724828","17403105900,2427","-36,9386054992676","26,0801078328066","-0,0000537","1,78652249760908","405,570627909849","3022178,07484958"
"3023624,07484958",1,"17422614663,5587","166630,935756759","249326,58298107","8082,79243015901","5,58966466242418",0,0,"-96,4551182619587","-108,249475976936","96,1083940118535","17406654320,9983","-36,9320938110352","26,0801078328066","-0,0000538","1,78652249760908","405,570627909849","3024178,07484958"
"3025624,07484958",1,"17426158023,3455","183070,77205703","249379,694251096","8081,14922876789","5,58966466242418",0,0,"-96,4859924715939","-108,371386179175","96,1391226568486","17410201825,2743","-36,9255519866943","26,0801078328066","-0,0000538","1,78652249760908","405,570627909849","3026178,07484958"
"3027624,07484958",1,"17429700453,1399","532738,803218063","249432,790942242","8079,50678276017","5,58966466242418",0,0,"-96,516839042969","-108,493596029608","96,1698357277651","17413748410,6076","-36,9189792633057","26,0801078328066","-0,0000538","1,78652249760908","405,570627909849","3028178,07484958"
"3029624,07484958",1,"17433241950,5072","882412,525786983","249485,873018916","8077,86509281475","5,58966466242418",0,0,"-96,5476577336402","-108,616105855548","96,2005332736645","17417294074,542","-36,9123760223389","26,0801078328066","-0,0000539","1,78652249760908","405,570627909849","3030178,07484958"
"3031624,07484958",1,"17436782513,0017","1232086,49512981","249538,940445358","8076,22415960838","5,58966466242418",0,0,"-96,578448679945","-108,738915528769","96,2312152147548","17420838814,621","-36,9057430267334","26,0801078328066","-0,0000539","1,78652249760908","405,570627909849","3032178,07484958"
"3033624,07484958",1,"17440322138,1904","1581759,55129068","249591,993186003","8074,58398381564","5,58966466242418",0,0,"-96,6092120989938","-108,862025185466","96,2618815571423","17424382628,3934","-36,8990772247314","26,0801078328066","-0,000054","1,78652249760908","405,570627909849","3034178,07484958"
"3035624,07484958",1,"17443860823,6286","1838463,6150289","249645,031205108","8072,94456610898","5,58966466242418",0,0,"-96,6399481777834","-108,985435352042","96,2925323497922","17427925513,4109","-36,8923824310303","26,0801078328066","-0,000054","1,78652249760908","405,570627909849","3036178,07484958"
"3037624,07484958",1,"17447398566,9064","1488801,4752625","249698,054467452","8071,30590715872","5,58966466242418",0,0,"-96,6706566283027","-109,109145968925","96,3231675557804","17431467467,2296","-36,8856555938721","26,0801078328066","-0,0000541","1,78652249760908","405,570627909849","3038178,07484958"
"3039624,07484958",1,"17450935365,5945","1139129,65615889","249751,062937527","8069,66800763302","5,58966466242418",0,0,"-96,7013377119353","-109,233157268289","96,3537872670175","17435008487,4097","-36,8788974761963","26,0801078328066","-0,0000541","1,78652249760908","405,570627909849","3040178,07484958"
"3041624,07484958",1,"17454471217,287","789458,280216237","249804,056580173","8068,03086819792","5,58966466242418",0,0,"-96,7319916036368","-109,357469690997","96,3843914035894","17438548571,516","-36,8721088409424","26,0801078328066","-0,0000542","1,78652249760908","405,570627909849","3042178,07484958"
"3043624,07484958",1,"17458006119,5695","439788,614055719","249857,035360107","8066,39448951734","5,58966466242418",0,0,"-96,7626182735732","-109,482082802093","96,4149800573687","17442087717,1171","-36,8652912139893","26,0801078328066","-0,0000542","1,78652249760908","405,570627909849","3044178,07484958"
"3045624,07484958",1,"17461540070,0101","90136,4729188698","249909,999241781","8064,75887225307","5,58966466242418",0,0,"-96,7932178942517","-109,60699692282","96,445553105385","17445625921,7835","-36,8584423065186","26,0801078328066","-0,0000543","1,78652249760908","405,570627909849","3046178,07484958"
"3047624,07484958",1,"17465073066,2095","259567,108254051","249962,948190138","8063,12401706479","5,58966466242418",0,0,"-96,8237903962848","-109,732212570638","96,4761105964926","17449163183,0905","-36,8515632629395","26,0801078328066","-0,0000543","1,78652249760908","405,570627909849","3048178,07484958"
"3049624,07484958",1,"17468605105,7805","609232,665706929","250015,882170302","8061,48992461008","5,58966466242418",0,0,"-96,8543359564679","-109,857729426664","96,5066525365784","17452699498,6178","-36,844652557373","26,0801078328066","-0,0000543","1,78652249760908","405,570627909849","3050178,07484958"
"3051624,07484958",1,"17472136186,3074","958901,177698053","250068,80114697","8059,8565955444","5,58966466242418",0,0,"-96,8848544573784","-109,983547356462","96,5371788884726","17456234865,9484","-36,8377113342285","26,0801078328066","-0,0000544","1,78652249760908","405,570627909849","3052178,07484958"
"3053624,07484958",1,"17475666305,3976","1308569,67400414","250121,705085188","8058,22403052112","5,58966466242418",0,0,"-96,9153461619981","-110,109666900785","96,5676897439997","17459769282,6691","-36,8307411193848","26,0801078328066","-0,0000544","1,78652249760908","405,570627909849","3054178,07484958"
"3055624,07484958",1,"17479195460,6696","1658236,70734109","250174,593950167","8056,59223019151","5,58966466242418",0,0,"-96,9458110367086","-110,236088090546","96,5981850229825","17463302746,3732","-36,823738861084","26,0801078328066","-0,0000545","1,78652249760908","405,570627909849","3056178,07484958"
"3057624,07484958",1,"17482723649,7142","1761998,91534827","250227,467706706","8054,96119520476","5,58966466242418",0,0,"-96,9762490865139","-110,362810651705","96,6286647741676","17466835254,654","-36,816707611084","26,0801078328066","-0,0000545","1,78652249760908","405,570627909849","3058178,07484958"
"3059624,07484958",1,"17486250870,1532","1412334,79152709","250280,326320065","8053,33092620795","5,58966466242418",0,0,"-97,0066606196256","-110,489835043689","96,6591288743755","17470366805,1098","-36,8096458435059","26,0801078328066","-0,0000546","1,78652249760908","405,570627909849","3060178,07484958"
"3061624,07484958",1,"17489777119,5977","1062668,34068685","250333,169755348","8051,70142384612","5,58966466242418",0,0,"-97,0370454753795","-110,617160956265","96,6895774582864","17473897395,3409","-36,8025550842285","26,0801078328066","-0,0000546","1,78652249760908","405,570627909849","3062178,07484958"
"3063624,07484958",1,"17493302395,6896","713002,505810168","250385,997978119","8050,07268876221","5,58966466242418",0,0,"-97,0674038750589","-110,744788457057","96,7200103596608","17477427022,9529","-36,7954322814941","26,0801078328066","-0,0000547","1,78652249760908","405,570627909849","3064178,07484958"
"3065624,07484958",1,"17496826696,0527","363339,007981561","250438,810953672","8048,4447215971","5,58966466242418",0,0,"-97,097735657223","-110,872717950976","96,750427756087","17480955685,5572","-36,7882804870605","26,0801078328066","-0,0000547","1,78652249760908","405,570627909849","3066178,07484958"
"3067624,07484958",1,"17500350018,3123","13824,7322047455","250491,608647327","8046,8175229896","5,58966466242418",0,0,"-97,1280412117018","-111,000948923531","96,7808296102339","17484483380,7675","-36,7810977935791","26,0801078328066","-0,0000547","1,78652249760908","405,570627909849","3068178,07484958"
"3069624,07484958",1,"17503872360,0884","336004,890925432","250544,391024319","8045,19109357646","5,58966466242418",0,0,"-97,1583203346303","-111,129481359007","96,8112158417341","17488010106,1983","-36,7738861083984","26,0801078328066","-0,0000548","1,78652249760908","405,570627909849","3070178,07484958"
"3071624,07484958",1,"17507393719,0142","685666,563549306","250597,158050084","8043,56543399239","5,58966466242418",0,0,"-97,1885733732865","-111,258315705107","96,841586542127","17491535859,4689","-36,7666439056396","26,0801078328066","-0,0000548","1,78652249760908","405,570627909849","3072178,07484958"
"3073624,07484958",1,"17510914092,7471","1035329,90437087","250649,909690427","8041,94054487004","5,58966466242418",0,0,"-97,2188001676314","-111,38745201301","96,8719416310683","17495060638,2039","-36,7593715667725","26,0801078328066","-0,0000549","1,78652249760908","405,570627909849","3074178,07484958"
"3075624,07484958",1,"17514433478,9261","1384992,97759748","250702,645910869","8040,31642684002","5,58966466242418",0,0,"-97,2490008510653","-111,516889914565","96,9022812430734","17498584440,0295","-36,7520702362061","26,0801078328066","-0,0000549","1,78652249760908","405,570627909849","3076178,07484958"
"3077624,07484958",1,"17517951875,2134","1734653,44522505","250755,366677282","8038,69308053091","5,58966466242418",0,0,"-97,2791755189396","-111,646629466694","96,9326052546475","17502107262,5795","-36,7447387695313","26,0801078328066","-0,000055","1,78652249760908","405,570627909849","3078178,07484958"
"3079624,07484958",1,"17521469279,2579","1685587,95667362","250808,071955342","8037,07050656923","5,58966466242418",0,0,"-97,3093242628903","-111,776670665574","96,9629137142653","17505629103,4899","-36,7373767852783","26,0801078328066","-0,000055","1,78652249760908","405,570627909849","3080178,07484958"
"3081624,07484958",1,"17524985688,7083","1335927,58236299","250860,76171072","8035,4487055795","5,58966466242418",0,0,"-97,3394469226996","-111,907012767324","96,9932065844544","17509149960,401","-36,7299858093262","26,0801078328066","-0,0000551","1,78652249760908","405,570627909849","3082178,07484958"
"3083624,07484958",1,"17528501101,2043","986266,41785802","250913,435908956","8033,8276781842","5,58966466242418",0,0,"-97,3695438857995","-112,037656307624","97,0234838705957","17512669830,9525","-36,7225662231445","26,0801078328066","-0,0000551","1,78652249760908","405,570627909849","3084178,07484958"
"3085624,07484958",1,"17532015514,4244","636606,09412984","250966,094516167","8032,20742500381","5,58966466242418",0,0,"-97,3996151198107","-112,168601201045","97,0537456642119","17516188712,7896","-36,7151165008545","26,0801078328066","-0,0000551","1,78652249760908","405,570627909849","3086178,07484958"
"3087624,07484958",1,"17535528926,047","286949,10321707","251018,737498472","8030,58794665677","5,58966466242418",0,0,"-97,4296604646097","-112,299846903094","97,0839917555543","17519706603,5631","-36,707638168335","26,0801078328066","-0,0000552","1,78652249760908","405,570627909849","3088178,07484958"
"3089624,07484958",1,"17539041333,7368","62753,3504382711","251071,364821783","8028,96924375952","5,58966466242418",0,0,"-97,4596802626245","-112,431393963069","97,114222322074","17523223500,9279","-36,7001300811768","26,0801078328066","-0,0000552","1,78652249760908","405,570627909849","3090178,07484958"
"3091624,07484958",1,"17542552735,1694","412384,475302897","251123,976452179","8027,35131692652","5,58966466242418",0,0,"-97,4896743984628","-112,56324176752","97,1444373260827","17526739402,5435","-36,6925918579102","26,0801078328066","-0,0000553","1,78652249760908","405,570627909849","3092178,07484958"
"3093624,07484958",1,"17546063128,0149","762041,726707082","251176,572355655","8025,7341667702","5,58966466242418",0,0,"-97,5196429203281","-112,695389999855","97,1746367299169","17530254306,0702","-36,6850231170654","26,0801078328066","-0,0000553","1,78652249760908","405,570627909849","3094178,07484958"
"3095624,07484958",1,"17549572509,9619","1111699,90671548","251229,152498486","8024,11779390102","5,58966466242418",0,0,"-97,549586178475","-112,827838767597","97,2048205388944","17533768209,1738","-36,6774261474609","26,0801078328066","-0,0000554","1,78652249760908","405,570627909849","3096178,07484958"
"3097624,07484958",1,"17553080878,7014","1461357,62330131","251281,71684698","8022,50219892743","5,58966466242418",0,0,"-97,579504007911","-112,960587694281","97,2349887151791","17537281109,5226","-36,6698001861572","26,0801078328066","-0,0000554","1,78652249760908","405,570627909849","3098178,07484958"
"3099624,07484958",1,"17556588231,8969","1811008,86431248","251334,265367038","8020,88738245591","5,58966466242418",0,0,"-97,6093964615782","-113,093637262063","97,2651414792434","17540793004,7865","-36,6621467590332","26,0801078328066","-0,0000555","1,78652249760908","405,570627909849","3100178,07484958"
"3101624,07484958",1,"17560094567,2475","1609234,37144233","251386,79802509","8019,27334509097","5,58966466242418",0,0,"-97,6392637563273","-113,226986605799","97,2952785350353","17544303892,6405","-36,6544616699219","26,0801078328066","-0,0000555","1,78652249760908","405,570627909849","3102178,07484958"
"3103624,07484958",1,"17563599882,4798","1259578,58436255","251439,31478798","8017,66008743511","5,58966466242418",0,0,"-97,6691057297827","-113,360636246547","97,3254001029404","17547813770,768","-36,6467475891113","26,0801078328066","-0,0000555","1,78652249760908","405,570627909849","3104178,07484958"
"3105624,07484958",1,"17567104175,2697","909922,653939266","251491,815621794","8016,04761008891","5,58966466242418",0,0,"-97,6989225221088","-113,494584897418","97,3555059729778","17551322636,8525","-36,6390048980713","26,0801078328066","-0,0000556","1,78652249760908","405,570627909849","3106178,07484958"
"3107624,07484958",1,"17570607443,3143","560267,80738819","251544,300492937","8014,43591365094","5,58966466242418",0,0,"-97,7287143874107","-113,628833338509","97,385596408487","17554830488,5793","-36,6312324523926","26,0801078328066","-0,0000556","1,78652249760908","405,570627909849","3108178,07484958"
"3109624,07484958",1,"17574109684,312","210618,21704117","251596,769367833","8012,82499871785","5,58966466242418",0,0,"-97,7584811707229","-113,763380045902","97,4156711563259","17558337323,6368","-36,6234313964844","26,0801078328066","-0,0000557","1,78652249760908","405,570627909849","3110178,07484958"
"3111624,07484958",1,"17577610896,0003","139062,729765192","251649,222213492","8011,21486588432","5,58966466242418",0,0,"-97,7882231743567","-113,898226164908","97,4457304799396","17561843139,7199","-36,6156028747559","26,0801078328066","-0,0000557","1,78652249760908","405,570627909849","3112178,07484958"
"3113624,07484958",1,"17581111076,0914","488706,737987347","251701,658996543","8009,60551574306","5,58966466242418",0,0,"-97,8179404055058","-114,033370487839","97,4757741260455","17565347934,5275","-36,6077457427979","26,0801078328066","-0,0000558","1,78652249760908","405,570627909849","3114178,07484958"
"3115624,07484958",1,"17584610222,2895","838359,379997415","251754,079683499","8007,99694888486","5,58966466242418",0,0,"-97,8476326564013","-114,16881318968","97,5058021858527","17568851705,7603","-36,5998584747314","26,0801078328066","-0,0000558","1,78652249760908","405,570627909849","3116178,07484958"
"3117624,07484958",1,"17588108332,2976","1188012,45606401","251806,484240857","8006,38916589858","5,58966466242418",0,0,"-97,8773001984466","-114,304554187358","97,5358147504467","17572354451,1199","-36,5919429779053","26,0801078328066","-0,0000559","1,78652249760908","405,570627909849","3118178,07484958"
"3119624,07484958",1,"17591605403,8675","1537664,80704262","251858,872635841","8004,78216737111","5,58966466242418",0,0,"-97,9069431513149","-114,440592007068","97,5658115665285","17575856168,317","-36,5839981079102","26,0801078328066","-0,0000559","1,78652249760908","405,570627909849","3120178,07484958"
"3121624,07484958",1,"17595101434,7377","1882344,56964511","251911,244835477","8003,17595388743","5,58966466242418",0,0,"-97,9365613638527","-114,576927505377","97,5957928973856","17579356855,066","-36,576025390625","26,0801078328066","-0,0000559","1,78652249760908","405,570627909849","3122178,07484958"
"3123624,07484958",1,"17598596422,6136","1532937,57831392","251963,600806301","8001,57052603061","5,58966466242418",0,0,"-97,9661550969144","-114,713559669519","97,6257586619102","17582856509,0794","-36,5680244445801","26,0801078328066","-0,000056","1,78652249760908","405,570627909849","3124178,07484958"
"3125624,07484958",1,"17602090365,2302","1183286,59768966","252015,940515287","7999,96588438177","5,58966466242418",0,0,"-97,9957242649402","-114,850488158261","97,6557087788335","17586355128,0754","-36,5599945068359","26,0801078328066","-0,000056","1,78652249760908","405,570627909849","3126178,07484958"
"3127624,07484958",1,"17605583260,3393","833635,836769837","252068,263929662","7998,36202952013","5,58966466242418",0,0,"-98,0252688490424","-114,987713219834","97,6856433392628","17589852709,7779","-36,5519359588623","26,0801078328066","-0,0000561","1,78652249760908","405,570627909849","3128178,07484958"
"3129624,07484958",1,"17609075105,6885","483986,456606722","252120,57101659","7996,75896202301","5,58966466242418",0,0,"-98,0547892687136","-115,125234674133","97,7155623479948","17593349251,9156","-36,5438499450684","26,0801078328066","-0,0000561","1,78652249760908","405,570627909849","3130178,07484958"
"3131624,07484958",1,"17612565899,0196","134347,035453994","252172,86174315","7995,15668246579","5,58966466242418",0,0,"-98,0842853636313","-115,263051096087","97,7454657238552","17596844752,2175","-36,5357353210449","26,0801078328066","-0,0000562","1,78652249760908","405,570627909849","3132178,07484958"
"3133624,07484958",1,"17616055638,0695","215328,954413112","252225,136076353","7993,55519142199","5,58966466242418",0,0,"-98,1137573589526","-115,401162495399","97,7753535577183","17600339208,4153","-36,5275917053223","26,0801078328066","-0,0000562","1,78652249760908","405,570627909849","3134178,07484958"
"3135624,07484958",1,"17619544320,6003","564972,741693833","252277,393983578","7991,9544894632","5,58966466242418",0,0,"-98,143205079304","-115,539568064613","97,8052257682911","17603832618,2464","-36,5194202423096","26,0801078328066","-0,0000563","1,78652249760908","405,570627909849","3136178,07484958"
"3137624,07484958",1,"17623031944,3721","914620,69081388","252329,635432182","7990,35457715915","5,58966466242418",0,0,"-98,1726286196107","-115,678267386655","97,8350824465364","17607324979,4539","-36,5112201690674","26,0801078328066","-0,0000563","1,78652249760908","405,570627909849","3138178,07484958"
"3139624,07484958",1,"17626518507,1585","1264268,73497984","252381,860389718","7988,75545507764","5,58966466242418",0,0,"-98,2020279976108","-115,817261071372","97,8649235971966","17610816289,783","-36,5029922485352","26,0801078328066","-0,0000563","1,78652249760908","405,570627909849","3140178,07484958"
"3141624,07484958",1,"17630004006,6879","1613915,66288504","252434,068823071","7987,15712378464","5,58966466242418",0,0,"-98,2314036320465","-115,956548076851","97,8947491388303","17614306546,978","-36,4947364807129","26,0801078328066","-0,0000564","1,78652249760908","405,570627909849","3142178,07484958"
"3143624,07484958",1,"17633488440,7556","1806337,44533158","252486,260700122","7985,5595838442","5,58966466242418",0,0,"-98,2607551570832","-116,096127061282","97,9245589899551","17617795748,7922","-36,4864517211914","26,0801078328066","-0,0000564","1,78652249760908","405,570627909849","3144178,07484958"
"3145624,07484958",1,"17636971807,1267","1456696,56330587","252538,4359883","7983,96283581851","5,58966466242418",0,0,"-98,2900829180694","-116,23599868111","97,9543533276273","17621283892,9818","-36,4781383514404","26,0801078328066","-0,0000565","1,78652249760908","405,570627909849","3146178,07484958"
"3147624,07484958",1,"17640454103,5745","1107050,42382284","252590,594655164","7982,36688026791","5,58966466242418",0,0,"-98,3193869942423","-116,376161148378","97,9841320703816","17624770977,3053","-36,4697978973389","26,0801078328066","-0,0000565","1,78652249760908","405,570627909849","3148178,07484958"
"3149624,07484958",1,"17643935327,874","757404,756170625","252642,736668291","7980,77171775085","5,58966466242418",0,0,"-98,3486672880804","-116,516614853815","98,0138953090185","17628256999,5239","-36,4614288330078","26,0801078328066","-0,0000566","1,78652249760908","405,570627909849","3150178,07484958"
"3151624,07484958",1,"17647415477,8121","407760,900240198","252694,86199544","7979,17734882395","5,58966466242418",0,0,"-98,3779237758026","-116,657358942043","98,0436428757608","17631741957,4031","-36,4530326843262","26,0801078328066","-0,0000566","1,78652249760908","405,570627909849","3152178,07484958"
"3153624,07484958",1,"17650894551,1609","58146,0944191909","252746,970604148","7977,58377404194","5,58966466242418",0,0,"-98,4071565668686","-116,798393189978","98,073374947624","17635225848,7123","-36,4446086883545","26,0801078328066","-0,0000567","1,78652249760908","405,570627909849","3154178,07484958"
"3155624,07484958",1,"17654372545,7246","291542,664661811","252799,062462436","7975,99099395773","5,58966466242418",0,0,"-98,4363658511241","-116,939716949928","98,1030913566971","17638708671,2247","-36,4361572265625","26,0801078328066","-0,0000567","1,78652249760908","405,570627909849","3156178,07484958"
"3157624,07484958",1,"17657849459,285","641183,650491708","252851,137537984","7974,39900912239","5,58966466242418",0,0,"-98,4655519088497","-117,081329544892","98,1327921938293","17642190422,716","-36,4276779174805","26,0801078328066","-0,0000567","1,78652249760908","405,570627909849","3158178,07484958"
"3159624,07484958",1,"17661325289,6433","990826,857870011","252903,195798768","7972,80782008511","5,58966466242418",0,0,"-98,4947144602592","-117,223229885282","98,1624774635224","17645671100,9645","-36,4191703796387","26,0801078328066","-0,0000568","1,78652249760908","405,570627909849","3160178,07484958"
"3161624,07484958",1,"17664800034,6036","1340469,95269864","252955,237212804","7971,21742739329","5,58966466242418",0,0,"-98,5238535967663","-117,365417324859","98,192147170256","17649150703,756","-36,410636138916","26,0801078328066","-0,0000568","1,78652249760908","405,570627909849","3162178,07484958"
"3163624,07484958",1,"17668273691,9449","1690111,17054624","253007,261747742","7969,62783159248","5,58966466242418",0,0,"-98,5529694961743","-117,507892167133","98,2218013184866","17652629228,875","-36,402074432373","26,0801078328066","-0,0000569","1,78652249760908","405,570627909849","3164178,07484958"
"3165624,07484958",1,"17671746259,4939","1730149,78734998","253059,269371932","7968,03903322641","5,58966466242418",0,0,"-98,5820621656535","-117,650653475883","98,2514399990124","17656106674,1117","-36,3934852600098","26,0801078328066","-0,0000569","1,78652249760908","405,570627909849","3166178,07484958"
"3167624,07484958",1,"17675217735,0621","1380510,18250055","253111,260053503","7966,45103283697","5,58966466242418",0,0,"-98,6111315278962","-117,793700363414","98,2810630437103","17659583037,2604","-36,3848682403564","26,0801078328066","-0,000057","1,78652249760908","405,570627909849","3168178,07484958"
"3169624,07484958",1,"17678688116,4545","1030868,88293623","253163,233760496","7964,86383096426","5,58966466242418",0,0,"-98,640177827017","-117,937031776629","98,3106703706436","17663058316,1185","-36,3762237548828","26,0801078328066","-0,000057","1,78652249760908","405,570627909849","3170178,07484958"
"3171624,07484958",1,"17682157401,4917","681228,243433188","253215,190461173","7963,27742814656","5,58966466242418",0,0,"-98,6692009679888","-118,080647103382","98,3402622431115","17666532508,4865","-36,36755027771","26,0801078328066","-0,0000571","1,78652249760908","405,570627909849","3172178,07484958"
"3173624,07484958",1,"17685625587,993","331590,12525658","253267,130123781","7961,69182492033","5,58966466242418",0,0,"-98,6982011118686","-118,224546121827","98,3698384928843","17670005612,1697","-36,3588508605957","26,0801078328066","-0,0000571","1,78652249760908","405,570627909849","3174178,07484958"
"3175624,07484958",1,"17689092673,7791","18172,336075239","253319,052716593","7960,10702182024","5,58966466242418",0,0,"-98,7271783499845","-118,368727460908","98,3993992105382","17673477624,9751","-36,3501235961914","26,0801078328066","-0,0000571","1,78652249760908","405,570627909849","3176178,07484958"
"3177624,07484958",1,"17692558656,6821","367703,276108937","253370,958208046","7958,52301937916","5,58966466242418",0,0,"-98,7561324871227","-118,513190309054","98,4289442278249","17676948544,7148","-36,3413688659668","26,0801078328066","-0,0000572","1,78652249760908","405,570627909849","3178178,07484958"
"3179624,07484958",1,"17696023534,5208","717340,535804061","253422,846566385","7956,93981812816","5,58966466242418",0,0,"-98,785064017169","-118,657934230735","98,4584737216877","17680418369,2026","-36,3325874328613","26,0801078328066","-0,0000572","1,78652249760908","405,570627909849","3180178,07484958"
"3181624,07484958",1,"17699487305,148","1066979,04711348","253474,717760358","7955,35741859653","5,58966466242418",0,0,"-98,8139726310891","-118,802958134626","98,4879876100288","17683887096,257","-36,3237773895264","26,0801078328066","-0,0000573","1,78652249760908","405,570627909849","3182178,07484958"
"3183624,07484958",1,"17702949966,3947","1416617,23015355","253526,571758392","7953,77582131178","5,58966466242418",0,0,"-98,8428584845094","-118,948261339556","98,5174858970674","17687354723,702","-36,31494140625","26,0801078328066","-0,0000573","1,78652249760908","405,570627909849","3184178,07484958"
"3185624,07484958",1,"17706411516,0898","1766251,68472229","253578,40852888","7952,19502679962","5,58966466242418",0,0,"-98,8717218062824","-119,093843166737","98,5469685871337","17690821249,3616","-36,3060779571533","26,0801078328066","-0,0000574","1,78652249760908","405,570627909849","3186178,07484958"
"3187624,07484958",1,"17709871952,0722","1654013,25895813","253630,228040368","7950,615035584","5,58966466242418",0,0,"-98,9005623505005","-119,239702681538","98,5764356843361","17694286671,0626","-36,2971881866455","26,0801078328066","-0,0000574","1,78652249760908","405,570627909849","3188178,07484958"
"3189624,07484958",1,"17713331272,2122","1304377,32759756","253682,030261866","7949,03584818711","5,58966466242418",0,0,"-98,9293805457184","-119,385839049493","98,6058873655203","17697750986,6384","-36,2882701873779","26,0801078328066","-0,0000575","1,78652249760908","405,570627909849","3190178,07484958"
"3191624,07484958",1,"17716789474,3351","954740,803971515","253733,815161721","7947,45746512934","5,58966466242418",0,0,"-98,9581762609839","-119,532251660631","98,6353233758844","17701214193,9227","-36,2793262481689","26,0801078328066","-0,0000575","1,78652249760908","405,570627909849","3192178,07484958"
"3193624,07484958",1,"17720246556,3118","605105,158355549","253785,582708955","7945,87988692935","5,58966466242418",0,0,"-98,9869495889605","-119,678939130399","98,66474380585","17704676290,7546","-36,2703552246094","26,0801078328066","-0,0000575","1,78652249760908","405,570627909849","3194178,07484958"
"3195624,07484958",1,"17723702516,0021","255473,292050626","253837,332872422","7944,30311410404","5,58966466242418",0,0,"-99,0157005064551","-119,825901345406","98,6941487459036","17708137274,9769","-36,2613578796387","26,0801078328066","-0,0000576","1,78652249760908","405,570627909849","3196178,07484958"
"3197624,07484958",1,"17727157351,2799","94192,9881767094","253889,065621193","7942,72714716853","5,58966466242418",0,0,"-99,0444289662978","-119,973136589788","98,7235381137157","17711597144,4367","-36,2523349761963","26,0801078328066","-0,0000576","1,78652249760908","405,570627909849","3198178,07484958"
"3199624,07484958",1,"17730611059,9713","443811,375418277","253940,780923625","7941,15198663622","5,58966466242418",0,0,"-99,0731351966733","-120,120644482257","98,7529119134642","17715055896,9817","-36,2432849884033","26,0801078328066","-0,0000577","1,78652249760908","405,570627909849","3200178,07484958"
"3201624,07484958",1,"17734063639,9707","793444,539606305","253992,478749095","7939,57763301877","5,58966466242418",0,0,"-99,1018192084122","-120,268423912418","98,7822701491013","17718513530,464","-36,2342082977295","26,0801078328066","-0,0000577","1,78652249760908","405,570627909849","3202178,07484958"
"3203624,07484958",1,"17737515089,1436","1143078,42741506","254044,159066549","7938,00408682607","5,58966466242418",0,0,"-99,1304811755033","-120,416473900347","98,811612824625","17721970042,7389","-36,2251045227051","26,0801078328066","-0,0000578","1,78652249760908","405,570627909849","3204178,07484958"
"3205624,07484958",1,"17740965405,3787","1492711,71277832","254095,821845272","7936,43134856631","5,58966466242418",0,0,"-99,1591209123602","-120,564792350305","98,8409397712784","17725425431,6678","-36,215975189209","26,0801078328066","-0,0000578","1,78652249760908","405,570627909849","3206178,07484958"
"3207624,07484958",1,"17744414586,5295","1842331,90466749","254147,467054038","7934,85941874593","5,58966466242418",0,0,"-99,1877387628547","-120,713379140796","98,8702511658036","17728879695,1135","-36,2068180084229","26,0801078328066","-0,0000578","1,78652249760908","405,570627909849","3208178,07484958"
"3209624,07484958",1,"17747862630,4906","1577928,58427574","254199,094662226","7933,28829786964","5,58966466242418",0,0,"-99,2163344228371","-120,862233638214","98,8995470122019","17732332830,9413","-36,1976356506348","26,0801078328066","-0,0000579","1,78652249760908","405,570627909849","3210178,07484958"
"3211624,07484958",1,"17751309535,1545","1228296,88425312","254250,704639183","7931,71798644045","5,58966466242418",0,0,"-99,2449083481173","-121,011354196409","98,9288273143841","17735784837,0233","-36,1884265899658","26,0801078328066","-0,0000579","1,78652249760908","405,570627909849","3212178,07484958"
"3213624,07484958",1,"17754755298,3977","878665,077336431","254302,296954021","7930,14848495963","5,58966466242418",0,0,"-99,2734602945118","-121,160739845519","98,9580920762389","17739235711,2319","-36,1791904449463","26,0801078328066","-0,000058","1,78652249760908","405,570627909849","3214178,07484958"
"3215624,07484958",1,"17758199918,1214","529034,38048765","254353,871576223","7928,57979392676","5,58966466242418",0,0,"-99,3019903550958","-121,31038874385","98,9873411287626","17742685451,4438","-36,1699279785156","26,0801078328066","-0,000058","1,78652249760908","405,570627909849","3216178,07484958"
"3217624,07484958",1,"17761643392,211","179410,075211639","254405,428475033","7927,01191383969","5,58966466242418",0,0,"-99,330498956466","-121,460300974246","99,016574648657","17746134055,5369","-36,1606384277344","26,0801078328066","-0,0000581","1,78652249760908","405,570627909849","3218178,07484958"
"3219624,07484958",1,"17765085718,5725","170244,942434671","254456,967620004","7925,44484519459","5,58966466242418",0,0,"-99,3589858527371","-121,610475119359","99,0457925534009","17749581521,397","-36,1513229370117","26,0801078328066","-0,0000581","1,78652249760908","405,570627909849","3220178,07484958"
"3221624,07484958",1,"17768526895,0796","519867,853229492","254508,488980209","7923,8785884859","5,58966466242418",0,0,"-99,3874513627279","-121,760910303673","99,0749949332036","17753027846,9079","-36,1419818878174","26,0801078328066","-0,0000582","1,78652249760908","405,570627909849","3222178,07484958"
"3223624,07484958",1,"17771966919,6836","869496,816885975","254559,992525871","7922,3131442064","5,58966466242418",0,0,"-99,4158950148167","-121,911604776463","99,104181791845","17756473029,9619","-36,1326137542725","26,0801078328066","-0,0000582","1,78652249760908","405,570627909849","3224178,07484958"
"3225624,07484958",1,"17775405790,2502","1219126,0780059","254611,478225953","7920,74851284716","5,58966466242418",0,0,"-99,4443172629277","-122,062558178674","99,1333531330834","17759917068,4491","-36,1232196807861","26,0801078328066","-0,0000582","1,78652249760908","405,570627909849","3226178,07484958"
"3227624,07484958",1,"17778843504,7294","1568754,46538768","254662,946050661","7919,18469489756","5,58966466242418",0,0,"-99,4727180024535","-122,213768352763","99,1625089607263","17763359960,269","-36,1138000488281","26,0801078328066","-0,0000583","1,78652249760908","405,570627909849","3228178,07484958"
"3229624,07484958",1,"17782280061,0117","1851505,86351077","254714,395969316","7917,62169084531","5,58966466242418",0,0,"-99,5010974392575","-122,365234796965","99,19164919204","17766801703,3212","-36,1043544769287","26,0801078328066","-0,0000583","1,78652249760908","405,570627909849","3230178,07484958"
"3231624,07484958",1,"17785715457,0329","1501895,06443712","254765,827951922","7916,05950117644","5,58966466242418",0,0,"-99,5294553546853","-122,516956035507","99,220773830704","17770242295,509","-36,0948841094971","26,0801078328066","-0,0000584","1,78652249760908","405,570627909849","3232178,07484958"
"3233624,07484958",1,"17789149690,6983","1152267,68879372","254817,241968023","7914,49812637531","5,58966466242418",0,0,"-99,5577920065173","-122,668929975629","99,2498827938417","17773681734,7391","-36,0853874206543","26,0801078328066","-0,0000584","1,78652249760908","405,570627909849","3234178,07484958"
"3235624,07484958",1,"17792582759,9306","802640,540213567","254868,637987427","7912,93756692461","5,58966466242418",0,0,"-99,586107544826","-122,821156718924","99,2789762580872","17777120018,92","-36,075866317749","26,0801078328066","-0,0000585","1,78652249760908","405,570627909849","3236178,07484958"
"3237624,07484958",1,"17796014662,6478","453014,861824967","254920,015979871","7911,37782330535","5,58966466242418",0,0,"-99,614401806357","-122,973634730836","99,3080542271411","17780557145,9637","-36,0663177490234","26,0801078328066","-0,0000585","1,78652249760908","405,570627909849","3238178,07484958"
"3239624,07484958",1,"17799445396,826","103402,800779243","254971,375915952","7909,8188959969","5,58966466242418",0,0,"-99,6426747980134","-123,126361939227","99,3371167046834","17783993113,789","-36,0567432403564","26,0801078328066","-0,0000586","1,78652249760908","405,570627909849","3240178,07484958"
"3241624,07484958",1,"17802874960,3904","246252,137923787","255022,717765512","7908,26078547698","5,58966466242418",0,0,"-99,6709266108615","-123,279337139626","99,3661635211734","17787427920,3201","-36,0471431732178","26,0801078328066","-0,0000586","1,78652249760908","405,570627909849","3242178,07484958"
"3243624,07484958",1,"17806303351,2402","595873,721339208","255074,041498019","7906,70349222163","5,58966466242418",0,0,"-99,6991577261769","-123,432559507108","99,395194766718","17790861563,4758","-36,0375186920166","26,0801078328066","-0,0000586","1,78652249760908","405,570627909849","3244178,07484958"
"3245624,07484958",1,"17809730567,3476","945498,41833154","255125,34708401","7905,14701670528","5,58966466242418",0,0,"-99,7273677330945","-123,586027360821","99,424210531425","17794294041,1855","-36,0278675079346","26,0801078328066","-0,0000587","1,78652249760908","405,570627909849","3246178,07484958"
"3247624,07484958",1,"17813156606,6599","1295123,15736658","255176,634493662","7903,59135940068","5,58966466242418",0,0,"-99,7555569772708","-123,739740309279","99,4532107323038","17797725351,3785","-36,0181911468506","26,0801078328066","-0,0000587","1,78652249760908","405,570627909849","3248178,07484958"
"3249624,07484958",1,"17816581467,119","1644746,4558469","255227,903697071","7902,03652077897","5,58966466242418",0,0,"-99,7837252658068","-123,893695177627","99,4821952862481","17801155491,9893","-36,0084888458252","26,0801078328066","-0,0000588","1,78652249760908","405,570627909849","3250178,07484958"
"3251624,07484958",1,"17820005146,6444","1775531,24629838","255279,154663999","7900,48250130964","5,58966466242418",0,0,"-99,8118727738774","-124,047891763972","99,511164283309","17804584460,9504","-35,9987598419189","26,0801078328066","-0,0000588","1,78652249760908","405,570627909849","3252178,07484958"
"3253624,07484958",1,"17823427643,2288","1425911,68962774","255330,387365298","7898,92930146057","5,58966466242418",0,0,"-99,8399994796803","-124,202328817603","99,5401178134652","17808012256,2035","-35,9890060424805","26,0801078328066","-0,0000589","1,78652249760908","405,570627909849","3254178,07484958"
"3255624,07484958",1,"17826848954,8197","1076288,69486606","255381,601771145","7897,37692169799","5,58966466242418",0,0,"-99,8681055866414","-124,35700444968","99,5690557936122","17811438875,6924","-35,9792263031006","26,0801078328066","-0,0000589","1,78652249760908","405,570627909849","3256178,07484958"
"3257624,07484958",1,"17830269079,3968","726666,151079757","255432,7978522","7895,82536248652","5,58966466242418",0,0,"-99,896190991127","-124,511916500793","99,5979781406023","17814864317,3673","-35,9694217681885","26,0801078328066","-0,0000589","1,78652249760908","405,570627909849","3258178,07484958"
"3259624,07484958",1,"17833688014,8946","377045,570599734","255483,975578453","7894,27462428917","5,58966466242418",0,0,"-99,9242557247261","-124,667063846896","99,6268848578752","17818288579,1741","-35,9595920562744","26,0801078328066","-0,000059","1,78652249760908","405,570627909849","3260178,07484958"
"3261624,07484958",1,"17837105759,3034","27491,2674005206","255535,13492072","7892,72470756733","5,58966466242418",0,0,"-99,9522999025313","-124,822446038579","99,6557761219033","17821711659,0654","-35,9497375488281","26,0801078328066","-0,000059","1,78652249760908","405,570627909849","3262178,07484958"
"3263624,07484958",1,"17840522310,5927","322211,328164314","255586,275849508","7891,17561278077","5,58966466242418",0,0,"-99,9803235409053","-124,978060656945","99,6846518494684","17825133555,0007","-35,9398571014404","26,0801078328066","-0,0000591","1,78652249760908","405,570627909849","3264178,07484958"
"3265624,07484958",1,"17843937666,7296","671830,018180266","255637,398335296","7889,62734038769","5,58966466242418",0,0,"-100,008326949279","-125,133906243944","99,7135119573092","17828554264,9389","-35,92995262146","26,0801078328066","-0,0000591","1,78652249760908","405,570627909849","3266178,07484958"
"3267624,07484958",1,"17847351825,6801","1021450,456899","255688,502348539","7888,07989084465","5,58966466242418",0,0,"-100,036309799893","-125,289981054171","99,7423564487072","17831973786,8409","-35,9200229644775","26,0801078328066","-0,0000592","1,78652249760908","405,570627909849","3268178,07484958"
"3269624,07484958",1,"17850764785,4377","1371070,68747001","255739,587860103","7886,53326460664","5,58966466242418",0,0,"-100,064272181897","-125,446284038564","99,7711854135155","17835392118,6728","-35,9100685119629","26,0801078328066","-0,0000592","1,78652249760908","405,570627909849","3270178,07484958"
"3271624,07484958",1,"17854176544,0052","1720688,43581017","255790,654841","7884,98746212705","5,58966466242418",0,0,"-100,092214545921","-125,602813341341","99,7999988550632","17838809258,4089","-35,900089263916","26,0801078328066","-0,0000592","1,78652249760908","405,570627909849","3272178,07484958"
"3273624,07484958",1,"17857587099,3492","1699594,83442116","255841,703261691","7883,44248385769","5,58966466242418",0,0,"-100,12013651411","-125,759567664745","99,8287967765837","17842225204,0209","-35,8900859832764","26,0801078328066","-0,0000593","1,78652249760908","405,570627909849","3274178,07484958"
"3275624,07484958",1,"17860996449,4737","1349977,4663998","255892,733093203","7881,89833024877","5,58966466242418",0,0,"-100,148038286384","-125,916544742861","99,8575790945982","17845639953,4863","-35,8800552368164","26,0801078328066","-0,0000593","1,78652249760908","405,570627909849","3276178,07484958"
"3277624,07484958",1,"17864404592,3546","1000358,81097342","255943,744306149","7880,35500174893","5,58966466242418",0,0,"-100,175919999717","-126,073744091154","99,8863459856799","17849053504,7821","-35,8700008392334","26,0801078328066","-0,0000594","1,78652249760908","405,570627909849","3278178,07484958"
"3279624,07484958",1,"17867811526,0088","650740,821043461","255994,736871737","7878,81249880526","5,58966466242418",0,0,"-100,2037818424","-126,231163370903","99,915097279678","17852465855,8935","-35,8599216461182","26,0801078328066","-0,0000594","1,78652249760908","405,570627909849","3280178,07484958"
"3281624,07484958",1,"17871217248,3962","301125,633728147","256045,710760349","7877,27082186323","5,58966466242418",0,0,"-100,231623567923","-126,388800736969","99,9438330664409","17855877004,8028","-35,8498176574707","26,0801078328066","-0,0000595","1,78652249760908","405,570627909849","3282178,07484958"
"3283624,07484958",1,"17874621757,545","48541,0092795994","256096,665943365","7875,72997136678","5,58966466242418",0,0,"-100,259445422153","-126,546654769186","99,972553262376","17859286949,498","-35,8396892547607","26,0801078328066","-0,0000595","1,78652249760908","405,570627909849","3284178,07484958"
"3285624,07484958",1,"17878025051,4877","398122,551895817","256147,602392239","7874,18994775828","5,58966466242418",0,0,"-100,287247258939","-126,704723110819","100,001257870576","17862695687,9738","-35,8295364379883","26,0801078328066","-0,0000596","1,78652249760908","405,570627909849","3286178,07484958"
"3287624,07484958",1,"17881427128,1946","747737,776774732","256198,520077495","7872,65075147854","5,58966466242418",0,0,"-100,315029405685","-126,863004418469","100,02994698085","17866103218,2253","-35,8193584442139","26,0801078328066","-0,0000596","1,78652249760908","405,570627909849","3288178,07484958"
"3289624,07484958",1,"17884827985,7233","1097353,96376798","256249,418970958","7871,1123829668","5,58966466242418",0,0,"-100,342791615053","-127,021497588097","100,058620683009","17869509538,2538","-35,8091556549072","26,0801078328066","-0,0000596","1,78652249760908","405,570627909849","3290178,07484958"
"3291624,07484958",1,"17888227622,0345","1446969,73498955","256300,299043018","7869,57484266079","5,58966466242418",0,0,"-100,370534162145","-127,180200130511","100,087278719934","17872914646,0568","-35,7989280700684","26,0801078328066","-0,0000597","1,78652249760908","405,570627909849","3292178,07484958"
"3293624,07484958",1,"17891626035,1939","1796579,79489334","256351,160265614","7868,03813099665","5,58966466242418",0,0,"-100,398257183411","-127,339110618016","100,115921268141","17876318539,6412","-35,7886745452881","26,0801078328066","-0,0000597","1,78652249760908","405,570627909849","3294178,07484958"
"3295624,07484958",1,"17895023223,1993","1623705,2337221","256402,00260969","7866,50224840901","5,58966466242418",0,0,"-100,425960433451","-127,498226933888","100,144548330556","17879721217,0138","-35,7783988952637","26,0801078328066","-0,0000598","1,78652249760908","405,570627909849","3296178,07484958"
"3297624,07484958",1,"17898419184,0974","1274091,33782057","256452,826046904","7864,96719533094","5,58966466242418",0,0,"-100,453644125105","-127,65754710714","100,173159736766","17883122676,1881","-35,7680995941162","26,0801078328066","-0,0000598","1,78652249760908","405,570627909849","3298178,07484958"
"3299624,07484958",1,"17901813915,8882","924476,975913906","256503,630548238","7863,43297219399","5,58966466242418",0,0,"-100,481307996568","-127,817069936757","100,20175557641","17886522915,176","-35,7577754974365","26,0801078328066","-0,0000599","1,78652249760908","405,570627909849","3300178,07484958"
"3301624,07484958",1,"17905207416,6153","574863,508681118","256554,416085305","7861,89957942818","5,58966466242418",0,0,"-100,508952472354","-127,976792583517","100,230335852493","17889921931,9979","-35,7474262237549","26,0801078328066","-0,0000599","1,78652249760908","405,570627909849","3302178,07484958"
"3303624,07484958",1,"17908599684,326","225254,436378703","256605,182629783","7860,36701746199","5,58966466242418",0,0,"-100,536577515549","-128,136714063287","100,258900654644","17893319724,676","-35,7370529174805","26,0801078328066","-0,0000599","1,78652249760908","405,570627909849","3304178,07484958"
"3305624,07484958",1,"17911990717,0437","124384,651091058","256655,930152987","7858,83528672241","5,58966466242418",0,0,"-100,564183010096","-128,2968328563","100,287449985765","17896716291,2316","-35,7266544342041","26,0801078328066","-0,00006","1,78652249760908","405,570627909849","3306178,07484958"
"3307624,07484958",1,"17915380512,84","473986,516993489","256706,65862696","7857,30438763487","5,58966466242418",0,0,"-100,591769190428","-128,457146708285","100,315983762","17900111629,6962","-35,7162330627441","26,0801078328066","-0,00006","1,78652249760908","405,570627909849","3308178,07484958"
"3309624,07484958",1,"17918769069,7267","823598,005786211","256757,368022846","7855,77432062333","5,58966466242418",0,0,"-100,619336229628","-128,617652985347","100,344501899448","17903505738,0965","-35,7057876586914","26,0801078328066","-0,0000601","1,78652249760908","405,570627909849","3310178,07484958"
"3311624,07484958",1,"17922156385,7742","1173209,99564554","256808,058312666","7854,2450861102","5,58966466242418",0,0,"-100,646883969733","-128,778350435627","100,373004574426","17906898614,4705","-35,6953186035156","26,0801078328066","-0,0000601","1,78652249760908","405,570627909849","3312178,07484958"
"3313624,07484958",1,"17925542459,0405","1522821,30512414","256858,729468255","7852,71668451643","5,58966466242418",0,0,"-100,674412268347","-128,939237068755","100,401491703072","17910290256,8551","-35,6848258972168","26,0801078328066","-0,0000602","1,78652249760908","405,570627909849","3314178,07484958"
"3315624,07484958",1,"17928927287,5517","1872380,26911572","256909,381460979","7851,18911626142","5,58966466242418",0,0,"-100,7019215316","-129,100311276177","100,429963374937","17913680663,2904","-35,6743091583252","26,0801078328066","-0,0000602","1,78652249760908","405,570627909849","3316178,07484958"
"3317624,07484958",1,"17932310869,3745","1547862,35719874","256960,014262806","7849,6623817631","5,58966466242418",0,0,"-100,729411721582","-129,261570241307","100,458419505947","17917069831,8181","-35,663765335083","26,0801078328066","-0,0000602","1,78652249760908","405,570627909849","3318178,07484958"
"3319624,07484958",1,"17935693202,5623","1198252,30046693","257010,627845505","7848,13648143792","5,58966466242418",0,0,"-100,756883055817","-129,423012212012","100,486860098844","17920457760,4855","-35,6531993865967","26,0801078328066","-0,0000603","1,78652249760908","405,570627909849","3320178,07484958"
"3321624,07484958",1,"17939074285,2088","848642,181496882","257061,222181438","7846,6114157008","5,58966466242418",0,0,"-100,784335436286","-129,584636136758","100,515285156431","17923844447,3448","-35,6426105499268","26,0801078328066","-0,0000603","1,78652249760908","405,570627909849","3322178,07484958"
"3323624,07484958",1,"17942454115,3748","499033,229487476","257111,797242486","7845,08718496522","5,58966466242418",0,0,"-100,811768574545","-129,74643900633","100,543694768291","17927229890,4497","-35,6319980621338","26,0801078328066","-0,0000604","1,78652249760908","405,570627909849","3324178,07484958"
"3325624,07484958",1,"17945832691,1138","149432,265387691","257162,35300043","7843,56378964315","5,58966466242418",0,0,"-100,839182877776","-129,908419092984","100,572088850234","17930614087,8567","-35,621361541748","26,0801078328066","-0,0000604","1,78652249760908","405,570627909849","3326178,07484958"
"3327624,07484958",1,"17949210010,5023","200200,867907854","257212,889427373","7842,04123014509","5,58966466242418",0,0,"-100,866578453609","-130,070573925344","100,600467404924","17933997037,623","-35,6107002258301","26,0801078328066","-0,0000605","1,78652249760908","405,570627909849","3328178,07484958"
"3329624,07484958",1,"17952586071,6006","549804,066046766","257263,406495197","7840,51950688006","5,58966466242418",0,0,"-100,893955288517","-130,232901920949","100,628830435002","17937378737,8103","-35,600016784668","26,0801078328066","-0,0000605","1,78652249760908","405,570627909849","3330178,07484958"
"3331624,07484958",1,"17955960872,5156","899411,717938778","257313,904176468","7838,99862025562","5,58966466242418",0,0,"-100,921313094168","-130,395400942966","100,657178030002","17940759186,4845","-35,5893089294434","26,0801078328066","-0,0000605","1,78652249760908","405,570627909849","3332178,07484958"
"3333624,07484958",1,"17959334411,2967","1249019,57744882","257364,3824429","7837,47857067788","5,58966466242418",0,0,"-100,948652675533","-130,55806850456","100,685510018784","17944138381,7101","-35,5785781860352","26,0801078328066","-0,0000606","1,78652249760908","405,570627909849","3334178,07484958"
"3335624,07484958",1,"17962706686,0864","1598626,35872126","257414,841267581","7835,95935855145","5,58966466242418",0,0,"-100,975973639976","-130,720902883612","100,713826403911","17947516321,5636","-35,5678234100342","26,0801078328066","-0,0000606","1,78652249760908","405,570627909849","3336178,07484958"
"3337624,07484958",1,"17966077694,9217","1821663,5659845","257465,280622049","7834,4409842795","5,58966466242418",0,0,"-101,003275554187","-130,883902207277","100,742127361722","17950893004,1183","-35,5570468902588","26,0801078328066","-0,0000607","1,78652249760908","405,570627909849","3338178,07484958"
"3339624,07484958",1,"17969447435,9159","1472065,46281453","257515,70047896","7832,92344826377","5,58966466242418",0,0,"-101,030559114808","-131,047064022631","100,770412807831","17954268427,4537","-35,5462455749512","26,0801078328066","-0,0000607","1,78652249760908","405,570627909849","3340178,07484958"
"3341624,07484958",1,"17972815907,1848","1122459,31321966","257566,100811016","7831,40675090452","5,58966466242418",0,0,"-101,057824262249","-131,210385688893","100,798682831794","17957642589,6513","-35,5354217529297","26,0801078328066","-0,0000608","1,78652249760908","405,570627909849","3342178,07484958"
"3343624,07484958",1,"17976183106,7777","772853,390315282","257616,481589935","7829,89089260057","5,58966466242418",0,0,"-101,085070984033","-131,373865544121","100,826937175324","17961015488,7915","-35,524573135376","26,0801078328066","-0,0000608","1,78652249760908","405,570627909849","3344178,07484958"
"3345624,07484958",1,"17979549032,8169","423249,038396613","257666,842788516","7828,37587374931","5,58966466242418",0,0,"-101,112299389471","-131,537501423089","100,855176101701","17964387122,9619","-35,5137008666992","26,0801078328066","-0,0000609","1,78652249760908","405,570627909849","3346178,07484958"
"3347624,07484958",1,"17982913683,4025","73665,0194452431","257717,184379225","7826,86169474668","5,58966466242418",0,0,"-101,139509213196","-131,701290915643","100,883399439444","17967757490,2519","-35,5028068542481","26,0801078328066","-0,0000609","1,78652249760908","405,570627909849","3348178,07484958"
"3349624,07484958",1,"17986277056,6671","275974,742803224","257767,506335011","7825,34835598718","5,58966466242418",0,0,"-101,16670062959","-131,86523220442","100,911607277967","17971126588,7585","-35,4918869018555","26,0801078328066","-0,0000609","1,78652249760908","405,570627909849","3350178,07484958"
"3351624,07484958",1,"17989639150,7167","625576,142367068","257817,808628429","7823,83585786391","5,58966466242418",0,0,"-101,193874131176","-132,02932315062","100,939799619773","17974494416,5786","-35,4809463500977","26,0801078328066","-0,000061","1,78652249760908","405,570627909849","3352178,07484958"
"3353624,07484958",1,"17992999963,663","975179,935952169","257868,091232127","7822,3242007685","5,58966466242418",0,0,"-101,221029004441","-132,19356066354","100,967976467182","17977860971,8153","-35,4699817657471","26,0801078328066","-0,000061","1,78652249760908","405,570627909849","3354178,07484958"
"3355624,07484958",1,"17996359493,5885","1324783,69164049","257918,354118314","7820,8133850912","5,58966466242418",0,0,"-101,248165758202","-132,357943652739","100,996137909589","17981226252,5655","-35,4589939117432","26,0801078328066","-0,0000611","1,78652249760908","405,570627909849","3356178,07484958"
"3357624,07484958",1,"17999717738,6407","1674385,66221973","257968,597260161","7819,30341122082","5,58966466242418",0,0,"-101,275284816275","-132,522469275616","101,024283775415","17984590256,9374","-35,4479831695557","26,0801078328066","-0,0000611","1,78652249760908","405,570627909849","3358178,07484958"
"3359624,07484958",1,"18003074696,9562","1745913,35411691","258018,820630683","7817,79427954475","5,58966466242418",0,0,"-101,302385666355","-132,687134957988","101,05241424096","17987952983,0414","-35,4369499206543","26,0801078328066","-0,0000612","1,78652249760908","405,570627909849","3360178,07484958"
"3361624,07484958",1,"18006430366,6314","1396313,64381284","258069,024202295","7816,28599044898","5,58966466242418",0,0,"-101,329468062678","-132,851938626029","101,080529047619","17991314428,9861","-35,4258918762207","26,0801078328066","-0,0000612","1,78652249760908","405,570627909849","3362178,07484958"
"3363624,07484958",1,"18009784745,8106","1046711,4102967","258119,207948127","7814,77854431808","5,58966466242418",0,0,"-101,35653269748","-133,016878209547","101,108628545677","17994674592,8894","-35,4148132324219","26,0801078328066","-0,0000612","1,78652249760908","405,570627909849","3364178,07484958"
"3365624,07484958",1,"18013137832,6222","697109,644224505","258169,37184107","7813,27194153524","5,58966466242418",0,0,"-101,383579326187","-133,181950690082","101,136712389404","17998033472,8699","-35,4037117004395","26,0801078328066","-0,0000613","1,78652249760908","405,570627909849","3366178,07484958"
"3367624,07484958",1,"18016489625,2066","347510,018375007","258219,515854192","7811,76618248223","5,58966466242418",0,0,"-101,410608440327","-133,347154999935","101,164780929111","18001391067,0503","-35,3925861358643","26,0801078328066","-0,0000613","1,78652249760908","405,570627909849","3368178,07484958"
"3369624,07484958",1,"18019840121,7012","2885,11126667126","258269,639960527","7810,26126753942","5,58966466242418",0,0,"-101,437619560061","-133,512487378544","101,192833905947","18004747373,5537","-35,3814392089844","26,0801078328066","-0,0000614","1,78652249760908","405,570627909849","3370178,07484958"
"3371624,07484958",1,"18023189320,2145","351705,089497195","258319,744132673","7808,75719708582","5,58966466242418",0,0,"-101,464612693336","-133,677946041325","101,220871409285","18008102390,5035","-35,3702682495117","26,0801078328066","-0,0000614","1,78652249760908","405,570627909849","3372178,07484958"
"3373624,07484958",1,"18026537218,9139","701303,683158549","258369,828344096","7807,25397149901","5,58966466242418",0,0,"-101,491588178472","-133,843528973137","101,248893441245","18011456116,0286","-35,3590755462646","26,0801078328066","-0,0000615","1,78652249760908","405,570627909849","3374178,07484958"
"3375624,07484958",1,"18029883815,9679","1050903,62984009","258419,892568289","7805,75159115522","5,58966466242418",0,0,"-101,518545854417","-134,009233163587","101,276899917","18014808548,2665","-35,3478607177734","26,0801078328066","-0,0000615","1,78652249760908","405,570627909849","3376178,07484958"
"3377624,07484958",1,"18033229109,5111","1400503,30726989","258469,936778235","7804,25005642927","5,58966466242418",0,0,"-101,545485809939","-134,175056350843","101,30489092572","18018159685,3536","-35,3366230010986","26,0801078328066","-0,0000615","1,78652249760908","405,570627909849","3378178,07484958"
"3379624,07484958",1,"18036573097,6797","1750099,59101351","258519,960946952","7802,74936769463","5,58966466242418",0,0,"-101,572408234869","-134,340996791712","101,332866469637","18021509525,4259","-35,3253612518311","26,0801078328066","-0,0000616","1,78652249760908","405,570627909849","3380178,07484958"
"3381624,07484958",1,"18039915778,6449","1670203,22574636","258569,965047967","7801,24952532338","5,58966466242418",0,0,"-101,599313440129","-134,507052222231","101,360826637915","18024858066,6273","-35,3140785217285","26,0801078328066","-0,0000616","1,78652249760908","405,570627909849","3382178,07484958"
"3383624,07484958",1,"18043257150,5781","1320605,93807999","258619,94905481","7799,75052968624","5,58966466242418",0,0,"-101,626200873597","-134,673218714979","101,388771171457","18028205307,104","-35,3027713775635","26,0801078328066","-0,0000617","1,78652249760908","405,570627909849","3384178,07484958"
"3385624,07484958",1,"18046597211,6466","971007,619440929","258669,912940957","7798,25238115255","5,58966466242418",0,0,"-101,653071099121","-134,839495262057","101,416700246424","18031551245,0064","-35,2914443969727","26,0801078328066","-0,0000617","1,78652249760908","405,570627909849","3386178,07484958"
"3387624,07484958",1,"18049935959,9782","621409,974484878","258719,856679299","7796,75508009031","5,58966466242418",0,0,"-101,679923468422","-135,005878666547","101,444613777908","18034895878,4836","-35,280094909668","26,0801078328066","-0,0000618","1,78652249760908","405,570627909849","3388178,07484958"
"3389624,07484958",1,"18053273393,7488","271815,494284798","258769,780243434","7795,25862686615","5,58966466242418",0,0,"-101,706758655659","-135,172367179736","101,472511942085","18038239205,6884","-35,2687225341797","26,0801078328066","-0,0000618","1,78652249760908","405,570627909849","3390178,07484958"
"3391624,07484958",1,"18056609511,1519","77814,9092495636","258819,683607225","7793,76302184534","5,58966466242418",0,0,"-101,733576528542","-135,338957131139","101,500394479677","18041581224,7821","-35,2573276519775","26,0801078328066","-0,0000618","1,78652249760908","405,570627909849","3392178,07484958"
"3393624,07484958",1,"18059944310,3525","427392,242221041","258869,566744112","7792,2682653918","5,58966466242418",0,0,"-101,760377300959","-135,505647525587","101,528261654096","18044921933,926","-35,2459095001221","26,0801078328066","-0,0000619","1,78652249760908","405,570627909849","3394178,07484958"
"3395624,07484958",1,"18063277789,5209","776987,602205096","258919,429627621","7790,77435786811","5,58966466242418",0,0,"-101,787160922329","-135,672434968966","101,556113380168","18048261331,2813","-35,2344699859619","26,0801078328066","-0,0000619","1,78652249760908","405,570627909849","3396178,07484958"
"3397624,07484958",1,"18066609946,8395","1126583,74121099","258969,272231444","7789,28129963551","5,58966466242418",0,0,"-101,813927288167","-135,839317489659","101,583949659867","18051599415,0141","-35,2230072021484","26,0801078328066","-0,000062","1,78652249760908","405,570627909849","3398178,07484958"
"3399624,07484958",1,"18069940780,5087","1476179,36303038","259019,094529552","7787,78909105389","5,58966466242418",0,0,"-101,840676263805","-136,006291910226","101,61177040803","18054936183,297","-35,2115245819092","26,0801078328066","-0,000062","1,78652249760908","405,570627909849","3400178,07484958"
"3401624,07484958",1,"18073270288,6731","1825765,16268055","259068,896495085","7786,29773248181","5,58966466242418",0,0,"-101,867408287573","-136,173355814065","101,639575626575","18058271634,2998","-35,2000186920166","26,0801078328066","-0,000062","1,78652249760908","405,570627909849","3402178,07484958"
"3403624,07484958",1,"18076598469,5399","1594535,51387515","259118,67810211","7784,80722427649","5,58966466242418",0,0,"-101,894123311169","-136,340507717828","101,667365404529","18061605766,196","-35,1884925842285","26,0801078328066","-0,0000621","1,78652249760908","405,570627909849","3404178,07484958"
"3405624,07484958",1,"18079925321,3124","1244941,43982068","259168,439324635","7783,31756679384","5,58966466242418",0,0,"-101,920821143463","-136,507744249688","101,695139831016","18064938577,1626","-35,1769420623779","26,0801078328066","-0,0000621","1,78652249760908","405,570627909849","3406178,07484958"
"3407624,07484958",1,"18083250842,1866","895346,976499772","259218,180136567","7781,82876038842","5,58966466242418",0,0,"-101,947502266053","-136,675063233829","101,72289882078","18068270065,3834","-35,1653697967529","26,0801078328066","-0,0000622","1,78652249760908","405,570627909849","3408178,07484958"
"3409624,07484958",1,"18086575030,3629","545753,452252453","259267,900511869","7780,34080541349","5,58966466242418",0,0,"-101,974166361946","-136,842461269642","101,750642288435","18071600229,0448","-35,153776550293","26,0801078328066","-0,0000622","1,78652249760908","405,570627909849","3410178,07484958"
"3411624,07484958",1,"18089897884,0433","196165,123045103","259317,600424536","7778,85370222097","5,58966466242418",0,0,"-102,000813591092","-137,009937361399","101,778370410219","18074929066,334","-35,1421607971191","26,0801078328066","-0,0000623","1,78652249760908","405,570627909849","3412178,07484958"
"3413624,07484958",1,"18093219401,4317","153451,704439042","259367,279848592","7777,36745116149","5,58966466242418",0,0,"-102,027443985139","-137,17748696817","101,80608292636","18078256575,4419","-35,1305248260498","26,0801078328066","-0,0000623","1,78652249760908","405,570627909849","3414178,07484958"
"3415624,07484958",1,"18096539580,691","503036,889094","259416,93875745","7775,88205258436","5,58966466242418",0,0,"-102,054057368549","-137,345108616779","101,833779925804","18081582754,5589","-35,1188648223877","26,0801078328066","-0,0000623","1,78652249760908","405,570627909849","3416178,07484958"
"3417624,07484958",1,"18099858420,0849","852628,860773935","259466,577126017","7774,39750683758","5,58966466242418",0,0,"-102,080654250453","-137,512799910199","101,861461497595","18084907601,8835","-35,1071846008301","26,0801078328066","-0,0000624","1,78652249760908","405,570627909849","3418178,07484958"
"3419624,07484958",1,"18103175917,8074","1202221,21451802","259516,194928164","7772,91381426784","5,58966466242418",0,0,"-102,107234456062","-137,680558005132","101,889127643495","18088231115,6133","-35,0954818725586","26,0801078328066","-0,0000624","1,78652249760908","405,570627909849","3420178,07484958"
"3421624,07484958",1,"18106492072,0846","1551812,74234419","259565,792138248","7771,43097522054","5,58966466242418",0,0,"-102,133797825034","-137,848379922099","101,916778365248","18091553293,9545","-35,0837589263916","26,0801078328066","-0,0000625","1,78652249760908","405,570627909849","3422178,07484958"
"3423624,07484958",1,"18109806881,1082","1868459,71098812","259615,368730112","7769,9489900398","5,58966466242418",0,0,"-102,160344732224","-138,016264044362","101,944413664578","18094874135,1113","-35,0720123291016","26,0801078328066","-0,0000625","1,78652249760908","405,570627909849","3424178,07484958"
"3425624,07484958",1,"18113120343,0977","1518909,83620526","259664,92467801","7768,46785906841","5,58966466242418",0,0,"-102,186875064876","-138,184206976202","101,972033455963","18098193637,2898","-35,0602451324463","26,0801078328066","-0,0000626","1,78652249760908","405,570627909849","3426178,07484958"
"3427624,07484958",1,"18116432456,3278","1169319,20789755","259714,459957006","7766,98758264789","5,58966466242418",0,0,"-102,213388695935","-138,352205845549","101,999637741071","18101511798,704","-35,048458480835","26,0801078328066","-0,0000626","1,78652249760908","405,570627909849","3428178,07484958"
"3429624,07484958",1,"18119743218,9801","819728,593349007","259763,974540804","7765,50816111849","5,58966466242418",0,0,"-102,239886097855","-138,520259189215","102,027226608798","18104828617,5657","-35,0366485595703","26,0801078328066","-0,0000626","1,78652249760908","405,570627909849","3430178,07484958"
"3431624,07484958",1,"18123052629,2952","470139,175464857","259813,468403967","7764,02959481915","5,58966466242418",0,0,"-102,26636695384","-138,688363489277","102,054800060882","18108144092,0909","-35,024817276001","26,0801078328066","-0,0000627","1,78652249760908","405,570627909849","3432178,07484958"
"3433624,07484958",1,"18126360685,4718","120560,176232528","259862,941520448","7762,55188408756","5,58966466242418",0,0,"-102,292831435665","-138,856517257339","102,082358098862","18111458220,4949","-35,0129650115967","26,0801078328066","-0,0000627","1,78652249760908","405,570627909849","3434178,07484958"
"3435624,07484958",1,"18129667385,8159","229054,74197895","259912,393865773","7761,07502926011","5,58966466242418",0,0,"-102,319279715162","-139,024717152625","102,109900811712","18114771001,0074","-35,0010913848877","26,0801078328066","-0,0000628","1,78652249760908","405,570627909849","3436178,07484958"
"3437624,07484958",1,"18132972728,4947","578639,850888537","259961,825413438","7759,59903067193","5,58966466242418",0,0,"-102,345711550217","-139,192959984914","102,137428026391","18118082431,8483","-34,9891960144043","26,0801078328066","-0,0000628","1,78652249760908","405,570627909849","3438178,07484958"
"3439624,07484958",1,"18136276711,7928","928228,34963033","260011,236138655","7758,12388865689","5,58966466242418",0,0,"-102,372127122263","-139,361243884821","102,164939831834","18121392511,2469","-34,9772792816162","26,0801078328066","-0,0000629","1,78652249760908","405,570627909849","3440178,07484958"
"3441624,07484958",1,"18139579333,9613","1277816,96094024","260060,626016149","7756,64960354757","5,58966466242418",0,0,"-102,398526520825","-139,529566019876","102,192436142209","18124701237,4345","-34,9653408050537","26,0801078328066","-0,0000629","1,78652249760908","405,570627909849","3442178,07484958"
"3443624,07484958",1,"18142880593,2222","1627404,24470535","260109,995020217","7755,17617567533","5,58966466242418",0,0,"-102,424909739754","-139,697922957967","102,219917046431","18128008608,6459","-34,9533809661865","26,0801078328066","-0,0000629","1,78652249760908","405,570627909849","3444178,07484958"
"3445624,07484958",1,"18146180487,8505","1792907,43168108","260159,343125939","7753,70360537023","5,58966466242418",0,0,"-102,451276870691","-139,866313309674","102,247382546017","18131314623,1212","-34,9414005279541","26,0801078328066","-0,000063","1,78652249760908","405,570627909849","3446178,07484958"
"3447624,07484958",1,"18149479016,055","1443325,45283262","260208,670307415","7752,2318929611","5,58966466242418",0,0,"-102,477627917093","-140,034733458943","102,274832642468","18134619279,0939","-34,9293983459473","26,0801078328066","-0,000063","1,78652249760908","405,570627909849","3448178,07484958"
"3449624,07484958",1,"18152776176,1044","1093738,35050499","260257,976539634","7750,76103877553","5,58966466242418",0,0,"-102,503962895726","-140,203180996466","102,302267249838","18137922574,8064","-34,9173755645752","26,0801078328066","-0,0000631","1,78652249760908","405,570627909849","3450178,07484958"
"3451624,07484958",1,"18156071966,284","744151,517156958","260307,261797825","7749,29104313984","5,58966466242418",0,0,"-102,530281811466","-140,371653498837","102,329686369663","18141224508,5053","-34,9053325653076","26,0801078328066","-0,0000631","1,78652249760908","405,570627909849","3452178,07484958"
"3453624,07484958",1,"18159366384,8671","394566,338645664","260356,526057044","7747,82190637911","5,58966466242418",0,0,"-102,556584910486","-140,540148093805","102,357090178163","18144525078,4448","-34,8932678222656","26,0801078328066","-0,0000632","1,78652249760908","405,570627909849","3454178,07484958"
"3455624,07484958",1,"18162659430,0761","45016,818055224","260405,769291596","7746,3536288172","5,58966466242418",0,0,"-102,582871864656","-140,708662023274","102,384478501968","18147824282,8708","-34,8811836242676","26,0801078328066","-0,0000632","1,78652249760908","405,570627909849","3456178,07484958"
"3457624,07484958",1,"18165951100,2027","304618,821063333","260454,991476807","7744,88621077671","5,58966466242418",0,0,"-102,609143114882","-140,877192830422","102,411851429836","18151122120,0416","-34,869079208374","26,0801078328066","-0,0000632","1,78652249760908","405,570627909849","3458178,07484958"
"3459624,07484958",1,"18169241393,5183","654201,951618593","260504,192587708","7743,41965257902","5,58966466242418",0,0,"-102,635398565004","-141,045737724225","102,439208875776","18154418588,2142","-34,8569534301758","26,0801078328066","-0,0000633","1,78652249760908","405,570627909849","3460178,07484958"
"3461624,07484958",1,"18172530308,2643","1003786,97413409","260553,372598884","7741,95395454428","5,58966466242418",0,0,"-102,661638554598","-141,214294792954","102,466551016008","18157713685,6445","-34,8448059082031","26,0801078328066","-0,0000633","1,78652249760908","405,570627909849","3462178,07484958"
"3463624,07484958",1,"18175817842,7578","1353371,86676141","260602,531486039","7740,48911699141","5,58966466242418",0,0,"-102,687862430227","-141,38286068963","102,493877764504","18161007410,598","-34,8326385498047","26,0801078328066","-0,0000634","1,78652249760908","405,570627909849","3464178,07484958"
"3465624,07484958",1,"18179103995,2605","1702954,48000555","260651,669224061","7739,02514023811","5,58966466242418",0,0,"-102,714070540361","-141,551432512565","102,521188947599","18164299761,339","-34,8204498291016","26,0801078328066","-0,0000634","1,78652249760908","405,570627909849","3466178,07484958"
"3467624,07484958",1,"18182388764,0449","1717363,19232889","260700,785787997","7737,56202460086","5,58966466242418",0,0,"-102,74026312321","-141,720008722642","102,548484829094","18167590736,138","-34,8082401275635","26,0801078328066","-0,0000634","1,78652249760908","405,570627909849","3468178,07484958"
"3469624,07484958",1,"18185672147,4277","1367781,54200864","260749,881153545","7736,09977039493","5,58966466242418",0,0,"-102,766440025945","-141,888585494322","102,575765322696","18170880333,2703","-34,7960102081299","26,0801078328066","-0,0000635","1,78652249760908","405,570627909849","3470178,07484958"
"3471624,07484958",1,"18188954143,6465","1018197,98348209","260798,955295235","7734,63837793437","5,58966466242418",0,0,"-102,79260142002","-142,057159714443","102,603030342246","18174168551,0066","-34,7837593078613","26,0801078328066","-0,0000635","1,78652249760908","405,570627909849","3472178,07484958"
"3473624,07484958",1,"18192234751,0085","668614,886208949","260848,008188633","7733,17784753202","5,58966466242418",0,0,"-102,818747145107","-142,225729843308","102,630279976615","18177455387,6207","-34,7714870452881","26,0801078328066","-0,0000636","1,78652249760908","405,570627909849","3474178,07484958"
"3475624,07484958",1,"18195513967,8226","319034,164654622","260897,039809324","7731,71817949953","5,58966466242418",0,0,"-102,844877622445","-142,394292805738","102,657514226951","18180740841,3954","-34,7591945648193","26,0801078328066","-0,0000636","1,78652249760908","405,570627909849","3476178,07484958"
"3477624,07484958",1,"18198791792,3941","30617,5045618959","260946,050132834","7730,25937414732","5,58966466242418",0,0,"-102,87099260049","-142,562846474352","102,684733094478","18184024910,6145","-34,7468811035156","26,0801078328066","-0,0000637","1,78652249760908","405,570627909849","3478178,07484958"
"3479624,07484958",1,"18202068222,9823","380143,586023919","260995,039134025","7728,80143178464","5,58966466242418",0,0,"-102,897092265151","-142,731387785593","102,711936492834","18187307593,5609","-34,7345481872559","26,0801078328066","-0,0000637","1,78652249760908","405,570627909849","3480178,07484958"
"3481624,07484958",1,"18205343257,9244","729724,043197929","261044,006788897","7727,34435271953","5,58966466242418",0,0,"-102,923175956662","-142,899913350239","102,739124423282","18190588888,5269","-34,7221954345703","26,0801078328066","-0,0000637","1,78652249760908","405,570627909849","3482178,07484958"
"3483624,07484958",1,"18208616895,5074","1079305,60820169","261092,953072715","7725,88813725884","5,58966466242418",0,0,"-102,949244754039","-143,068420795025","102,766296974554","18193868793,8019","-34,7098236083984","26,0801078328066","-0,0000638","1,78652249760908","405,570627909849","3484178,07484958"
"3485624,07484958",1,"18211889134,0081","1428886,81022625","261141,877960594","7724,43278570823","5,58966466242418",0,0,"-102,975298413888","-143,236908248098","102,793454235207","18197147307,6766","-34,6974311828613","26,0801078328066","-0,0000638","1,78652249760908","405,570627909849","3486178,07484958"
"3487624,07484958",1,"18215159971,7903","1778463,14168627","261190,781428931","7722,97829837217","5,58966466242418",0,0,"-103,001336693086","-143,405371751535","102,820595943865","18200424428,4512","-34,6850170135498","26,0801078328066","-0,0000639","1,78652249760908","405,570627909849","3488178,07484958"
"3489624,07484958",1,"18218429407,1134","1641856,49842298","261239,663452583","7721,52467555397","5,58966466242418",0,0,"-103,027359762883","-143,573810307086","102,847722364252","18203700154,4198","-34,6725833892822","26,0801078328066","-0,0000639","1,78652249760908","405,570627909849","3490178,07484958"
"3491624,07484958",1,"18221697438,3432","1292277,26590032","261288,52400798","7720,07191755574","5,58966466242418",0,0,"-103,053367716683","-143,742220863773","102,874833497484","18206974483,8894","-34,6601299285889","26,0801078328066","-0,000064","1,78652249760908","405,570627909849","3492178,07484958"
"3493624,07484958",1,"18224964063,8013","942697,221959721","261337,363070896","7718,62002467842","5,58966466242418",0,0,"-103,07936063851","-143,910600299629","102,901929169584","18210247415,1687","-34,6476558685303","26,0801078328066","-0,000064","1,78652249760908","405,570627909849","3494178,07484958"
"3495624,07484958",1,"18228229281,7628","593117,863026987","261386,180616426","7717,16899722178","5,58966466242418",0,0,"-103,105338455119","-144,078946020442","102,929009469138","18213518946,5627","-34,6351615905762","26,0801078328066","-0,000064","1,78652249760908","405,570627909849","3496178,07484958"
"3497624,07484958",1,"18231493090,5552","243542,125059591","261434,976620431","7715,71883548442","5,58966466242418",0,0,"-103,131301167851","-144,247255194405","102,956074309539","18216789076,3788","-34,6226486206055","26,0801078328066","-0,0000641","1,78652249760908","405,570627909849","3498178,07484958"
"3499624,07484958",1,"18234755488,5179","106063,462445001","261483,751058955","7714,26953976377","5,58966466242418",0,0,"-103,15724861393","-144,415524674953","102,983123867016","18220057802,9324","-34,6101142883301","26,0801078328066","-0,0000641","1,78652249760908","405,570627909849","3500178,07484958"
"3501624,07484958",1,"18238016473,9935","455629,478607395","261532,503908083","7712,82111035611","5,58966466242418",0,0,"-103,18318146942","-144,583753375045","103,01015805502","18223325124,5393","-34,5975593566895","26,0801078328066","-0,0000642","1,78652249760908","405,570627909849","3502178,07484958"
"3503624,07484958",1,"18241276045,2986","805206,988198556","261581,235143521","7711,37354755656","5,58966466242418",0,0,"-103,209099480538","-144,751937972715","103,037176786953","18226591039,5184","-34,5849838256836","26,0801078328066","-0,0000642","1,78652249760908","405,570627909849","3504178,07484958"
"3505624,07484958",1,"18244534200,8009","1154785,10742901","261629,944741728","7709,92685165906","5,58966466242418",0,0,"-103,235002334465","-144,920075431095","103,064180239051","18229855546,1977","-34,5723896026611","26,0801078328066","-0,0000642","1,78652249760908","405,570627909849","3506178,07484958"
"3507624,07484958",1,"18247790938,794","1504362,59189938","261678,632678072","7708,48102295644","5,58966466242418",0,0,"-103,260890693741","-145,08816424498","103,091168412284","18233118642,8981","-34,5597755432129","26,0801078328066","-0,0000643","1,78652249760908","405,570627909849","3508178,07484958"
"3509624,07484958",1,"18251046257,6441","1853918,43086124","261727,298928989","7707,03606174034","5,58966466242418",0,0,"-103,286764072637","-145,256200472168","103,118141132285","18236380327,9512","-34,5471424102783","26,0801078328066","-0,0000643","1,78652249760908","405,570627909849","3510178,07484958"
"3511624,07484958",1,"18254300155,6498","1566388,07228653","261775,943469923","7705,59196830129","5,58966466242418",0,0,"-103,312622545797","-145,424181871707","103,145098399951","18239640599,6818","-34,5344879150391","26,0801078328066","-0,0000644","1,78652249760908","405,570627909849","3512178,07484958"
"3513624,07484958",1,"18257552631,1809","1216811,79093864","261824,566277364","7704,14874292864","5,58966466242418",0,0,"-103,338466377806","-145,592105546138","103,17204030389","18242899456,4198","-34,5218147277832","26,0801078328066","-0,0000644","1,78652249760908","405,570627909849","3514178,07484958"
"3515624,07484958",1,"18260803682,6075","867235,224779637","261873,167327803","7702,70638591063","5,58966466242418",0,0,"-103,364295485392","-145,759969045854","103,198966757244","18246156896,5042","-34,5091213226318","26,0801078328066","-0,0000645","1,78652249760908","405,570627909849","3516178,07484958"
"3517624,07484958",1,"18264053308,2771","517659,595872509","261921,746597408","7701,26489753436","5,58966466242418",0,0,"-103,390109800244","-145,927769761698","103,225877936256","18249412918,2764","-34,4964073181152","26,0801078328066","-0,0000645","1,78652249760908","405,570627909849","3518178,07484958"
"3519624,07484958",1,"18267301506,5181","168090,297699378","261970,304062061","7699,82427808579","5,58966466242418",0,0,"-103,415909903419","-146,095506475683","103,25277375413","18252667520,0764","-34,4836757659912","26,0801078328066","-0,0000645","1,78652249760908","405,570627909849","3520178,07484958"
"3521624,07484958",1,"18270548275,6917","181507,769878643","262018,839698132","7698,38452784975","5,58966466242418",0,0,"-103,441695381173","-146,263174936052","103,279654299461","18255920700,2463","-34,4709239959717","26,0801078328066","-0,0000646","1,78652249760908","405,570627909849","3522178,07484958"
"3523624,07484958",1,"18273793614,1534","531077,175629301","262067,353481896","7696,94564710995","5,58966466242418",0,0,"-103,467466081226","-146,430772612944","103,306519397524","18259172457,1317","-34,4581520080566","26,0801078328066","-0,0000646","1,78652249760908","405,570627909849","3524178,07484958"
"3525624,07484958",1,"18277037520,28","880651,605743594","262115,845389953","7695,50763614897","5,58966466242418",0,0,"-103,493222412274","-146,598297528679","103,333369136976","18262422789,0797","-34,445361328125","26,0801078328066","-0,0000647","1,78652249760908","405,570627909849","3526178,07484958"
"3527624,07484958",1,"18280279992,4399","1230226,30202641","262164,315398777","7694,07049524827","5,58966466242418",0,0,"-103,518964059398","-146,76574635749","103,360203430796","18265671694,4442","-34,4325511932373","26,0801078328066","-0,0000647","1,78652249760908","405,570627909849","3528178,07484958"
"3529624,07484958",1,"18283521028,9865","1579799,99337331","262212,763484621","7692,63422468821","5,58966466242418",0,0,"-103,54469143457","-146,933117518599","103,387022455236","18268919171,5785","-34,4197200775146","26,0801078328066","-0,0000647","1,78652249760908","405,570627909849","3530178,07484958"
"3531624,07484958",1,"18286760628,2954","1840516,68771461","262261,189624063","7691,19882474802","5,58966466242418",0,0,"-103,570404964987","-147,100408448786","103,413826211055","18272165218,843","-34,4068714141846","26,0801078328066","-0,0000648","1,78652249760908","405,570627909849","3532178,07484958"
"3533624,07484958",1,"18289998788,7148","1490957,43796735","262309,593793285","7689,76429570581","5,58966466242418",0,0,"-103,596103740171","-147,267616087888","103,440614523441","18275409834,5964","-34,3940036773682","26,0801078328066","-0,0000648","1,78652249760908","405,570627909849","3534178,07484958"
"3535624,07484958",1,"18293235508,6528","1141384,26958792","262357,975969342","7688,33063783862","5,58966466242418",0,0,"-103,621788264632","-147,434737712849","103,467387480815","18278653017,201","-34,3811164855957","26,0801078328066","-0,0000649","1,78652249760908","405,570627909849","3536178,07484958"
"3537624,07484958",1,"18296470786,4788","791811,15521379","262406,336128726","7686,89785142234","5,58966466242418",0,0,"-103,647458622506","-147,60177140442","103,494145083962","18281894765,0211","-34,3682094573975","26,0801078328066","-0,0000649","1,78652249760908","405,570627909849","3538178,07484958"
"3539624,07484958",1,"18299704620,5711","442239,312568359","262454,674248062","7685,4659367318","5,58966466242418",0,0,"-103,673114818537","-147,768714284146","103,520887421409","18285135076,4264","-34,3552829742432","26,0801078328066","-0,000065","1,78652249760908","405,570627909849","3540178,07484958"
"3541624,07484958",1,"18302937009,2977","92681,7979873573","262502,990303813","7684,03489404071","5,58966466242418",0,0,"-103,69875677925","-147,935563709503","103,547614318192","18288373949,787","-34,3423377990723","26,0801078328066","-0,000065","1,78652249760908","405,570627909849","3542178,07484958"
"3543624,07484958",1,"18306167951,0899","256918,771623331","262551,284273388","7682,60472362169","5,58966466242418",0,0,"-103,724384592164","-148,102317742732","103,574325950482","18291611383,4807","-34,3293743133545","26,0801078328066","-0,000065","1,78652249760908","405,570627909849","3544178,07484958"
"3545624,07484958",1,"18309397444,2843","606487,412813438","262599,556132791","7681,17542574626","5,58966466242418",0,0,"-103,749998509859","-148,268973015499","103,601022143341","18294847375,8811","-34,3163909912109","26,0801078328066","-0,0000651","1,78652249760908","405,570627909849","3546178,07484958"
"3547624,07484958",1,"18312625487,2807","956058,703851185","262647,805858966","7679,74700068487","5,58966466242418",0,0,"-103,775598374196","-148,435527990817","103,627703073041","18298081925,3652","-34,3033882141113","26,0801078328066","-0,0000651","1,78652249760908","405,570627909849","3548178,07484958"
"3549624,07484958",1,"18315852078,4984","1305630,01768132","262696,03342914","7678,31944870688","5,58966466242418",0,0,"-103,801184270804","-148,601979484608","103,654368652377","18301315030,3164","-34,2903667449951","26,0801078328066","-0,0000652","1,78652249760908","405,570627909849","3550178,07484958"
"3551624,07484958",1,"18319077216,3331","1655199,68951539","262744,238820193","7676,89277008055","5,58966466242418",0,0,"-103,826755789105","-148,768325270131","103,681018881914","18304546689,1202","-34,2773258209229","26,0801078328066","-0,0000652","1,78652249760908","405,570627909849","3552178,07484958"
"3553624,07484958",1,"18322300899,1874","1765130,25144086","262792,422009102","7675,46696507309","5,58966466242418",0,0,"-103,852313682598","-148,93456263799","103,707653850026","18307776900,1674","-34,2642658233643","26,0801078328066","-0,0000652","1,78652249760908","405,570627909849","3554178,07484958"
"3555624,07484958",1,"18325523125,4149","1415563,9108663","262840,582972135","7674,04203395061","5,58966466242418",0,0,"-103,877857622794","-149,100689962024","103,734273557262","18311005661,8436","-34,2511878967285","26,0801078328066","-0,0000653","1,78652249760908","405,570627909849","3556178,07484958"
"3557624,07484958",1,"18328743893,4655","1065993,91237179","262888,721686969","7672,61797697815","5,58966466242418",0,0,"-103,903387783522","-149,266704484868","103,76087791631","18314232972,5423","-34,2380920410156","26,0801078328066","-0,0000653","1,78652249760908","405,570627909849","3558178,07484958"
"3559624,07484958",1,"18331963201,7558","716424,217773597","262936,838130789","7671,19479441971","5,58966466242418",0,0,"-103,928903920471","-149,432602758338","103,78746683981","18317458830,6608","-34,2249759674072","26,0801078328066","-0,0000654","1,78652249760908","405,570627909849","3560178,07484958"
"3561624,07484958",1,"18335181048,6732","366856,298918259","262984,932280362","7669,77248653818","5,58966466242418",0,0,"-103,954406451187","-149,598383879776","103,814040592015","18320683234,5983","-34,211841583252","26,0801078328066","-0,0000654","1,78652249760908","405,570627909849","3562178,07484958"
"3563624,07484958",1,"18338397432,582","17388,2081918269","263033,004112107","7668,35105359541","5,58966466242418",0,0,"-103,979895380872","-149,764044075292","103,840598909502","18323906182,7475","-34,1986885070801","26,0801078328066","-0,0000654","1,78652249760908","405,570627909849","3564178,07484958"
"3565624,07484958",1,"18341612351,9597","332294,30632941","263081,053604111","7666,9304958522","5,58966466242418",0,0,"-104,005370468623","-149,929582189389","103,86714205665","18327127673,5151","-34,1855144500732","26,0801078328066","-0,0000655","1,78652249760908","405,570627909849","3566178,07484958"
"3567624,07484958",1,"18344825805,2115","681860,935776677","263129,080733394","7665,51081356827","5,58966466242418",0,0,"-104,03083179925","-150,094995209573","103,893669858035","18330347705,3082","-34,1723236083984","26,0801078328066","-0,0000655","1,78652249760908","405,570627909849","3568178,07484958"
"3569624,07484958",1,"18348037790,7606","1031429,09509329","263177,085477245","7664,0920070023","5,58966466242418",0,0,"-104,05627971137","-150,260280922228","103,920182314067","18333566276,5344","-34,1591133117676","26,0801078328066","-0,0000656","1,78652249760908","405,570627909849","3570178,07484958"
"3571624,07484958",1,"18351248307,0344","1380997,03298066","263225,067813015","7662,67407641192","5,58966466242418",0,0,"-104,081714043863","-150,425436487","103,946679513154","18336783385,6045","-34,1458862304687","26,0801078328066","-0,0000656","1,78652249760908","405,570627909849","3572178,07484958"
"3573624,07484958",1,"18354457352,4246","1730561,97663958","263273,027717532","7661,25702205369","5,58966466242418",0,0,"-104,107134719175","-150,590460261117","103,97316127964","18339999030,9282","-34,1326393127441","26,0801078328066","-0,0000657","1,78652249760908","405,570627909849","3574178,07484958"
"3575624,07484958",1,"18357664925,4147","1689772,01203045","263320,965168971","7659,84084418315","5,58966466242418",0,0,"-104,132541907234","-150,755349688249","103,999627789934","18343213210,9282","-34,1193740844727","26,0801078328066","-0,0000657","1,78652249760908","405,570627909849","3576178,07484958"
"3577624,07484958",1,"18360871024,3874","1340206,72371731","263368,880144027","7658,4255430548","5,58966466242418",0,0,"-104,157935612949","-150,920101345479","104,0260790444","18346425924,0204","-34,1060890197754","26,0801078328066","-0,0000657","1,78652249760908","405,570627909849","3578178,07484958"
"3579624,07484958",1,"18364075647,7545","990639,923417715","263416,772619824","7657,01111892208","5,58966466242418",0,0,"-104,183316008033","-151,084714485597","104,052514955322","18349637168,6203","-34,092786026001","26,0801078328066","-0,0000658","1,78652249760908","405,570627909849","3580178,07484958"
"3581624,07484958",1,"18367278793,9982","641073,610107503","263464,642574518","7655,59757203741","5,58966466242418",0,0,"-104,208682764348","-151,249185298695","104,078935435146","18352846943,1528","-34,0794647216797","26,0801078328066","-0,0000658","1,78652249760908","405,570627909849","3582178,07484958"
"3583624,07484958",1,"18370480461,5683","291509,927992833","263512,489985791","7654,18490265217","5,58966466242418",0,0,"-104,234036219113","-151,413513214541","104,105340836145","18356055246,0514","-34,0661251068115","26,0801078328066","-0,0000659","1,78652249760908","405,570627909849","3584178,07484958"
"3585624,07484958",1,"18373680648,893","58095,0608268308","263560,314831009","7652,77311101671","5,58966466242418",0,0,"-104,259376460154","-151,5776950227","104,131730806608","18359262075,7447","-34,0527687072754","26,0801078328066","-0,0000659","1,78652249760908","405,570627909849","3586178,07484958"
"3587624,07484958",1,"18376879354,4078","407634,392969678","263608,117087649","7651,36219738035","5,58966466242418",0,0,"-104,284703489489","-151,741728179496","104,158105434766","18362467430,6644","-34,0393924713135","26,0801078328066","-0,0000659","1,78652249760908","405,570627909849","3588178,07484958"
"3589624,07484958",1,"18380076576,5535","757198,531960596","263655,896733254","7649,9521619914","5,58966466242418",0,0,"-104,310016818876","-151,905610543128","104,184464808968","18365671309,2437","-34,0259998321533","26,0801078328066","-0,000066","1,78652249760908","405,570627909849","3590178,07484958"
"3591624,07484958",1,"18383272313,768","1106763,56387406","263703,653745342","7648,54300509714","5,58966466242418",0,0,"-104,335317281","-152,069340430159","104,210808841439","18368873709,917","-34,0125865936279","26,0801078328066","-0,000066","1,78652249760908","405,570627909849","3592178,07484958"
"3593624,07484958",1,"18386466564,5116","1456328,1394168","263751,388101745","7647,13472694384","5,58966466242418",0,0,"-104,360604468869","-152,232915388163","104,237137708438","18372074631,1257","-33,9991561889648","26,0801078328066","-0,0000661","1,78652249760908","405,570627909849","3594178,07484958"
"3595624,07484958",1,"18389659327,2462","1805885,27833761","263799,099780328","7645,72732777672","5,58966466242418",0,0,"-104,385878461507","-152,396332809124","104,263451234122","18375274071,3089","-33,9857070922852","26,0801078328066","-0,0000661","1,78652249760908","405,570627909849","3596178,07484958"
"3597624,07484958",1,"18392850600,436","1614448,12259373","263846,788758987","7644,32080784004","5,58966466242418",0,0,"-104,411139440185","-152,559591452601","104,289749418661","18378472028,9137","-33,9722412109375","26,0801078328066","-0,0000661","1,78652249760908","405,570627909849","3598178,07484958"
"3599624,07484958",1,"18396040382,5325","1264885,16554758","263894,455015431","7642,91516737702","5,58966466242418",0,0,"-104,436387068367","-152,722688546389","104,316032438427","18381668502,3915","-33,958757019043","26,0801078328066","-0,0000662","1,78652249760908","405,570627909849","3600178,07484958"
"3601624,07484958",1,"18399228671,9922","915321,516239686","263942,098527445","7641,51040662988","5,58966466242418",0,0,"-104,461622019699","-152,885622371349","104,342300205534","18384863490,1909","-33,9452548980713","26,0801078328066","-0,0000662","1,78652249760908","405,570627909849","3602178,07484958"
"3603624,07484958",1,"18402415467,2953","565758,596349638","263989,719273163","7640,10652583982","5,58966466242418",0,0,"-104,486843966429","-153,048390747879","104,368552632044","18388056990,7636","-33,931734085083","26,0801078328066","-0,0000663","1,78652249760908","405,570627909849","3604178,07484958"
"3605624,07484958",1,"18405600766,8676","216199,880511199","264037,31722992","7638,70352524708","5,58966466242418",0,0,"-104,512052913171","-153,210990271588","104,39478980615","18391249002,5611","-33,918196105957","26,0801078328066","-0,0000663","1,78652249760908","405,570627909849","3606178,07484958"
"3607624,07484958",1,"18408784569,2305","133386,066536468","264084,892376455","7637,30140509087","5,58966466242418",0,0,"-104,537248784272","-153,37341949575","104,42101163976","18394439524,0434","-33,9046401977539","26,0801078328066","-0,0000664","1,78652249760908","405,570627909849","3608178,07484958"
"3609624,07484958",1,"18411966872,817","482939,494624065","264132,444690206","7635,90016560941","5,58966466242418",0,0,"-104,562432079707","-153,535677453843","104,447218309471","18397628553,6697","-33,8910667419434","26,0801078328066","-0,0000664","1,78652249760908","405,570627909849","3610178,07484958"
"3611624,07484958",1,"18415147676,1276","832500,948402753","264179,974149607","7634,49980703993","5,58966466242418",0,0,"-104,587602303802","-153,697760246108","104,473409727158","18400816089,9057","-33,8774757385254","26,0801078328066","-0,0000664","1,78652249760908","405,570627909849","3612178,07484958"
"3613624,07484958",1,"18418326977,6167","1182062,85693772","264227,480732416","7633,10032961869","5,58966466242418",0,0,"-104,612759628105","-153,859666724623","104,499585804645","18404002131,2162","-33,8638664245605","26,0801078328066","-0,0000665","1,78652249760908","405,570627909849","3614178,07484958"
"3615624,07484958",1,"18421504775,7881","1531624,0286015","264274,964417109","7631,70173358093","5,58966466242418",0,0,"-104,637904478236","-154,021394961082","104,525746630198","18407186676,0704","-33,8502384185791","26,0801078328066","-0,0000665","1,78652249760908","405,570627909849","3616178,07484958"
"3617624,07484958",1,"18424681069,0733","1880983,941066","264322,425181114","7630,30401916093","5,58966466242418",0,0,"-104,663036264792","-154,182942573348","104,551892292095","18410369722,9341","-33,8365943908691","26,0801078328066","-0,0000666","1,78652249760908","405,570627909849","3618178,07484958"
"3619624,07484958",1,"18427855856,0483","1539158,72573693","264369,863003966","7628,90718659199","5,58966466242418",0,0,"-104,688155753631","-154,344307921026","104,578022613942","18413551270,2857","-33,8229312896729","26,0801078328066","-0,0000666","1,78652249760908","405,570627909849","3620178,07484958"
"3621624,07484958",1,"18431029135,1334","1189598,43910654","264417,277862929","7627,51123610643","5,58966466242418",0,0,"-104,713262282487","-154,505488135649","104,604137507435","18416731316,5998","-33,8092510223389","26,0801078328066","-0,0000666","1,78652249760908","405,570627909849","3622178,07484958"
"3623624,07484958",1,"18434200904,825","840037,933317429","264464,669736372","7626,11616793559","5,58966466242418",0,0,"-104,738356186397","-154,666481090937","104,630237237363","18419909860,3527","-33,7955539703369","26,0801078328066","-0,0000667","1,78652249760908","405,570627909849","3624178,07484958"
"3625624,07484958",1,"18437371163,6462","490478,428991317","264512,038603063","7624,72198230984","5,58966466242418",0,0,"-104,763437547404","-154,827286819011","104,656321715412","18423086900,0306","-33,7818382263184","26,0801078328066","-0,0000667","1,78652249760908","405,570627909849","3626178,07484958"
"3627624,07484958",1,"18440539910,0466","140926,817144005","264559,38444069","7623,32867945859","5,58966466242418",0,0,"-104,788506282255","-154,987901821997","104,682391118032","18426262434,1122","-33,7681049346924","26,0801078328066","-0,0000668","1,78652249760908","405,570627909849","3628178,07484958"
"3629624,07484958",1,"18443707142,531","208655,465946685","264606,707227751","7621,93625961027","5,58966466242418",0,0,"-104,813562495204","-155,148323770163","104,708445092238","18429436461,0836","-33,7543537139893","26,0801078328066","-0,0000668","1,78652249760908","405,570627909849","3630178,07484958"
"3631624,07484958",1,"18446872859,6137","558210,261064681","264654,00694289","7620,54472299237","5,58966466242418",0,0,"-104,838606431478","-155,308552077069","104,734483814448","18432608979,4322","-33,7405849456787","26,0801078328066","-0,0000668","1,78652249760908","405,570627909849","3632178,07484958"
"3633624,07484958",1,"18450037059,8064","907768,914981129","264701,283564703","7619,15406983139","5,58966466242418",0,0,"-104,863637844362","-155,468583344389","104,760507284449","18435779987,6512","-33,7267993927002","26,0801078328066","-0,0000669","1,78652249760908","405,570627909849","3634178,07484958"
"3635624,07484958",1,"18453199741,5659","1257327,74098237","264748,537070988","7617,7643003529","5,58966466242418",0,0,"-104,888656737718","-155,628416927805","104,786515678923","18438949484,229","-33,7129978179932","26,0801078328066","-0,0000669","1,78652249760908","405,570627909849","3636178,07484958"
"3637624,07484958",1,"18456360903,4893","1606885,36338208","264795,7674416","7616,3754147815","5,58966466242418",0,0,"-104,913663621849","-155,788050637787","104,812508644439","18442117467,6706","-33,6991764068604","26,0801078328066","-0,000067","1,78652249760908","405,570627909849","3638178,07484958"
"3639624,07484958",1,"18459520543,9935","1813452,77582743","264842,974653754","7614,98741334084","5,58966466242418",0,0,"-104,938657667258","-155,947481856739","104,838486357433","18445283936,4651","-33,6853385925293","26,0801078328066","-0,000067","1,78652249760908","405,570627909849","3640178,07484958"
"3641624,07484958",1,"18462678661,6061","1463903,31262085","264890,158686277","7613,60029625362","5,58966466242418",0,0,"-104,963639373325","-156,106709133646","104,86444899439","18448448889,1124","-33,6714832305908","26,0801078328066","-0,000067","1,78652249760908","405,570627909849","3642178,07484958"
"3643624,07484958",1,"18465835254,8986","1114345,84096006","264937,319518656","7612,21406374162","5,58966466242418",0,0,"-104,988608655341","-156,265731018989","104,890396378699","18451612324,1197","-33,6576103210449","26,0801078328066","-0,0000671","1,78652249760908","405,570627909849","3644178,07484958"
"3645624,07484958",1,"18468990322,3408","764788,45508269","264984,457128874","7610,82871602563","5,58966466242418",0,0,"-105,013566112874","-156,424545473195","104,916328510047","18454774239,9892","-33,6437206268311","26,0801078328066","-0,0000671","1,78652249760908","405,570627909849","3646178,07484958"
"3647624,07484958",1,"18472143862,4792","415232,440454244","265031,57149605","7609,44425332554","5,58966466242418",0,0,"-105,038511255202","-156,583150657128","104,942245388322","18457934635,2324","-33,6298145294189","26,0801078328066","-0,0000672","1,78652249760908","405,570627909849","3648178,07484958"
"3649624,07484958",1,"18475295873,8187","65697,9036362428","265078,662598687","7608,06067586028","5,58966466242418",0,0,"-105,063444319379","-156,741544846491","104,968147013179","18461093508,3612","-33,6158897399902","26,0801078328066","-0,0000672","1,78652249760908","405,570627909849","3650178,07484958"
"3651624,07484958",1,"18478446354,875","283893,660159358","265125,730415444","7606,67798384786","5,58966466242418",0,0,"-105,088364901301","-156,899726350958","104,994033384471","18464250857,8874","-33,601948928833","26,0801078328066","-0,0000673","1,78652249760908","405,570627909849","3652178,07484958"
"3653624,07484958",1,"18481595304,2091","633447,348276517","265172,774925657","7605,29617750535","5,58966466242418",0,0,"-105,113273590082","-157,057693579331","105,019904678713","18467406682,3276","-33,5879909515381","26,0801078328066","-0,0000673","1,78652249760908","405,570627909849","3654178,07484958"
"3655624,07484958",1,"18484742720,3297","983003,170491686","265219,796107879","7603,91525704888","5,58966466242418",0,0,"-105,138170225148","-157,215443300448","105,045760542157","18470560980,204","-33,5740154266357","26,0801078328066","-0,0000673","1,78652249760908","405,570627909849","3656178,07484958"
"3657624,07484958",1,"18487888601,7373","1332558,92480642","265266,793940557","7602,53522269367","5,58966466242418",0,0,"-105,163054558037","-157,372975378106","105,071601328005","18473713750,0288","-33,5600227355957","26,0801078328066","-0,0000674","1,78652249760908","405,570627909849","3658178,07484958"
"3659624,07484958",1,"18491032947,0012","1682112,64454553","265313,768403137","7601,15607465402","5,58966466242418",0,0,"-105,187927342629","-157,530287779524","105,097426859134","18476864990,3296","-33,5460140228272","26,0801078328066","-0,0000674","1,78652249760908","405,570627909849","3660178,07484958"
"3661624,07484958",1,"18494175754,6752","1738233,08241752","265360,719474844","7599,7778131433","5,58966466242418",0,0,"-105,212788073368","-157,687379169408","105,123237135317","18480014699,6365","-33,5319885253906","26,0801078328066","-0,0000675","1,78652249760908","405,570627909849","3662178,07484958"
"3663624,07484958",1,"18497317023,2473","1388681,25547086","265407,647133941","7598,40043837395","5,58966466242418",0,0,"-105,237636933658","-157,844247346032","105,14903215631","18483162876,4713","-33,5179462432861","26,0801078328066","-0,0000675","1,78652249760908","405,570627909849","3664178,07484958"
"3665624,07484958",1,"18500456751,2584","1039126,63918258","265454,551359461","7597,02395055752","5,58966466242418",0,0,"-105,262473346117","-158,000890280157","105,17481209866","18486309519,3631","-33,5038867950439","26,0801078328066","-0,0000675","1,78652249760908","405,570627909849","3666178,07484958"
"3667624,07484958",1,"18503594937,2985","689572,340882114","265501,432131161","7595,64834990463","5,58966466242418",0,0,"-105,287298393188","-158,157307005293","105,200576785094","18489454626,845","-33,4898097991943","26,0801078328066","-0,0000676","1,78652249760908","405,570627909849","3668178,07484958"
"3669624,07484958",1,"18506731579,917","340019,995386423","265548,289428195","7594,27363662499","5,58966466242418",0,0,"-105,312111495798","-158,313495821607","105,226326215104","18492598197,4549","-33,4757171630859","26,0801078328066","-0,0000676","1,78652249760908","405,570627909849","3670178,07484958"
"3671624,07484958",1,"18509866677,6568","9727,54390643957","265595,123229637","7592,89981092741","5,58966466242418",0,0,"-105,336912912645","-158,469454608851","105,252060565471","18495740229,733","-33,4616065979004","26,0801078328066","-0,0000677","1,78652249760908","405,570627909849","3672178,07484958"
"3673624,07484958",1,"18513000229,0116","359099,701025914","265641,933513827","7591,5268730198","5,58966466242418",0,0,"-105,36170239431","-158,625182536329","105,277779658807","18498880722,2133","-33,4474800109863","26,0801078328066","-0,0000677","1,78652249760908","405,570627909849","3674178,07484958"
"3675624,07484958",1,"18516132232,575","708651,445129803","265688,720260577","7590,15482310915","5,58966466242418",0,0,"-105,386480182841","-158,780678288926","105,303483494558","18502019673,4378","-33,4333362579346","26,0801078328066","-0,0000677","1,78652249760908","405,570627909849","3676178,07484958"
"3677624,07484958",1,"18519262686,9351","1058204,42143194","265735,483449614","7588,78366140156","5,58966466242418",0,0,"-105,411246538603","-158,935939439183","105,329172072368","18505157081,9576","-33,4191764831543","26,0801078328066","-0,0000678","1,78652249760908","405,570627909849","3678178,07484958"
"3679624,07484958",1,"18522391590,5985","1407757,12090535","265782,223059474","7587,41338810225","5,58966466242418",0,0,"-105,436000882078","-159,090964344172","105,354845568826","18508292946,3174","-33,4049995422363","26,0801078328066","-0,0000678","1,78652249760908","405,570627909849","3680178,07484958"
"3681624,07484958",1,"18525518942,1948","1757305,76260899","265828,939070496","7586,04400341552","5,58966466242418",0,0,"-105,460743818786","-159,245751689476","105,380503983587","18511427265,0693","-33,3908069610596","26,0801078328066","-0,0000679","1,78652249760908","405,570627909849","3682178,07484958"
"3683624,07484958",1,"18528644740,2161","1663042,36953745","265875,631461002","7584,67550754479","5,58966466242418",0,0,"-105,485474934339","-159,400300079111","105,406147139078","18514560036,7662","-33,3765960693359","26,0801078328066","-0,0000679","1,78652249760908","405,570627909849","3684178,07484958"
"3685624,07484958",1,"18531768983,2841","1313491,876602","265922,300211217","7583,30790069259","5,58966466242418",0,0,"-105,510194800937","-159,554608499779","105,431775034882","18517691259,9688","-33,3623691558838","26,0801078328066","-0,0000679","1,78652249760908","405,570627909849","3686178,07484958"
"3687624,07484958",1,"18534891669,8985","963940,129847014","265968,945299575","7581,94118306058","5,58966466242418",0,0,"-105,534902929422","-159,708675375458","105,457387670347","18520820933,2288","-33,3481266021729","26,0801078328066","-0,000068","1,78652249760908","405,570627909849","3688178,07484958"
"3689624,07484958",1,"18538012798,6463","614388,907784304","266015,566705794","7580,57535484951","5,58966466242418",0,0,"-105,559599633182","-159,862498945451","105,482985222089","18523949055,1017","-33,3338676452637","26,0801078328066","-0,000068","1,78652249760908","405,570627909849","3690178,07484958"
"3691624,07484958",1,"18541132368,1363","264840,643903444","266062,164409906","7579,21041625926","5,58966466242418",0,0,"-105,58428444322","-160,016078022833","105,508567512602","18527075624,1496","-33,3195930480957","26,0801078328066","-0,0000681","1,78652249760908","405,570627909849","3692178,07484958"
"3693624,07484958",1,"18544250376,9578","84739,2236146262","266108,738391661","7577,84636748885","5,58966466242418",0,0,"-105,608958350662","-160,169410290038","105,534134541186","18530200638,9442","-33,30530128479","26,0801078328066","-0,0000681","1,78652249760908","405,570627909849","3694178,07484958"
"3695624,07484958",1,"18547366823,6537","434273,775010913","266155,288630126","7576,4832087364","5,58966466242418",0,0,"-105,633620721389","-160,322496277846","105,559686661827","18533324098,0521","-33,2909934997559","26,0801078328066","-0,0000681","1,78652249760908","405,570627909849","3696178,07484958"
"3697624,07484958",1,"18550481706,7784","783823,221163501","266201,815104546","7575,12094019916","5,58966466242418",0,0,"-105,658271705127","-160,475333126128","105,585223519357","18536446000,0364","-33,2766693115234","26,0801078328066","-0,0000682","1,78652249760908","405,570627909849","3698178,07484958"
"3699624,07484958",1,"18553595024,9785","1133373,38151644","266248,317795507","7573,75956207353","5,58966466242418",0,0,"-105,682911378071","-160,627919371305","105,610745113249","18539566343,4744","-33,2623291015625","26,0801078328066","-0,0000682","1,78652249760908","405,570627909849","3700178,07484958"
"3701624,07484958",1,"18556706776,7469","1482922,99395082","266294,796681353","7572,39907455502","5,58966466242418",0,0,"-105,707539674369","-160,78025437059","105,636251442962","18542685126,9296","-33,2479724884033","26,0801078328066","-0,0000683","1,78652249760908","405,570627909849","3702178,07484958"
"3703624,07484958",1,"18559816960,8014","1832459,86151488","266341,251743708","7571,03947783829","5,58966466242418",0,0,"-105,73215699846","-160,932337481554","105,661742685155","18545802348,9882","-33,2336002349854","26,0801078328066","-0,0000683","1,78652249760908","405,570627909849","3704178,07484958"
"3705624,07484958",1,"18562925575,6334","1587882,84646051","266387,682960898","7569,68077211713","5,58966466242418",0,0,"-105,756762696827","-161,084165339329","105,687218661839","18548918008,2231","-33,2192108154297","26,0801078328066","-0,0000683","1,78652249760908","405,570627909849","3706178,07484958"
"3707624,07484958",1,"18566032619,8489","1238334,50502172","266434,09031292","7568,32295758448","5,58966466242418",0,0,"-105,781357453832","-161,235738740783","105,712679727169","18552032103,2182","-33,204806137085","26,0801078328066","-0,0000684","1,78652249760908","405,570627909849","3708178,07484958"
"3709624,07484958",1,"18569138092,0875","888785,617526052","266480,473780258","7566,96603443241","5,58966466242418",0,0,"-105,805940942542","-161,38705493103","105,738125525621","18555144632,5623","-33,1903839111328","26,0801078328066","-0,0000684","1,78652249760908","405,570627909849","3710178,07484958"
"3711624,07484958",1,"18572241990,9015","539237,483295841","266526,833342127","7565,61000285215","5,58966466242418",0,0,"-105,830513734333","-161,538113301107","105,7635562341","18558255594,8388","-33,1759460449219","26,0801078328066","-0,0000685","1,78652249760908","405,570627909849","3712178,07484958"
"3713624,07484958",1,"18575344314,9051","189694,324705816","266573,168978639","7564,25486303406","5,58966466242418",0,0,"-105,855074917997","-161,68891268892","105,788971674246","18561364988,6335","-33,1614925384522","26,0801078328066","-0,0000685","1,78652249760908","405,570627909849","3714178,07484958"
"3715624,07484958",1,"18578445062,7184","159875,291363489","266619,480670007","7562,90061516768","5,58966466242418",0,0,"-105,879625156235","-161,83945128345","105,814371845629","18564472812,54","-33,1470218658447","26,0801078328066","-0,0000685","1,78652249760908","405,570627909849","3716178,07484958"
"3717624,07484958",1,"18581544232,9243","509416,375147027","266665,768395885","7561,54725944166","5,58966466242418",0,0,"-105,904164381678","-161,989728598417","105,839757102328","18567579065,1546","-33,132536315918","26,0801078328066","-0,0000686","1,78652249760908","405,570627909849","3718178,07484958"
"3719624,07484958",1,"18584641824,1047","858963,364060981","266712,032135921","7560,19479604385","5,58966466242418",0,0,"-105,928692691961","-162,139743594432","105,865127088516","18570683745,0672","-33,1180339813232","26,0801078328066","-0,0000686","1,78652249760908","405,570627909849","3720178,07484958"
"3721624,07484958",1,"18587737834,9451","1208510,70733147","266758,271871272","7558,84322516123","5,58966466242418",0,0,"-105,953209905682","-162,289494589453","105,890481981136","18573786850,887","-33,1035160064697","26,0801078328066","-0,0000687","1,78652249760908","405,570627909849","3722178,07484958"
"3723624,07484958",1,"18590832263,9353","1558057,15768179","266804,487580246","7557,49254697996","5,58966466242418",0,0,"-105,977716378804","-162,438980321531","105,915821779521","18576888381,2004","-33,088981628418","26,0801078328066","-0,0000687","1,78652249760908","405,570627909849","3724178,07484958"
"3725624,07484958",1,"18593925109,7717","1862267,60283911","266850,679244161","7556,14276168534","5,58966466242418",0,0,"-106,002212185561","-162,588200747084","105,941146482765","18579988334,6142","-33,0744331359863","26,0801078328066","-0,0000687","1,78652249760908","405,570627909849","3726178,07484958"
"3727624,07484958",1,"18597016371,072","1512754,38820786","266896,846843184","7554,79386946187","5,58966466242418",0,0,"-106,026696884235","-162,737153062326","105,966455734979","18583086709,7366","-33,0598678588867","26,0801078328066","-0,0000688","1,78652249760908","405,570627909849","3728178,07484958"
"3729624,07484958",1,"18600106046,4337","1163208,48699029","266942,9903572","7553,44587049319","5,58966466242418",0,0,"-106,051170527895","-162,885837253865","105,991750068101","18586183505,1712","-33,0452880859375","26,0801078328066","-0,0000688","1,78652249760908","405,570627909849","3730178,07484958"
"3731624,07484958",1,"18603194134,4611","813662,438718718","266989,109766176","7552,09876496211","5,58966466242418",0,0,"-106,075633329194","-163,034252020006","106,017029126168","18589278719,5271","-33,0306922912598","26,0801078328066","-0,0000689","1,78652249760908","405,570627909849","3732178,07484958"
"3733624,07484958",1,"18606280633,815","464117,432548116","267035,20505092","7550,75255305065","5,58966466242418",0,0,"-106,100085740835","-163,182397065493","106,042293085716","18592372351,4181","-33,0160793304443","26,0801078328066","-0,0000689","1,78652249760908","405,570627909849","3734178,07484958"
"3735624,07484958",1,"18609365543,079","114582,651129961","267081,276191105","7549,40723493996","5,58966466242418",0,0,"-106,124527276716","-163,330270737816","106,06754212401","18595464399,4542","-33,0014530181885","26,0801078328066","-0,0000689","1,78652249760908","405,570627909849","3736178,07484958"
"3737624,07484958",1,"18612448860,919","234986,642255431","267127,323167609","7548,0628108104","5,58966466242418",0,0,"-106,148957982716","-163,477872075785","106,092775706859","18598554862,2537","-32,9868091583252","26,0801078328066","-0,000069","1,78652249760908","405,570627909849","3738178,07484958"
"3739624,07484958",1,"18615530585,9395","584528,067701621","267173,345960413","7546,7192808415","5,58966466242418",0,0,"-106,173378382322","-163,625201090837","106,117994544306","18601643738,4371","-32,9721508026123","26,0801078328066","-0,000069","1,78652249760908","405,570627909849","3740178,07484958"
"3741624,07484958",1,"18618610716,7708","934072,528243866","267219,344549872","7545,37664521196","5,58966466242418",0,0,"-106,197787988333","-163,772254913101","106,143198102266","18604731026,6197","-32,9574760437012","26,0801078328066","-0,0000691","1,78652249760908","405,570627909849","3742178,07484958"
"3743624,07484958",1,"18621689252,0751","1283617,07443953","267265,318916815","7544,03490409971","5,58966466242418",0,0,"-106,222186778128","-163,919033520992","106,168386379874","18607816725,4337","-32,9427871704102","26,0801078328066","-0,0000691","1,78652249760908","405,570627909849","3744178,07484958"
"3745624,07484958",1,"18624766190,4639","1633160,16365013","267311,269041322","7542,69405768182","5,58966466242418",0,0,"-106,246574782809","-164,06553488009","106,193559553935","18610900833,5029","-32,9280818939209","26,0801078328066","-0,0000691","1,78652249760908","405,570627909849","3746178,07484958"
"3747624,07484958",1,"18627841530,5901","1787194,42649158","267357,194904083","7541,35410613458","5,58966466242418",0,0,"-106,27095226573","-164,211759524893","106,218717801307","18613983349,4547","-32,9133609771729","26,0801078328066","-0,0000692","1,78652249760908","405,570627909849","3748178,07484958"
"3749624,07484958",1,"18630915271,0639","1437656,52049869","267403,096485163","7540,01504963346","5,58966466242418",0,0,"-106,295319764611","-164,357706313866","106,243860765486","18617064271,9178","-32,8986236572266","26,0801078328066","-0,0000692","1,78652249760908","405,570627909849","3750178,07484958"
"3751624,07484958",1,"18633987410,5473","1088113,16694452","267448,97376539","7538,67688835313","5,58966466242418",0,0,"-106,31967658696","-164,503373944245","106,268988623297","18620143599,5264","-32,8838710784912","26,0801078328066","-0,0000693","1,78652249760908","405,570627909849","3752178,07484958"
"3753624,07484958",1,"18637057947,6778","738569,923389261","267494,826725225","7537,33962246747","5,58966466242418",0,0,"-106,344022874554","-164,648761931689","106,294101551624","18623221330,9127","-32,8691040039063","26,0801078328066","-0,0000693","1,78652249760908","405,570627909849","3754178,07484958"
"3755624,07484958",1,"18640126881,1462","389028,157197847","267540,655345912","7536,00325214954","5,58966466242418",0,0,"-106,368358536419","-164,793868528207","106,319199015979","18626297464,7194","-32,8543209075928","26,0801078328066","-0,0000693","1,78652249760908","405,570627909849","3756178,07484958"
"3757624,07484958",1,"18643194209,5488","39524,6498387821","267586,459607322","7534,66777757163","5,58966466242418",0,0,"-106,392684026742","-164,938692938842","106,344281548809","18629371999,5824","-32,8395236968994","26,0801078328066","-0,0000694","1,78652249760908","405,570627909849","3758178,07484958"
"3759624,07484958",1,"18646259931,58","310069,283049683","267632,239490744","7533,3331989052","5,58966466242418",0,0,"-106,416998994945","-165,08323484918","106,369348971607","18632444934,1464","-32,824711227417","26,0801078328066","-0,0000694","1,78652249760908","405,570627909849","3760178,07484958"
"3761624,07484958",1,"18649324045,8409","659609,457962613","267677,994976119","7531,99951632097","5,58966466242418",0,0,"-106,44130383973","-165,227494445754","106,39440128296","18635516267,0534","-32,8098831176758","26,0801078328066","-0,0000695","1,78652249760908","405,570627909849","3762178,07484958"
"3763624,07484958",1,"18652386551,0388","1009151,3519567","267723,72604493","7530,66672998881","5,58966466242418",0,0,"-106,465598527984","-165,371469614727","106,419438481901","18638585996,9498","-32,7950401306152","26,0801078328066","-0,0000695","1,78652249760908","405,570627909849","3764178,07484958"
"3765624,07484958",1,"18655447445,8339","1358693,11200915","267769,432677978","7529,33484007785","5,58966466242418",0,0,"-106,489882804968","-165,515160130164","106,444460567443","18641654122,4868","-32,7801818847656","26,0801078328066","-0,0000695","1,78652249760908","405,570627909849","3766178,07484958"
"3767624,07484958",1,"18658506728,8369","1708232,27568265","267815,114855343","7528,00384675642","5,58966466242418",0,0,"-106,514156970578","-165,65856517088","106,46946753859","18644720642,3115","-32,7653076171875","26,0801078328066","-0,0000696","1,78652249760908","405,570627909849","3768178,07484958"
"3769624,07484958",1,"18661564398,74","1712127,24834435","267860,772558289","7526,67375019206","5,58966466242418",0,0,"-106,538420829505","-165,801683576113","106,494459394098","18647785555,0791","-32,7504196166992","26,0801078328066","-0,0000696","1,78652249760908","405,570627909849","3770178,07484958"
"3771624,07484958",1,"18664620454,2171","1362588,66269545","267906,405767815","7525,34455055155","5,58966466242418",0,0,"-106,562674421922","-165,944515265592","106,519436132938","18650848859,446","-32,735514831543","26,0801078328066","-0,0000697","1,78652249760908","405,570627909849","3772178,07484958"
"3773624,07484958",1,"18667674893,9331","1013047,88568508","267952,014464794","7524,01624800088","5,58966466242418",0,0,"-106,586917947686","-166,087059379363","106,544397754067","18653910554,0716","-32,7205966949463","26,0801078328066","-0,0000697","1,78652249760908","405,570627909849","3774178,07484958"
"3775624,07484958",1,"18670727716,5518","663507,445509387","267997,598630076","7522,68884270526","5,58966466242418",0,0,"-106,611151803963","-166,229314401919","106,569344434454","18656970637,6121","-32,7056632995605","26,0801078328066","-0,0000697","1,78652249760908","405,570627909849","3776178,07484958"
"3777624,07484958",1,"18673778920,7409","313969,152902873","268043,15824457","7521,36233482913","5,58966466242418",0,0,"-106,635375013259","-166,371280369316","106,594275994791","18660029108,7313","-32,6907146453857","26,0801078328066","-0,0000698","1,78652249760908","405,570627909849","3778178,07484958"
"3779624,07484958",1,"18676828505,1888","35626,8865806896","268088,693289494","7520,03672453619","5,58966466242418",0,0,"-106,659588169059","-166,512956657827","106,61919225592","18663085966,0922","-32,6757514953613","26,0801078328066","-0,0000698","1,78652249760908","405,570627909849","3780178,07484958"
"3781624,07484958",1,"18679876468,6015","385122,829371385","268134,203746321","7518,71201198932","5,58966466242418",0,0,"-106,683791339425","-166,654342623621","106,644093751208","18666141208,3683","-32,6607727050781","26,0801078328066","-0,0000699","1,78652249760908","405,570627909849","3782178,07484958"
"3783624,07484958",1,"18682922809,6099","734661,156220738","268179,68959542","7517,38819735068","5,58966466242418",0,0,"-106,707984466596","-166,795437026495","106,668979944582","18669194834,2254","-32,6457786560059","26,0801078328066","-0,0000699","1,78652249760908","405,570627909849","3784178,07484958"
"3785624,07484958",1,"18685967526,8978","1084200,48052041","268225,150817941","7516,06528078164","5,58966466242418",0,0,"-106,73216811043","-166,936240707557","106,69385119161","18672246842,3318","-32,6307697296143","26,0801078328066","-0,0000699","1,78652249760908","405,570627909849","3786178,07484958"
"3787624,07484958",1,"18689010619,1519","1433739,43790466","268270,587395074","7514,74326244283","5,58966466242418",0,0,"-106,756341617922","-167,076751639886","106,718707312797","18675297231,3633","-32,6157482147217","26,0801078328066","-0,00007","1,78652249760908","405,570627909849","3788178,07484958"
"3789624,07484958",1,"18692052085,0858","1783272,68206566","268315,9993084","7513,4221424941","5,58966466242418",0,0,"-106,780504996236","-167,216969655875","106,743548306748","18678345999,9979","-32,60071144104","26,0801078328066","-0,00007","1,78652249760908","405,570627909849","3790178,07484958"
"3791624,07484958",1,"18695091923,3944","1637087,38038994","268361,386539231","7512,10192109457","5,58966466242418",0,0,"-106,804658836697","-167,356893729918","106,768374172289","18681393146,9156","-32,5856597900391","26,0801078328066","-0,00007","1,78652249760908","405,570627909849","3792178,07484958"
"3793624,07484958",1,"18698130132,7305","1287550,21988524","268406,749068265","7510,78259840258","5,58966466242418",0,0,"-106,828802783895","-167,49652397604","106,793185086694","18684438670,7953","-32,5705921173096","26,0801078328066","-0,0000701","1,78652249760908","405,570627909849","3794178,07484958"
"3795624,07484958",1,"18701166711,8122","938012,028600288","268452,08687715","7509,46417457574","5,58966466242418",0,0,"-106,852936712715","-167,635860173882","106,817980870317","18687482570,3214","-32,5555095672607","26,0801078328066","-0,0000701","1,78652249760908","405,570627909849","3796178,07484958"
"3797624,07484958",1,"18704201659,319","588474,387720635","268497,399946972","7508,14664977091","5,58966466242418",0,0,"-106,877061281731","-167,77490203198","106,842761700218","18690524844,1792","-32,5404132843018","26,0801078328066","-0,0000702","1,78652249760908","405,570627909849","3798178,07484958"
"3799624,07484958",1,"18707234973,9107","238940,136927444","268542,688258531","7506,83002414418","5,58966466242418",0,0,"-106,901175969883","-167,913647774578","106,86752757521","18693565491,0514","-32,5253017425537","26,0801078328066","-0,0000702","1,78652249760908","405,570627909849","3800178,07484958"
"3801624,07484958",1,"18710266654,3455","110621,418151","268587,951794062","7505,51429785093","5,58966466242418",0,0,"-106,925281241706","-168,05209718484","106,892278137205","18696604509,6258","-32,5101757049561","26,0801078328066","-0,0000702","1,78652249760908","405,570627909849","3802178,07484958"
"3803624,07484958",1,"18713296699,2762","460147,557265767","268633,190534262","7504,19947104577","5,58966466242418",0,0,"-106,949376605344","-168,190250655798","106,917013919942","18699641898,5924","-32,4950359344482","26,0801078328066","-0,0000703","1,78652249760908","405,570627909849","3804178,07484958"
"3805624,07484958",1,"18716325107,4532","809683,760975638","268678,40446126","7502,88554388259","5,58966466242418",0,0,"-106,973462037042","-168,328106326552","106,941734386885","18702677656,6479","-32,4798812866211","26,0801078328066","-0,0000703","1,78652249760908","405,570627909849","3806178,07484958"
"3807624,07484958",1,"18719351877,5985","1159220,5337023","268723,593556757","7501,57251651453","5,58966466242418",0,0,"-106,997537739415","-168,465664376336","106,96643971509","18705711782,4926","-32,4647109985352","26,0801078328066","-0,0000704","1,78652249760908","405,570627909849","3808178,07484958"
"3809624,07484958",1,"18722377008,3726","1508756,64707749","268768,75780157","7500,260389094","5,58966466242418",0,0,"-107,021604071182","-168,602924798289","106,991130260326","18708744274,8213","-32,4495258331299","26,0801078328066","-0,0000704","1,78652249760908","405,570627909849","3810178,07484958"
"3811624,07484958",1,"18725400498,4558","1858264,16515199","268813,897176796","7498,94916177269","5,58966466242418",0,0,"-107,045661072881","-168,739887680766","107,015805842687","18711775132,3274","-32,4343284606934","26,0801078328066","-0,0000704","1,78652249760908","405,570627909849","3812178,07484958"
"3813624,07484958",1,"18728422346,6343","1562075,75480537","268859,011665083","7497,63883470154","5,58966466242418",0,0,"-107,069708158665","-168,876550464734","107,040466103717","18714804353,7178","-32,419116973877","26,0801078328066","-0,0000705","1,78652249760908","405,570627909849","3814178,07484958"
"3815624,07484958",1,"18731442551,575","1212540,59810164","268904,101247337","7496,32940803077","5,58966466242418",0,0,"-107,093745986873","-169,012915082927","107,065111399236","18717831937,6941","-32,4038902282715","26,0801078328066","-0,0000705","1,78652249760908","405,570627909849","3816178,07484958"
"3817624,07484958",1,"18734461112,0023","863004,987493631","268949,165905302","7495,02088190987","5,58966466242418",0,0,"-107,117774398539","-169,148979758286","107,089741549176","18720857882,9624","-32,3886486053467","26,0801078328066","-0,0000706","1,78652249760908","405,570627909849","3818178,07484958"
"3819624,07484958",1,"18737478026,6752","513470,172140489","268994,205621231","7493,71325648763","5,58966466242418",0,0,"-107,14179339648","-169,284744452475","107,114356552159","18723882188,2389","-32,3733932495117","26,0801078328066","-0,0000706","1,78652249760908","405,570627909849","3820178,07484958"
"3821624,07484958",1,"18740493294,2361","163941,359206599","269039,220375669","7492,40653191208","5,58966466242418",0,0,"-107,165802659941","-169,420209667752","107,138956585355","18726904852,2279","-32,3581233978272","26,0801078328066","-0,0000706","1,78652249760908","405,570627909849","3822178,07484958"
"3823624,07484958",1,"18743506913,5126","185614,464880505","269084,210151874","7491,10070833057","5,58966466242418",0,0,"-107,189802455262","-169,555373377451","107,163541468581","18729925873,6516","-32,3428394317627","26,0801078328066","-0,0000707","1,78652249760908","405,570627909849","3824178,07484958"
"3825624,07484958",1,"18746518883,1293","535143,904252672","269129,174930131","7489,7957858897","5,58966466242418",0,0,"-107,213793075591","-169,690236658001","107,188111379024","18732945251,2192","-32,3275409698486","26,0801078328066","-0,0000707","1,78652249760908","405,570627909849","3826178,07484958"
"3827624,07484958",1,"18749529201,8486","884677,873494792","269174,114692742","7488,49176473538","5,58966466242418",0,0,"-107,237774789811","-169,824799399585","107,212666494164","18735962983,6442","-32,312228012085","26,0801078328066","-0,0000708","1,78652249760908","405,570627909849","3828178,07484958"
"3829624,07484958",1,"18752537868,4288","1234212,10017237","269219,02942195","7487,18864501281","5,58966466242418",0,0,"-107,261747050108","-169,959061070547","107,2372064551","18738979069,6498","-32,2969020843506","26,0801078328066","-0,0000708","1,78652249760908","405,570627909849","3830178,07484958"
"3831624,07484958",1,"18755544881,5949","1583745,24952732","269263,919099512","7485,88642686644","5,58966466242418",0,0,"-107,285709658228","-170,093020153307","107,261731260129","18741993507,9637","-32,2815616607666","26,0801078328066","-0,0000708","1,78652249760908","405,570627909849","3832178,07484958"
"3833624,07484958",1,"18758550240,0728","1836610,90674113","269308,783707198","7484,58511044007","5,58966466242418",0,0,"-107,309663534319","-170,226678683253","107,286241265416","18745006297,3076","-32,2662063598633","26,0801078328066","-0,0000709","1,78652249760908","405,570627909849","3834178,07484958"
"3835624,07484958",1,"18761553942,5511","1487092,14808209","269353,623226229","7483,28469587676","5,58966466242418",0,0,"-107,33360786868","-170,360033480172","107,310736111872","18748017436,4052","-32,2508380889893","26,0801078328066","-0,0000709","1,78652249760908","405,570627909849","3836178,07484958"
"3837624,07484958",1,"18764555987,8542","1137559,20897285","269398,437639817","7481,98518331887","5,58966466242418",0,0,"-107,357542991603","-170,493085663035","107,335215976742","18751026923,9904","-32,2354560852051","26,0801078328066","-0,0000709","1,78652249760908","405,570627909849","3838178,07484958"
"3839624,07484958",1,"18767556374,6686","788026,153790744","269443,226929155","7480,68657290806","5,58966466242418",0,0,"-107,381468905967","-170,625836099984","107,359680858551","18754034758,7897","-32,2200595855713","26,0801078328066","-0,000071","1,78652249760908","405,570627909849","3840178,07484958"
"3841624,07484958",1,"18770555101,7721","438494,226682811","269487,991076777","7479,3888647853","5,58966466242418",0,0,"-107,405386003349","-170,75828314695","107,384130755812","18757040939,5433","-32,2046501159668","26,0801078328066","-0,000071","1,78652249760908","405,570627909849","3842178,07484958"
"3843624,07484958",1,"18773552167,8512","88976,2444018414","269532,730063872","7478,09205909086","5,58966466242418",0,0,"-107,429294166416","-170,89042815575","107,408565666785","18760045464,9772","-32,1892253875732","26,0801078328066","-0,0000711","1,78652249760908","405,570627909849","3844178,07484958"
"3845624,07484958",1,"18776547571,6878","260583,191696795","269577,44387303","7476,79615596431","5,58966466242418",0,0,"-107,453193073645","-171,0222693226","107,432985589954","18763048333,833","-32,1737880706787","26,0801078328066","-0,0000711","1,78652249760908","405,570627909849","3846178,07484958"
"3847624,07484958",1,"18779541312,0211","610112,412194369","269622,13248622","7475,50115554454","5,58966466242418",0,0,"-107,477082850191","-171,153806768067","107,457390344922","18766049544,8503","-32,1583362579346","26,0801078328066","-0,0000711","1,78652249760908","405,570627909849","3848178,07484958"
"3849624,07484958",1,"18782533387,6142","959644,090092656","269666,795885755","7474,20705796972","5,58966466242418",0,0,"-107,50096350024","-171,285040101416","107,481779929857","18769049096,7688","-32,1428688049316","26,0801078328066","-0,0000712","1,78652249760908","405,570627909849","3850178,07484958"
"3851624,07484958",1,"18785523797,2313","1309175,76635159","269711,434053968","7472,91386337738","5,58966466242418",0,0,"-107,524835396042","-171,415970901577","107,506154880381","18772046988,3324","-32,1273872375488","26,0801078328066","-0,0000712","1,78652249760908","405,570627909849","3852178,07484958"
"3853624,07484958",1,"18788512539,5806","1658705,66099412","269756,046972368","7471,62157190432","5,58966466242418",0,0,"-107,548698112656","-171,546596558333","107,530514478539","18775043218,2832","-32,1118938446045","26,0801078328066","-0,0000713","1,78652249760908","405,570627909849","3854178,07484958"
"3855624,07484958",1,"18791499613,4669","1761662,7206881","269800,63462388","7470,33018368669","5,58966466242418",0,0,"-107,572552040539","-171,676918950416","107,554859260021","18778037785,3748","-32,0963863372803","26,0801078328066","-0,0000713","1,78652249760908","405,570627909849","3856178,07484958"
"3857624,07484958",1,"18794485017,6265","1412136,10846464","269845,196990432","7469,03969885994","5,58966466242418",0,0,"-107,596397020732","-171,806937423373","107,579189044048","18781030688,352","-32,0808647155762","26,0801078328066","-0,0000713","1,78652249760908","405,570627909849","3858178,07484958"
"3859624,07484958",1,"18797468750,8241","1062605,46342745","269889,734054366","7467,75011755884","5,58966466242418",0,0,"-107,620233426477","-171,936651932514","107,603503829005","18784021925,9676","-32,0653293609619","26,0801078328066","-0,0000714","1,78652249760908","405,570627909849","3860178,07484958"
"3861624,07484958",1,"18800450811,8142","713074,960874671","269934,245797864","7466,4614399175","5,58966466242418",0,0,"-107,64406083246","-172,066061838498","107,627803433988","18787011496,9718","-32,0497808456421","26,0801078328066","-0,0000714","1,78652249760908","405,570627909849","3862178,07484958"
"3863624,07484958",1,"18803431199,3577","363546,071350308","269978,732203216","7465,17366606933","5,58966466242418",0,0,"-107,667879465724","-172,195167274096","107,65208821567","18789999400,1224","-32,0342172622681","26,0801078328066","-0,0000714","1,78652249760908","405,570627909849","3864178,07484958"
"3865624,07484958",1,"18806409912,2982","14132,8610886978","270023,193253915","7463,88679614709","5,58966466242418",0,0,"-107,691689597205","-172,323969058636","107,676358172441","18792985634,1835","-32,0186401367188","26,0801078328066","-0,0000715","1,78652249760908","405,570627909849","3866178,07484958"
"3867624,07484958",1,"18809386949,3256","335525,685645909","270067,628931207","7462,60083028286","5,58966466242418",0,0,"-107,715490741638","-172,452466167261","107,700613123334","18795970197,9139","-32,0030511856079","26,0801078328066","-0,0000715","1,78652249760908","405,570627909849","3868178,07484958"
"3869624,07484958",1,"18812362309,2271","685053,613001241","270112,039217757","7461,31576860805","5,58966466242418",0,0,"-107,739283228656","-172,580658716499","107,724853066421","18798953090,0752","-31,9874488830566","26,0801078328066","-0,0000716","1,78652249760908","405,570627909849","3870178,07484958"
"3871624,07484958",1,"18815335990,7989","1034582,96674537","270156,424096373","7460,03161125342","5,58966466242418",0,0,"-107,763067168447","-172,708546545901","107,749077821094","18801934309,432","-31,9718334197998","26,0801078328066","-0,0000716","1,78652249760908","405,570627909849","3872178,07484958"
"3873624,07484958",1,"18818307992,7742","1384112,09628821","270200,783548938","7458,74835834904","5,58966466242418",0,0,"-107,786842516836","-172,836129976087","107,77328774371","18804913854,7514","-31,9562034606934","26,0801078328066","-0,0000716","1,78652249760908","405,570627909849","3874178,07484958"
"3875624,07484958",1,"18821278313,9776","1733637,87079541","270245,117558664","7457,46601002433","5,58966466242418",0,0,"-107,810609220164","-172,963408921393","107,797482474184","18807891724,8024","-31,9405597686768","26,0801078328066","-0,0000717","1,78652249760908","405,570627909849","3876178,07484958"
"3877624,07484958",1,"18824246953,15","1686733,63484437","270289,426107545","7456,18456640806","5,58966466242418",0,0,"-107,834367120267","-173,090383581857","107,821662369431","18810867918,3548","-31,9249031066895","26,0801078328066","-0,0000717","1,78652249760908","405,570627909849","3878178,07484958"
"3879624,07484958",1,"18827213909,1315","1337207,10922958","270333,70917902","7454,90402762832","5,58966466242418",0,0,"-107,858116604572","-173,217052370216","107,845827068754","18813842434,1855","-31,9092332839966","26,0801078328066","-0,0000718","1,78652249760908","405,570627909849","3880178,07484958"
"3881624,07484958",1,"18830179180,6338","987678,795843118","270377,966754662","7453,62439381258","5,58966466242418",0,0,"-107,881857293924","-173,343417167836","107,869977108658","18816815271,0675","-31,8935487747192","26,0801078328066","-0,0000718","1,78652249760908","405,570627909849","3882178,07484958"
"3883624,07484958",1,"18833142766,486","638150,837873758","270422,198817756","7452,34566508762","5,58966466242418",0,0,"-107,905589574237","-173,469477349499","107,894111949068","18819786427,7803","-31,877853012085","26,0801078328066","-0,0000718","1,78652249760908","405,570627909849","3884178,07484958"
"3885624,07484958",1,"18836104665,4557","288625,292121901","270466,405350683","7451,06784157959","5,58966466242418",0,0,"-107,929313069252","-173,595233007007","107,918231588145","18822755903,096","-31,8621429443359","26,0801078328066","-0,0000719","1,78652249760908","405,570627909849","3886178,07484958"
"3887624,07484958",1,"18839064876,3873","60937,4502949692","270510,586336953","7449,79092341398","5,58966466242418",0,0,"-107,953028431584","-173,720685086296","107,942336382974","18825723695,8022","-31,8464195251465","26,0801078328066","-0,0000719","1,78652249760908","405,570627909849","3888178,07484958"
"3889624,07484958",1,"18842023398,003","410441,858263957","270554,741758284","7448,51491071564","5,58966466242418",0,0,"-107,97673577123","-173,845833151528","107,966426511159","18828689804,6798","-31,8306833267212","26,0801078328066","-0,0000719","1,78652249760908","405,570627909849","3890178,07484958"
"3891624,07484958",1,"18844980229,1155","759968,051865025","270598,87159772","7447,23980360877","5,58966466242418",0,0,"-108,000434345996","-173,970676580311","107,990501611922","18831654228,5115","-31,8149335861206","26,0801078328066","-0,000072","1,78652249760908","405,570627909849","3892178,07484958"
"3893624,07484958",1,"18847935368,5675","1109495,08027111","270642,975838741","7445,96560221693","5,58966466242418",0,0,"-108,024124255678","-174,095216372726","108,014561683171","18834616966,0908","-31,799169921875","26,0801078328066","-0,000072","1,78652249760908","405,570627909849","3894178,07484958"
"3895624,07484958",1,"18850888815,1295","1459021,64445864","270687,054463784","7444,69230666304","5,58966466242418",0,0,"-108,047805886657","-174,219451440278","108,038606723043","18837578016,206","-31,7833934783936","26,0801078328066","-0,0000721","1,78652249760908","405,570627909849","3896178,07484958"
"3897624,07484958",1,"18853840567,6225","1808539,6634027","270731,10745601","7443,41991706938","5,58966466242418",0,0,"-108,071479567906","-174,343382887872","108,062636729909","18840537377,6532","-31,7676040649414","26,0801078328066","-0,0000721","1,78652249760908","405,570627909849","3898178,07484958"
"3899624,07484958",1,"18856790624,7543","1611829,74095268","270775,134796932","7442,14843355759","5,58966466242418",0,0,"-108,095144653915","-174,467010858941","108,086652060872","18843495049,2155","-31,7518013000488","26,0801078328066","-0,0000721","1,78652249760908","405,570627909849","3900178,07484958"
"3901624,07484958",1,"18859738985,4583","1262304,63047825","270819,136471356","7440,87785624868","5,58966466242418",0,0,"-108,118801691681","-174,590335369396","108,110652355088","18846451029,698","-31,7359855651855","26,0801078328066","-0,0000722","1,78652249760908","405,570627909849","3902178,07484958"
"3903624,07484958",1,"18862685648,4895","912778,649934142","270863,11246149","7439,60818526302","5,58966466242418",0,0,"-108,142450410548","-174,713356137538","108,134637610149","18849405317,8983","-31,7201570510864","26,0801078328066","-0,0000722","1,78652249760908","405,570627909849","3904178,07484958"
"3905624,07484958",1,"18865630612,6403","563253,252581669","270907,062750078","7438,33942072036","5,58966466242418",0,0,"-108,166090983477","-174,836073684705","108,158608003941","18852357912,6168","-31,7043151855469","26,0801078328066","-0,0000723","1,78652249760908","405,570627909849","3906178,07484958"
"3907624,07484958",1,"18868573876,7021","213731,777273217","270950,987319853","7437,07156273982","5,58966466242418",0,0,"-108,189723409558","-174,958487866065","108,182563354977","18855308812,6483","-31,6884599685669","26,0801078328066","-0,0000723","1,78652249760908","405,570627909849","3908178,07484958"
"3909624,07484958",1,"18871515439,5355","135815,045057711","270994,886154564","7435,80461143988","5,58966466242418",0,0,"-108,213347534589","-175,080599387357","108,206503841166","18858258016,8015","-31,6725925445557","26,0801078328066","-0,0000723","1,78652249760908","405,570627909849","3910178,07484958"
"3911624,07484958",1,"18874455299,9389","485332,005981155","271038,759237048","7434,53856693841","5,58966466242418",0,0,"-108,236963250679","-175,202407045638","108,23042910056","18861205523,8839","-31,6567119598389","26,0801078328066","-0,0000724","1,78652249760908","405,570627909849","3912178,07484958"
"3913624,07484958",1,"18877393456,7339","834856,25946765","271082,606550484","7433,27342935265","5,58966466242418",0,0,"-108,260571374067","-175,323912770427","108,254339670625","18864151332,7005","-31,6408187866211","26,0801078328066","-0,0000724","1,78652249760908","405,570627909849","3914178,07484958"
"3915624,07484958",1,"18880329908,7049","1184380,96575117","271126,428077497","7432,00919879923","5,58966466242418",0,0,"-108,284171476469","-175,445116868842","108,278235549463","18867095442,058","-31,6249134063721","26,0801078328066","-0,0000724","1,78652249760908","405,570627909849","3916178,07484958"
"3917624,07484958",1,"18883264654,6799","1533904,88287496","271170,223801365","7430,74587539414","5,58966466242418",0,0,"-108,307763507546","-175,566018099825","108,302116195516","18870037850,7638","-31,6089939117432","26,0801078328066","-0,0000725","1,78652249760908","405,570627909849","3918178,07484958"
"3919624,07484958",1,"18886197693,5366","1882937,0071529","271213,993706081","7429,48345925278","5,58966466242418",0,0,"-108,331347471634","-175,686617447496","108,325981966691","18872978557,642","-31,5930614471436","26,0801078328066","-0,0000725","1,78652249760908","405,570627909849","3920178,07484958"
"3921624,07484958",1,"18889129024,0814","1536951,40185345","271257,737774601","7428,22195048992","5,58966466242418",0,0,"-108,354923371523","-175,806915096282","108,349832680985","18875917561,5043","-31,5771171569824","26,0801078328066","-0,0000726","1,78652249760908","405,570627909849","3922178,07484958"
"3923624,07484958",1,"18892058645,0979","1187428,13802501","271301,455989542","7426,96134921971","5,58966466242418",0,0,"-108,378491428516","-175,926911518586","108,373668695932","18878854861,1651","-31,561159324646","26,0801078328066","-0,0000726","1,78652249760908","405,570627909849","3924178,07484958"
"3925624,07484958",1,"18894986555,4662","837904,486023586","271345,148334941","7425,7016555557","5,58966466242418",0,0,"-108,402051699959","-176,046607228852","108,39748982975","18881790455,4477","-31,545189666748","26,0801078328066","-0,0000726","1,78652249760908","405,570627909849","3926178,07484958"
"3927624,07484958",1,"18897912754,0057","488381,68510465","271388,814793943","7424,44286961084","5,58966466242418",0,0,"-108,425603920623","-176,166001066593","108,421296080413","18884724343,1781","-31,5292074203491","26,0801078328066","-0,0000727","1,78652249760908","405,570627909849","3928178,07484958"
"3929624,07484958",1,"18900837239,552","138866,3353362","271432,455349928","7423,18499149746","5,58966466242418",0,0,"-108,449148039951","-176,285093754717","108,445087085901","18887656523,1797","-31,5132116317749","26,0801078328066","-0,0000727","1,78652249760908","405,570627909849","3930178,07484958"
"3931624,07484958",1,"18903760010,9036","210677,910917582","271476,069985741","7421,9280213273","5,58966466242418",0,0,"-108,47268476378","-176,403886913835","108,468863563871","18890586994,2762","-31,4972034454346","26,0801078328066","-0,0000727","1,78652249760908","405,570627909849","3932178,07484958"
"3933624,07484958",1,"18906681066,9441","560196,555948964","271519,658685459","7420,67195921147","5,58966466242418",0,0,"-108,496213449434","-176,522379316338","108,492624972361","18893515755,2972","-31,4811828613281","26,0801078328066","-0,0000728","1,78652249760908","405,570627909849","3934178,07484958"
"3935624,07484958",1,"18909600406,4735","909718,776140239","271563,221431947","7419,4168052605","5,58966466242418",0,0,"-108,5197341525","-176,640571684247","108,51637130924","18896442805,0741","-31,4651489257813","26,0801078328066","-0,0000728","1,78652249760908","405,570627909849","3936178,07484958"
"3937624,07484958",1,"18912518028,3527","1259241,16330767","271606,758208959","7418,16255958433","5,58966466242418",0,0,"-108,543247040199","-176,758464354775","108,540102752081","18899368142,4414","-31,4491031646729","26,0801078328066","-0,0000729","1,78652249760908","405,570627909849","3938178,07484958"
"3939624,07484958",1,"18915433931,4853","1608762,26349074","271650,269000868","7416,90922229228","5,58966466242418",0,0,"-108,566752116594","-176,876057405446","108,563819119038","18902291766,2362","-31,4330448150635","26,0801078328066","-0,0000729","1,78652249760908","405,570627909849","3940178,07484958"
"3941624,07484958",1,"18918348114,5796","1811610,93622058","271693,753789197","7415,65679349309","5,58966466242418",0,0,"-108,590249817163","-176,99335146285","108,587520768219","18905213675,2861","-31,4169736862183","26,0801078328066","-0,0000729","1,78652249760908","405,570627909849","3942178,07484958"
"3943624,07484958",1,"18921260576,5755","1462098,36961618","271737,212558858","7414,4052732949","5,58966466242418",0,0,"-108,613739498828","-177,110346845453","108,611207336962","18908133868,4338","-31,4008911132813","26,0801078328066","-0,000073","1,78652249760908","405,570627909849","3944178,07484958"
"3945624,07484958",1,"18924171316,3027","1112577,10195038","271780,645293145","7413,15466180527","5,58966466242418",0,0,"-108,637221542723","-177,227043134749","108,634879003387","18911052344,5175","-31,3847944259644","26,0801078328066","-0,000073","1,78652249760908","405,570627909849","3946178,07484958"
"3947624,07484958",1,"18927080332,6474","763055,777436592","271824,051976181","7411,90495913115","5,58966466242418",0,0,"-108,660695897988","-177,343441608696","108,658535765335","18913969102,3816","-31,3686857223511","26,0801078328066","-0,0000731","1,78652249760908","405,570627909849","3948178,07484958"
"3949624,07484958",1,"18929987624,3928","413535,668385442","271867,43259058","7410,65616537893","5,58966466242418",0,0,"-108,684162946833","-177,459542579395","108,682177800747","18916884140,8657","-31,3525644302368","26,0801078328066","-0,0000731","1,78652249760908","405,570627909849","3950178,07484958"
"3951624,07484958",1,"18932893190,4644","64036,175001781","271910,787121044","7409,4082806544","5,58966466242418",0,0,"-108,707622316696","-177,575346254642","108,70580474696","18919797458,8218","-31,3364307403564","26,0801078328066","-0,0000731","1,78652249760908","405,570627909849","3952178,07484958"
"3953624,07484958",1,"18935797029,6612","285517,841153608","271954,11555042","7408,16130506277","5,58966466242418",0,0,"-108,731074115979","-177,690852780607","108,729416781887","18922709055,0935","-31,3202842712402","26,0801078328066","-0,0000732","1,78652249760908","405,570627909849","3954178,07484958"
"3955624,07484958",1,"18938699140,8857","635035,982105703","271997,417863067","7406,91523870866","5,58966466242418",0,0,"-108,754518463764","-177,806062027272","108,753013903319","18925618928,5347","-31,3041269302368","26,0801078328066","-0,0000732","1,78652249760908","405,570627909849","3956178,07484958"
"3957624,07484958",1,"18941599522,9806","984556,1098335","272040,694042477","7405,67008169613","5,58966466242418",0,0,"-108,777955196062","-177,920975524387","108,776596289246","18928527077,9975","-31,2879568099976","26,0801078328066","-0,0000732","1,78652249760908","405,570627909849","3958178,07484958"
"3959624,07484958",1,"18944498174,7472","1334076,17899148","272083,944071531","7404,42583412863","5,58966466242418",0,0,"-108,801384750715","-178,035593269734","108,800163757239","18931433502,3237","-31,2717737197876","26,0801078328066","-0,0000733","1,78652249760908","405,570627909849","3960178,07484958"
"3961624,07484958",1,"18947395095,169","1683594,02700625","272127,167935777","7403,18249610908","5,58966466242418",0,0,"-108,824806697497","-178,149915651504","108,823716305302","18934338200,3827","-31,2555793762207","26,0801078328066","-0,0000733","1,78652249760908","405,570627909849","3962178,07484958"
"3963624,07484958",1,"18950290283,0516","1736786,24815717","272170,365618156","7401,94006773978","5,58966466242418",0,0,"-108,848221474889","-178,263942355698","108,84725411121","18937241171,0303","-31,2393720626831","26,0801078328066","-0,0000734","1,78652249760908","405,570627909849","3964178,07484958"
"3965624,07484958",1,"18953183737,2505","1387270,20030899","272213,537102344","7400,69854912249","5,58966466242418",0,0,"-108,871628763561","-178,377674669319","108,87077699242","18940142413,125","-31,2231536865234","26,0801078328066","-0,0000734","1,78652249760908","405,570627909849","3966178,07484958"
"3967624,07484958",1,"18956075456,6471","1037751,01907992","272256,682372402","7399,45794035839","5,58966466242418",0,0,"-108,895028727812","-178,491112418896","108,894284946644","18943041925,525","-31,2069219589233","26,0801078328066","-0,0000734","1,78652249760908","405,570627909849","3968178,07484958"
"3969624,07484958",1,"18958965440,1102","688232,012930206","272299,801412192","7398,2182415481","5,58966466242418",0,0,"-108,918421100119","-178,6042561847","108,917777971579","18945939707,0968","-31,1906795501709","26,0801078328066","-0,0000735","1,78652249760908","405,570627909849","3970178,07484958"
"3971624,07484958",1,"18961853686,5299","338714,777177343","272342,894205898","7396,97945279165","5,58966466242418",0,0,"-108,941806257619","-178,717106115283","108,941256064658","18948835756,7033","-31,1744247436523","26,0801078328066","-0,0000735","1,78652249760908","405,570627909849","3972178,07484958"
"3973624,07484958",1,"18964740194,7724","10964,6190680077","272385,960737352","7395,74157418853","5,58966466242418",0,0,"-108,965184375656","-178,829663125759","108,964719404222","18951730073,2144","-31,1581583023071","26,0801078328066","-0,0000735","1,78652249760908","405,570627909849","3974178,07484958"
"3975624,07484958",1,"18967624963,7202","360333,898797203","272429,000990625","7394,50460583765","5,58966466242418",0,0,"-108,988555238035","-178,941927622713","108,988167987982","18954622655,4979","-31,141877746582","26,0801078328066","-0,0000736","1,78652249760908","405,570627909849","3976178,07484958"
"3977624,07484958",1,"18970507992,2626","709850,750081967","272472,014949888","7393,26854783739","5,58966466242418",0,0,"-109,011918957589","-179,053899738627","109,011601632912","18957513502,4261","-31,1255863189697","26,0801078328066","-0,0000736","1,78652249760908","405,570627909849","3978178,07484958"
"3979624,07484958",1,"18973389279,2529","1059368,77842018","272515,002598777","7392,03340028553","5,58966466242418",0,0,"-109,035274992946","-179,165579888296","109,035020517394","18960402612,8766","-31,109282875061","26,0801078328066","-0,0000737","1,78652249760908","405,570627909849","3980178,07484958"
"3981624,07484958",1,"18976268823,5951","1408886,50660006","272557,963921686","7390,79916327933","5,58966466242418",0,0,"-109,058623844095","-179,276967674379","109,05842427781","18963289985,7193","-31,0929676055908","26,0801078328066","-0,0000737","1,78652249760908","405,570627909849","3982178,07484958"
"3983624,07484958",1,"18979146624,194","1758399,7802976","272600,898903007","7389,56583691546","5,58966466242418",0,0,"-109,081965615085","-179,388065159655","109,081813092258","18966175619,8335","-31,0766407012939","26,0801078328066","-0,0000737","1,78652249760908","405,570627909849","3984178,07484958"
"3985624,07484958",1,"18982022679,8847","1661982,04460939","272643,807526118","7388,33342129007","5,58966466242418",0,0,"-109,105300358626","-179,498871242531","109,105186958336","18969059514,0969","-31,0603012084961","26,0801078328066","-0,0000738","1,78652249760908","405,570627909849","3986178,07484958"
"3987624,07484958",1,"18984896989,5812","1312466,45374105","272686,68977555","7387,10191649875","5,58966466242418",0,0,"-109,128627979262","-143,609388193886","109,128546054472","18971941667,3903","-31,0439512252808","26,0801078328066","-0,0000738","1,78652249760908","405,570627909849","3988178,07484958"
"3989624,07484958",1,"18987769552,2177","962949,384478237","272729,545636129","7385,87132263651","5,58966466242418",0,0,"-109,151948529718","-107,719614746577","109,151890197415","18974822078,6011","-31,0275876998901","26,0801078328066","-0,0000738","1,78652249760908","405,570627909849","3990178,07484958"
"3991624,07484958",1,"18990640366,6518","613432,705274812","272772,375091563","7384,64163979787","5,58966466242418",0,0,"-109,175261915477","-71,829552490695","109,175219565365","18977700746,6133","-31,011212348938","26,0801078328066","-0,0000739","1,78652249760908","405,570627909849","3992178,07484958"
"3993624,07484958",1,"18993509431,742","263918,738989167","272815,178125578","7383,41286807674","5,58966466242418",0,0,"-109,198568240165","-35,9392015473508","109,198534156174","18980577670,3102","-30,9948259353638","26,0801078328066","-0,0000739","1,78652249760908","405,570627909849","3994178,07484958"
"3995624,07484958",1,"18996376746,4115","85624,6410057127","272857,95472283","7382,18500756654","5,58966466242418",0,0,"-109,221867394856","-0,0485625634184629","109,22183360552","18983452848,5794","-30,9784286499023","26,0801078328066","-0,000074","1,78652249760908","405,570627909849","3996178,07484958"
"3997624,07484958",1,"18999242309,5964","435126,114237937","272900,704868178","7380,95805836012","5,58966466242418",0,0,"-109,245159769042","35,8423640172682","109,245118453547","18986326280,3127","-30,9620178222656","26,0801078328066","-0,000074","1,78652249760908","405,570627909849","3998178,07484958"
"3999624,07484958",1,"19002106120,1862","784641,356037935","272943,428545798","7379,7320205498","5,58966466242418",0,0,"-109,26844536574","71,7335784209218","109,268388336115","18989197964,4061","-30,9455963134766","26,0801078328066","-0,000074","1,78652249760908","405,570627909849","4000178,07484958"
"4001624,07484958",1,"19004968177,0528","1134157,264411","272986,125739605","7378,50689422735","5,58966466242418",0,0,"-109,291723964615","107,625079525927","109,291643431489","18992067899,7518","-30,9291618347168","26,0801078328066","-0,0000741","1,78652249760908","405,570627909849","4002178,07484958"
"4003624,07484958",1,"19007828479,1235","1483672,62143009","273028,796434322","7377,28267948401","5,58966466242418",0,0,"-109,314995794813","143,5168667065","109,314883918255","18994936085,2448","-30,9127161026001","26,0801078328066","-0,0000741","1,78652249760908","405,570627909849","4004178,07484958"
"4005624,07484958",1,"19010687025,3064","1833173,79212866","273071,440614402","7376,05937641049","5,58966466242418",0,0,"-109,338260536878","179,408939601112","109,338109431824","18997802519,787","-30,8962594985962","26,0801078328066","-0,0000741","1,78652249760908","405,570627909849","4006178,07484958"
"4007624,07484958",1,"19013543814,4652","1587200,87775852","273114,058263636","7374,83698509696","5,58966466242418",0,0,"-109,361518357563","179,301298192572","109,361320151016","19000667202,2754","-30,8797901153564","26,0801078328066","-0,0000742","1,78652249760908","405,570627909849","4008178,07484958"
"4009624,07484958",1,"19016398845,5722","1237686,65625413","273156,649367407","7373,61550563306","5,58966466242418",0,0,"-109,384769695389","179,193941235773","109,384515891934","19003530131,6108","-30,8633106231689","26,0801078328066","-0,0000742","1,78652249760908","405,570627909849","4010178,07484958"
"4011624,07484958",1,"19019252117,4847","888171,699939845","273199,213909422","7372,39493810791","5,58966466242418",0,0,"-109,408014053094","179,086868342065","109,407696833168","19006391306,6941","-30,8468191146851","26,0801078328066","-0,0000742","1,78652249760908","405,570627909849","4012178,07484958"
"4013624,07484958",1,"19022103629,1799","538657,367394612","273241,751875138","7371,17528261009","5,58966466242418",0,0,"-109,431251708965","178,980079161526","109,430862972444","19009250726,4379","-30,8303157806396","26,0801078328066","-0,0000743","1,78652249760908","405,570627909849","4014178,07484958"
"4015624,07484958",1,"19024953379,5756","189147,648626202","273284,263249138","7369,95653922765","5,58966466242418",0,0,"-109,454482619202","178,873573481146","109,454014306705","19012108389,7543","-30,8138008117676","26,0801078328066","-0,0000743","1,78652249760908","405,570627909849","4016178,07484958"
"4017624,07484958",1,"19027801367,4867","160386,879918444","273326,748014512","7368,73870804813","5,58966466242418",0,0,"-109,477706674349","178,767350588763","109,47715083391","19014964295,5433","-30,7972751617432","26,0801078328066","-0,0000744","1,78652249760908","405,570627909849","4018178,07484958"
"4019624,07484958",1,"19030647591,929","509894,807743749","273369,206157274","7367,52178915855","5,58966466242418",0,0,"-109,500923991827","178,661409464395","109,500272369973","19017818442,7176","-30,7807382583618","26,0801078328066","-0,0000744","1,78652249760908","405,570627909849","4020178,07484958"
"4021624,07484958",1,"19033492051,7772","859408,267509715","273411,637661387","7366,3057826454","5,58966466242418",0,0,"-109,524134897244","178,555749155963","109,523379274836","19020670830,19","-30,7641889572144","26,0801078328066","-0,0000744","1,78652249760908","405,570627909849","4022178,07484958"
"4023624,07484958",1,"19036334745,958","1208922,06919736","273454,042511565","7365,09068859463","5,58966466242418",0,0,"-109,547339120099","178,450370307443","109,546471002276","19023521456,8735","-30,7476278305054","26,0801078328066","-0,0000745","1,78652249760908","405,570627909849","4024178,07484958"
"4025624,07484958",1,"19039175673,426","1558434,93743554","273496,420692937","7363,87650709172","5,58966466242418",0,0,"-109,570536938966","178,345271645677","109,569548093085","19026370321,6855","-30,7310556411743","26,0801078328066","-0,0000745","1,78652249760908","405,570627909849","4026178,07484958"
"4027624,07484958",1,"19042014833,1368","1861919,97760591","273538,77219064","7362,66323822161","5,58966466242418",0,0,"-109,593728083375","178,240453352677","109,592610182485","19029217423,5526","-30,7144733428955","26,0801078328066","-0,0000745","1,78652249760908","405,570627909849","4028178,07484958"
"4029624,07484958",1,"19044852223,9613","1512442,86916986","273581,096988583","7361,4508820687","5,58966466242418",0,0,"-109,616912441284","178,135914122964","109,615657630059","19032062761,3915","-30,697878074646","26,0801078328066","-0,0000746","1,78652249760908","405,570627909849","4030178,07484958"
"4031624,07484958",1,"19047687844,8213","1162930,33590728","273623,395071408","7360,23943871693","5,58966466242418",0,0,"-109,640090244932","178,03165446201","109,638690252058","19034906334,1252","-30,6812732696533","26,0801078328066","-0,0000746","1,78652249760908","405,570627909849","4032178,07484958"
"4033624,07484958",1,"19050521694,6897","813417,492677482","273665,666424508","7359,0289082497","5,58966466242418",0,0,"-109,663261499091","177,927673016173","109,661707864644","19037748140,6762","-30,6646549224854","26,0801078328066","-0,0000747","1,78652249760908","405,570627909849","4034178,07484958"
"4035624,07484958",1,"19053353772,4795","463905,563382116","273707,911032403","7357,81929074989","5,58966466242418",0,0,"-109,686426574776","177,823968789113","109,684710827517","19040588179,9665","-30,6480260848999","26,0801078328066","-0,0000747","1,78652249760908","405,570627909849","4036178,07484958"
"4037624,07484958",1,"19056184077,1821","114403,167256011","273750,128880758","7356,61058629991","5,58966466242418",0,0,"-109,709584948477","177,720541498517","109,707698957075","19043426450,9361","-30,6313858032227","26,0801078328066","-0,0000747","1,78652249760908","405,570627909849","4038178,07484958"
"4039624,07484958",1,"19059012607,6572","235131,62773541","273792,319953309","7355,40279498163","5,58966466242418",0,0,"-109,73273715126","177,617390550488","109,730672431628","19046262952,5089","-30,6147338867187","26,0801078328066","-0,0000748","1,78652249760908","405,570627909849","4040178,07484958"
"4041624,07484958",1,"19061839362,8803","584640,354057354","273834,484235488","7354,19591687644","5,58966466242418",0,0,"-109,755882499242","177,514516857851","109,7536307044","19049097683,6192","-30,5980716705322","26,0801078328066","-0,0000748","1,78652249760908","405,570627909849","4042178,07484958"
"4043624,07484958",1,"19064664341,7821","934151,957681288","273876,621712075","7352,9899520652","5,58966466242418",0,0,"-109,779021639016","177,411918516827","109,776574498348","19051930643,2016","-30,5813997268677","26,0801078328066","-0,0000748","1,78652249760908","405,570627909849","4044178,07484958"
"4045624,07484958",1,"19067487543,3197","1283663,64412708","273918,732368235","7351,78490062832","5,58966466242418",0,0,"-109,802154342137","177,309594176356","109,799503629508","19054761830,191","-30,5647159576416","26,0801078328066","-0,0000749","1,78652249760908","405,570627909849","4046178,07484958"
"4047624,07484958",1,"19070308966,4215","1633173,78692707","273960,816188706","7350,58076264565","5,58966466242418",0,0,"-109,825280684723","177,207544052945","109,822417913566","19057591243,5195","-30,5480192184448","26,0801078328066","-0,0000749","1,78652249760908","405,570627909849","4048178,07484958"
"4049624,07484958",1,"19073128610,0318","1787212,36381147","274002,873158466","7349,37753819659","5,58966466242418",0,0,"-109,848400668947","177,1057677262","109,845317347767","19060418882,1265","-30,5313121795654","26,0801078328066","-0,000075","1,78652249760908","405,570627909849","4050178,07484958"
"4051624,07484958",1,"19075946473,1377","1437707,73377674","274044,903263118","7348,17522736003","5,58966466242418",0,0,"-109,871514664234","177,004263940945","109,868201929348","19063244744,9582","-30,5145925521851","26,0801078328066","-0,000075","1,78652249760908","405,570627909849","4052178,07484958"
"4053624,07484958",1,"19078762554,6591","1088197,02485427","274086,906487278","7346,97383021437","5,58966466242418",0,0,"-109,894622470838","176,903032955925","109,891071655532","19066068830,9551","-30,497864151001","26,0801078328066","-0,000075","1,78652249760908","405,570627909849","4054178,07484958"
"4055624,07484958",1,"19081576853,5431","738686,296234634","274128,882815963","7345,77334683751","5,58966466242418",0,0,"-109,917723930937","176,802073770028","109,913926705261","19068891139,0615","-30,4811241149902","26,0801078328066","-0,0000751","1,78652249760908","405,570627909849","4056178,07484958"
"4057624,07484958",1,"19084389368,7053","389176,885075288","274170,832233733","7344,57377730687","5,58966466242418",0,0,"-109,940819254259","176,701386624103","109,936766712532","19071711668,2138","-30,464373588562","26,0801078328066","-0,0000751","1,78652249760908","405,570627909849","4058178,07484958"
"4059624,07484958",1,"19087200099,2165","39703,0718100962","274212,754727411","7343,37512169937","5,58966466242418",0,0,"-109,96390796149","176,600970500358","109,959591856002","19074530417,3697","-30,4476123809814","26,0801078328066","-0,0000751","1,78652249760908","405,570627909849","4060178,07484958"
"4061624,07484958",1,"19090009043,949","309855,125844677","274254,650280921","7342,17738009145","5,58966466242418",0,0,"-109,986990860212","176,500823951323","109,982402314393","19077347385,4766","-30,4308403015137","26,0801078328066","-0,0000752","1,78652249760908","405,570627909849","4062178,07484958"
"4063624,07484958",1,"19092816201,8849","659363,183540888","274296,518879791","7340,98055255908","5,58966466242418",0,0,"-110,010067472228","176,400946602961","110,005198085447","19080162571,4869","-30,4140550613403","26,0801078328066","-0,0000752","1,78652249760908","405,570627909849","4064178,07484958"
"4065624,07484958",1,"19095621571,9787","1008872,883581","274338,360509146","7339,78463917772","5,58966466242418",0,0,"-110,033137798869","176,301338810218","110,027978802638","19082975974,3527","-30,3972602844238","26,0801078328066","-0,0000752","1,78652249760908","405,570627909849","4066178,07484958"
"4067624,07484958",1,"19098425153,1884","1358382,44760369","274380,175154163","7338,58964002237","5,58966466242418",0,0,"-110,056202167696","176,20199905682","110,05074482657","19085787593,0294","-30,3804546356201","26,0801078328066","-0,0000753","1,78652249760908","405,570627909849","4068178,07484958"
"4069624,07484958",1,"19101226944,5055","1707889,23628797","274421,962800507","7337,39555516755","5,58966466242418",0,0,"-110,079260976467","176,102926625057","110,073496154422","19088597426,4768","-30,3636390686035","26,0801078328066","-0,0000753","1,78652249760908","405,570627909849","4070178,07484958"
"4071624,07484958",1,"19104026944,8826","1712501,39535245","274463,723433272","7336,20238468728","5,58966466242418",0,0,"-110,102313469023","176,004121674163","110,096232601418","19091405473,6513","-30,3468118667603","26,0801078328066","-0,0000754","1,78652249760908","405,570627909849","4072178,07484958"
"4073624,07484958",1,"19106825153,2943","1362995,09597827","274505,457037886","7335,01012865512","5,58966466242418",0,0,"-110,125359694089","175,905583192973","110,118954346629","19094211733,5148","-30,3299737930298","26,0801078328066","-0,0000754","1,78652249760908","405,570627909849","4074178,07484958"
"4075624,07484958",1,"19109621568,6736","1013486,27230475","274547,163599154","7333,81878714417","5,58966466242418",0,0,"-110,148399856503","175,807310029406","110,141661387463","19097016205,0279","-30,3131246566772","26,0801078328066","-0,0000754","1,78652249760908","405,570627909849","4076178,07484958"
"4077624,07484958",1,"19112416190,0562","663977,659612837","274588,843103389","7332,62836022702","5,58966466242418",0,0,"-110,171434196549","175,709301989324","110,164353720787","19099818887,163","-30,296265411377","26,0801078328066","-0,0000755","1,78652249760908","405,570627909849","4078178,07484958"
"4079624,07484958",1,"19115209016,3382","314471,006818763","274630,495534864","7331,43884797581","5,58966466242418",0,0,"-110,194462877209","175,611557974051","110,187031343719","19102619778,8751","-30,2793947219849","26,0801078328066","-0,0000755","1,78652249760908","405,570627909849","4080178,07484958"
"4081624,07484958",1,"19118000046,5889","35090,5527585824","274672,120880383","7330,25025046223","5,58966466242418",0,0,"-110,217485624413","175,514077803332","110,209694253369","19105418879,1391","-30,2625131607056","26,0801078328066","-0,0000755","1,78652249760908","405,570627909849","4082178,07484958"
"4083624,07484958",1,"19120789279,7518","384556,900225128","274713,719124906","7329,06256775746","5,58966466242418",0,0,"-110,24050212159","175,416860925762","110,232342083153","19108216186,9258","-30,2456228256226","26,0801078328066","-0,0000756","1,78652249760908","405,570627909849","4084178,07484958"
"4085624,07484958",1,"19123576714,7497","734063,712333956","274755,290253099","7327,87579993224","5,58966466242418",0,0,"-110,263512928014","175,319906980204","110,254975193781","19111011701,2029","-30,2287204742432","26,0801078328066","-0,0000756","1,78652249760908","405,570627909849","4086178,07484958"
"4087624,07484958",1,"19126362350,657","1083571,4974197","274796,834251835","7326,68994705684","5,58966466242418",0,0,"-110,286518091729","175,223215068481","110,277593582587","19113805420,9498","-30,2118082046509","26,0801078328066","-0,0000756","1,78652249760908","405,570627909849","4088178,07484958"
"4089624,07484958",1,"19129146186,382","1433078,90684013","274838,35110557","7325,50500920106","5,58966466242418",0,0,"-110,30951689885","175,126784847413","110,300197246633","19116597345,1374","-30,1948850631714","26,0801078328066","-0,0000757","1,78652249760908","405,570627909849","4090178,07484958"
"4091624,07484958",1,"19131928220,9105","1782580,18777067","274879,840799886","7324,32098643426","5,58966466242418",0,0,"-110,332510389776","175,030615408428","110,322786182701","19119387472,7402","-30,177952003479","26,0801078328066","-0,0000757","1,78652249760908","405,570627909849","4092178,07484958"
"4093624,07484958",1,"19134708453,2687","1637810,20397815","274921,30332095","7323,13787882531","5,58966466242418",0,0,"-110,355498129997","174,934705470126","110,345360388092","19122175802,7376","-30,1610082626343","26,0801078328066","-0,0000758","1,78652249760908","405,570627909849","4094178,07484958"
"4095624,07484958",1,"19137486882,453","1288304,54584653","274962,738654505","7321,95568644263","5,58966466242418",0,0,"-110,378479599985","174,839055901109","110,367919495573","19124962334,1156","-30,1440536499023","26,0801078328066","-0,0000758","1,78652249760908","405,570627909849","4096178,07484958"
"4097624,07484958",1,"19140263507,4416","938797,635938644","275004,14678602","7320,77440935421","5,58966466242418",0,0,"-110,401455646616","174,743664732561","110,390463866362","19127747065,8541","-30,1270885467529","26,0801078328066","-0,0000758","1,78652249760908","405,570627909849","4098178,07484958"
"4099624,07484958",1,"19143038327,1919","589291,155424083","275045,527700665","7319,59404762754","5,58966466242418",0,0,"-110,424426231986","174,648531607219","110,412993497459","19130529996,9395","-30,1101121902466","26,0801078328066","-0,0000759","1,78652249760908","405,570627909849","4100178,07484958"
"4101624,07484958",1,"19145811340,7103","239787,772458209","275086,881384319","7318,41460132969","5,58966466242418",0,0,"-110,447390920047","174,553656342988","110,435508385855","19133311126,3516","-30,0931259155273","26,0801078328066","-0,0000759","1,78652249760908","405,570627909849","4102178,07484958"
"4103624,07484958",1,"19148582547,0019","109741,346524994","275128,207822855","7317,23607052727","5,58966466242418",0,0,"-110,470349874834","174,459038201174","110,458008710897","19136090453,0767","-30,0761293411255","26,0801078328066","-0,0000759","1,78652249760908","405,570627909849","4104178,07484958"
"4105624,07484958",1,"19151351945,075","459237,060757125","275169,507002179","7316,05845528643","5,58966466242418",0,0,"-110,493303379737","174,364676406178","110,480494287208","19138867976,1092","-30,0591215133667","26,0801078328066","-0,000076","1,78652249760908","405,570627909849","4106178,07484958"
"4107624,07484958",1,"19154119533,8583","808742,374211238","275210,778907041","7314,88175567288","5,58966466242418",0,0,"-110,516251159821","174,270569695806","110,502964929585","19141643694,4293","-30,042103767395","26,0801078328066","-0,000076","1,78652249760908","405,570627909849","4108178,07484958"
"4109624,07484958",1,"19156885312,4401","1158248,23603482","275252,023524518","7313,70597175188","5,58966466242418",0,0,"-110,53919353705","174,176717554377","110,525420999817","19144417607,0351","-30,0250751495361","26,0801078328066","-0,000076","1,78652249760908","405,570627909849","4110178,07484958"
"4111624,07484958",1,"19159649279,8113","1507753,42383648","275293,24084027","7312,53110358824","5,58966466242418",0,0,"-110,562130155972","174,083118977074","110,547862494623","19147189712,9252","-30,0080366134644","26,0801078328066","-0,0000761","1,78652249760908","405,570627909849","4112178,07484958"
"4113624,07484958",1,"19162411434,9038","1857228,76109555","275334,430839093","7311,35715124632","5,58966466242418",0,0,"-110,585061020804","173,98977501988","110,570289046234","19149960011,0887","-29,9909873962402","26,0801078328066","-0,0000761","1,78652249760908","405,570627909849","4114178,07484958"
"4115624,07484958",1,"19165171776,8232","1563140,03222296","275375,593508322","7310,18411479007","5,58966466242418",0,0,"-110,607986812791","173,896683337901","110,592701016299","19152728500,5257","-29,9739284515381","26,0801078328066","-0,0000762","1,78652249760908","405,570627909849","4116178,07484958"
"4117624,07484958",1,"19167930304,5117","1213635,66878533","275416,728832899","7309,01199428296","5,58966466242418",0,0,"-110,63090717732","173,803844041268","110,615098219477","19155495180,2327","-29,9568584442139","26,0801078328066","-0,0000762","1,78652249760908","405,570627909849","4118178,07484958"
"4119624,07484958",1,"19170687017,0144","864130,680624706","275457,836799274","7307,84078978804","5,58966466242418",0,0,"-110,653821799184","173,711256708287","110,637480652653","19158260049,215","-29,9397798538208","26,0801078328066","-0,0000762","1,78652249760908","405,570627909849","4120178,07484958"
"4121624,07484958",1,"19173441913,3013","514626,363496293","275498,917392799","7306,67050136791","5,58966466242418",0,0,"-110,67673071983","173,618920714406","110,6598483127","19161023106,4741","-29,9226909637451","26,0801078328066","-0,0000763","1,78652249760908","405,570627909849","4122178,07484958"
"4123624,07484958",1,"19176194992,417","165127,5814533","275539,970599913","7305,50112908475","5,58966466242418",0,0,"-110,699634862603","173,52683421941","110,682201196747","19163784351,0156","-29,9055889129639","26,0801078328066","-0,0000763","1,78652249760908","405,570627909849","4124178,07484958"
"4125624,07484958",1,"19178946253,3704","184396,555249948","275580,996406537","7304,3326730003","5,58966466242418",0,0,"-110,722533153008","173,434997786765","110,704539301375","19166543781,8451","-29,8884796142578","26,0801078328066","-0,0000763","1,78652249760908","405,570627909849","4126178,07484958"
"4127624,07484958",1,"19181695695,2004","533895,90638745","275621,994799032","7303,16513317584","5,58966466242418",0,0,"-110,745426233343","173,343411044002","110,726862806117","19169301397,9794","-29,8713582992554","26,0801078328066","-0,0000764","1,78652249760908","405,570627909849","4128178,07484958"
"4129624,07484958",1,"19184443316,8632","883399,589705503","275662,965762547","7301,99850967226","5,58966466242418",0,0,"-110,768313748437","173,25207263711","110,74917134295","19172057198,4217","-29,8542274475098","26,0801078328066","-0,0000764","1,78652249760908","405,570627909849","4130178,07484958"
"4131624,07484958",1,"19187189117,4426","1232903,52294942","275703,909284097","7300,83280255","5,58966466242418",0,0,"-110,79119590128","173,160982751715","110,771464908368","19174811182,1848","-29,837087059021","26,0801078328066","-0,0000764","1,78652249760908","405,570627909849","4132178,07484958"
"4133624,07484958",1,"19189933095,9583","1582406,34345","275744,825349757","7299,66801186906","5,58966466242418",0,0,"-110,814072855245","173,070139202987","110,793743864399","19177563348,2902","-29,8199354171753","26,0801078328066","-0,0000765","1,78652249760908","405,570627909849","4134178,07484958"
"4135624,07484958",1,"19192675251,3255","1837977,58133264","275785,713944078","7298,50413768902","5,58966466242418",0,0,"-110,836944854987","172,97954196499","110,816008208157","19180313695,7405","-29,8027744293213","26,0801078328066","-0,0000765","1,78652249760908","405,570627909849","4136178,07484958"
"4137624,07484958",1,"19195415582,6609","1488490,86036828","275826,575054558","7297,34118006905","5,58966466242418",0,0,"-110,859811024499","172,889190895382","110,83825775365","19183062223,5554","-29,7856037139893","26,0801078328066","-0,0000765","1,78652249760908","405,570627909849","4138178,07484958"
"4139624,07484958",1,"19198154089,0135","1138988,04524447","275867,408667702","7296,17913906788","5,58966466242418",0,0,"-110,882672043138","172,799084581533","110,860492680502","19185808930,7553","-29,7684226989746","26,0801078328066","-0,0000766","1,78652249760908","405,570627909849","4140178,07484958"
"4141624,07484958",1,"19200890769,3587","789484,983618905","275908,214768941","7295,01801474381","5,58966466242418",0,0,"-110,905528438358","172,709221359475","110,882713168408","19188553816,3611","-29,7512317657471","26,0801078328066","-0,0000766","1,78652249760908","405,570627909849","4142178,07484958"
"4143624,07484958",1,"19203625622,6964","439982,905123891","275948,993344064","7293,85780715474","5,58966466242418",0,0,"-110,928379454396","172,619603219216","110,904918848675","19191296879,389","-29,7340316772461","26,0801078328066","-0,0000767","1,78652249760908","405,570627909849","4144178,07484958"
"4145624,07484958",1,"19206358648,1431","90493,592981866","275989,744380564","7292,69851635813","5,58966466242418",0,0,"-110,951225132857","172,530227907807","110,927109717767","19194038118,8663","-29,7168203353882","26,0801078328066","-0,0000767","1,78652249760908","405,570627909849","4146178,07484958"
"4147624,07484958",1,"19209089844,6964","259034,152438997","276030,46786419","7291,54014241104","5,58966466242418",0,0,"-110,974065795339","172,441094276902","110,949285772679","19196777533,8159","-29,6996004104614","26,0801078328066","-0,0000767","1,78652249760908","405,570627909849","4148178,07484958"
"4149624,07484958",1,"19211819211,3845","608533,785884722","276071,163781145","7290,38268537009","5,58966466242418",0,0,"-110,996901249983","172,352202765543","110,971447193114","19199515123,268","-29,6823701858521","26,0801078328066","-0,0000768","1,78652249760908","405,570627909849","4150178,07484958"
"4151624,07484958",1,"19214546747,2102","958035,77161235","276111,832117264","7289,22614529151","5,58966466242418",0,0,"-111,019731660001","172,263551501979","110,993594158575","19202250886,2448","-29,6651290893555","26,0801078328066","-0,0000768","1,78652249760908","405,570627909849","4152178,07484958"
"4153624,07484958",1,"19217272451,2401","1307537,76669669","276152,472859305","7288,07052223109","5,58966466242418",0,0,"-111,042557101405","172,175141188509","111,015726483086","19204984821,7729","-29,6478801727295","26,0801078328066","-0,0000768","1,78652249760908","405,570627909849","4154178,07484958"
"4155624,07484958",1,"19219996322,534","1657037,88939513","276193,085993938","7286,91581624423","5,58966466242418",0,0,"-111,065377345932","172,086970685784","111,037843797507","19207716928,8938","-29,6306196212769","26,0801078328066","-0,0000769","1,78652249760908","405,570627909849","4156178,07484958"
"4157624,07484958",1,"19222718360,1331","1763359,00870872","276233,67150755","7285,76202738591","5,58966466242418",0,0,"-111,08819287564","171,999038962243","111,059946647478","19210447206,641","-29,6133497238159","26,0801078328066","-0,0000769","1,78652249760908","405,570627909849","4158178,07484958"
"4159624,07484958",1,"19225438563,0117","1413862,42290582","276274,229385554","7284,6091557107","5,58966466242418",0,0,"-111,11100321502","171,911345897606","111,082034480657","19213175654,0408","-29,5960693359375","26,0801078328066","-0,0000769","1,78652249760908","405,570627909849","4160178,07484958"
"4161624,07484958",1,"19228156930,2779","1064361,26940953","276314,75961532","7283,45720127275","5,58966466242418",0,0,"-111,133808563668","171,82389076867","111,104107660212","19215902270,1328","-29,5787794113159","26,0801078328066","-0,000077","1,78652249760908","405,570627909849","4162178,07484958"
"4163624,07484958",1,"19230873461,0257","714860,135821189","276355,262184008","7282,30616412584","5,58966466242418",0,0,"-111,156608606918","171,736672523864","111,12616599938","19218627053,9657","-29,5614805221558","26,0801078328066","-0,000077","1,78652249760908","405,570627909849","4164178,07484958"
"4165624,07484958",1,"19233588154,2287","365360,443472173","276395,737077024","7281,1560443233","5,58966466242418",0,0,"-111,179404391407","171,649689769026","111,148209860927","19221350004,5742","-29,5441719055176","26,0801078328066","-0,000077","1,78652249760908","405,570627909849","4166178,07484958"
"4167624,07484958",1,"19236301008,938","15956,2676845982","276436,184280906","7280,00684191808","5,58966466242418",0,0,"-111,202195000376","171,562943596821","111,170239058611","19224071120,9984","-29,5268537521362","26,0801078328066","-0,0000771","1,78652249760908","405,570627909849","4168178,07484958"
"4169624,07484958",1,"19239012024,2253","333652,194426419","276476,603782491","7278,85855696273","5,58966466242418",0,0,"-111,224980668569","171,476432461438","111,192253589357","19226790402,2825","-29,5095241546631","26,0801078328066","-0,0000771","1,78652249760908","405,570627909849","4170178,07484958"
"4171624,07484958",1,"19241721199,1645","683151,074146466","276516,995568644","7277,7111895094","5,58966466242418",0,0,"-111,247761523397","171,390156545166","111,214253083231","19229507847,4779","-29,4921871185303","26,0801078328066","-0,0000772","1,78652249760908","405,570627909849","4172178,07484958"
"4173624,07484958",1,"19244428532,7694","1032651,32782981","276557,35962536","7276,56473960981","5,58966466242418",0,0,"-111,270537496313","171,30411377206","111,236237903389","19232223455,6308","-29,4748388290405","26,0801078328066","-0,0000772","1,78652249760908","405,570627909849","4174178,07484958"
"4175624,07484958",1,"19247134024,1156","1382151,36694944","276597,695939527","7275,41920731533","5,58966466242418",0,0,"-111,293308663086","171,218304650751","111,258208229525","19234937225,789","-29,4574823379517","26,0801078328066","-0,0000772","1,78652249760908","405,570627909849","4176178,07484958"
"4177624,07484958",1,"19249837672,2212","1731647,87709546","276638,004497204","7274,2745926769","5,58966466242418",0,0,"-111,31607502706","171,132726883911","111,280163875478","19237649156,9978","-29,4401151657104","26,0801078328066","-0,0000773","1,78652249760908","405,570627909849","4178178,07484958"
"4179624,07484958",1,"19252539476,2283","1688751,73918507","276678,285286254","7273,13089574508","5,58966466242418",0,0,"-111,338836715649","171,0473811263","111,302105020701","19240359248,3195","-29,4227384567261","26,0801078328066","-0,0000773","1,78652249760908","405,570627909849","4180178,07484958"
"4181624,07484958",1,"19255239435,1207","1339254,37675422","276718,538292229","7271,98811657002","5,58966466242418",0,0,"-111,361593573053","170,962266233918","111,324031295803","19243067498,8037","-29,4053525924683","26,0801078328066","-0,0000773","1,78652249760908","405,570627909849","4182178,07484958"
"4183624,07484958",1,"19257937547,9784","989754,938242415","276758,763502088","7270,8462552015","5,58966466242418",0,0,"-111,384345921448","170,87738205667","111,345942880213","19245773907,499","-29,3879571914673","26,0801078328066","-0,0000774","1,78652249760908","405,570627909849","4184178,07484958"
"4185624,07484958",1,"19260633813,8713","640255,743328839","276798,960902644","7269,70531168889","5,58966466242418",0,0,"-111,407093322471","170,792727567035","111,36783977077","19248478473,4633","-29,3705520629883","26,0801078328066","-0,0000774","1,78652249760908","405,570627909849","4186178,07484958"
"4187624,07484958",1,"19263328231,8487","290758,732683283","276839,1304804","7268,56528608118","5,58966466242418",0,0,"-111,4298360962","170,708301447833","111,389722147541","19251181195,7544","-29,3531373977661","26,0801078328066","-0,0000774","1,78652249760908","405,570627909849","4188178,07484958"
"4189624,07484958",1,"19266020801,0035","58774,2511558478","276879,272222504","7267,42617842697","5,58966466242418",0,0,"-111,452574178249","170,624104271494","111,411589456786","19253882073,4322","-29,3357147216797","26,0801078328066","-0,0000775","1,78652249760908","405,570627909849","4190178,07484958"
"4191624,07484958",1,"19268711520,3776","408250,452955125","276919,386115359","7266,28798877447","5,58966466242418",0,0,"-111,475307765794","170,540133829955","111,433442428639","19256581105,5535","-29,3182802200317","26,0801078328066","-0,0000775","1,78652249760908","405,570627909849","4192178,07484958"
"4193624,07484958",1,"19271400389,0637","757748,149121215","276959,472146105","7265,15071717152","5,58966466242418",0,0,"-111,498036895707","170,456390259592","111,455280693097","19259278291,1829","-29,3008375167847","26,0801078328066","-0,0000775","1,78652249760908","405,570627909849","4194178,07484958"
"4195624,07484958",1,"19274087406,1817","1107246,65412383","276999,530302285","7264,01436366556","5,58966466242418",0,0,"-111,520761379639","170,372872979567","111,477104246671","19261973629,3895","-29,2833856582642","26,0801078328066","-0,0000776","1,78652249760908","405,570627909849","4196178,07484958"
"4197624,07484958",1,"19276772570,7668","1456744,69193532","277039,560570198","7262,87892830365","5,58966466242418",0,0,"-111,543481221232","170,289582319162","111,498913086135","19264667119,2441","-29,2659246444702","26,0801078328066","-0,0000776","1,78652249760908","405,570627909849","4198178,07484958"
"4199624,07484958",1,"19279455881,8572","1806233,86312543","277079,562936195","7261,74441113247","5,58966466242418",0,0,"-111,566196457217","170,206516591327","111,52070702403","19267358759,807","-29,2484550476074","26,0801078328066","-0,0000776","1,78652249760908","405,570627909849","4200178,07484958"
"4201624,07484958",1,"19282137338,5791","1614162,99431701","277119,537387906","7260,61081219833","5,58966466242418",0,0,"-111,588907058251","170,123675605852","111,54248642446","19270048550,1528","-29,2309749603271","26,0801078328066","-0,0000777","1,78652249760908","405,570627909849","4202178,07484958"
"4203624,07484958",1,"19284816939,9445","1264666,35813574","277159,483911294","7259,47813154714","5,58966466242418",0,0,"-111,611613377803","170,041057306977","111,564251283671","19272736489,3494","-29,2134847640991","26,0801078328066","-0,0000777","1,78652249760908","405,570627909849","4204178,07484958"
"4205624,07484958",1,"19287494685,1189","915168,658362209","277199,402494563","7258,34636922446","5,58966466242418",0,0,"-111,634315228623","169,958662738962","111,586001414694","19275422576,4742","-29,1959852218628","26,0801078328066","-0,0000777","1,78652249760908","405,570627909849","4206178,07484958"
"4207624,07484958",1,"19290170573,1322","565671,426079527","277239,293123943","7257,21552527545","5,58966466242418",0,0,"-111,657012327627","169,876490198934","111,60773681425","19278106810,6025","-29,1784774780273","26,0801078328066","-0,0000778","1,78652249760908","405,570627909849","4208178,07484958"
"4209624,07484958",1,"19292844603,1142","216177,769454544","277279,155787113","7256,08559974491","5,58966466242418",0,0,"-111,679705282651","169,794539103006","111,629457845849","19280789190,8136","-29,1609603881836","26,0801078328066","-0,0000778","1,78652249760908","405,570627909849","4210178,07484958"
"4211624,07484958",1,"19295516774,1185","133339,877407672","277318,990470649","7254,95659267727","5,58966466242418",0,0,"-111,702393494248","169,712809832491","111,651163955055","19283469716,1877","-29,1434345245361","26,0801078328066","-0,0000779","1,78652249760908","405,570627909849","4212178,07484958"
"4213624,07484958",1,"19298187085,2107","482829,083353295","277358,797161294","7253,82850411658","5,58966466242418",0,0,"-111,725077662537","169,631300799099","111,672855505963","19286148385,8024","-29,1258987426758","26,0801078328066","-0,0000779","1,78652249760908","405,570627909849","4214178,07484958"
"4215624,07484958",1,"19300855535,4712","832325,388724314","277398,575846014","7252,70133410652","5,58966466242418",0,0,"-111,747757157847","169,55001098387","111,694532495032","19288825198,7313","-29,1083530426025","26,0801078328066","-0,0000779","1,78652249760908","405,570627909849","4216178,07484958"
"4217624,07484958",1,"19303522124,0049","1181822,13526985","277438,326512125","7251,5750826904","5,58966466242418",0,0,"-111,770432364686","169,468940725139","111,716194367214","19291500154,0551","-29,0907987594604","26,0801078328066","-0,000078","1,78652249760908","405,570627909849","4218178,07484958"
"4219624,07484958",1,"19306186849,9077","1531318,08052396","277478,049146822","7250,44974991118","5,58966466242418",0,0,"-111,793103729861","169,38808843178","111,737842037984","19294173250,8602","-29,0732349395752","26,0801078328066","-0,000078","1,78652249760908","405,570627909849","4220178,07484958"
"4221624,07484958",1,"19308849712,2763","1880594,38747611","277517,743737297","7249,32533581144","5,58966466242418",0,0,"-111,815770717524","169,307453420906","111,759474768792","19296844488,2299","-29,0556625366211","26,0801078328066","-0,000078","1,78652249760908","405,570627909849","4222178,07484958"
"4223624,07484958",1,"19311510710,2615","1539593,41820066","277557,410271546","7248,20184043338","5,58966466242418",0,0,"-111,838433078215","169,22703601227","111,781092923679","19299513865,2616","-29,0380809783936","26,0801078328066","-0,0000781","1,78652249760908","405,570627909849","4224178,07484958"
"4225624,07484958",1,"19314169842,8554","1190097,99781978","277597,048735242","7247,07926381887","5,58966466242418",0,0,"-111,861091195933","169,146835337668","111,802696315015","19302181381,0353","-29,0204917907715","26,0801078328066","-0,0000781","1,78652249760908","405,570627909849","4226178,07484958"
"4227624,07484958",1,"19316827109,2623","840602,050009908","277636,659117155","7245,95760600939","5,58966466242418",0,0,"-111,883745485515","169,066850446109","111,824285307542","19304847034,6483","-29,0028913497925","26,0801078328066","-0,0000781","1,78652249760908","405,570627909849","4228178,07484958"
"4229624,07484958",1,"19319482508,4852","491106,826862771","277676,241403116","7244,83686704608","5,58966466242418",0,0,"-111,906395508619","168,987079801025","111,845859529516","19307510825,1854","-28,9852821350098","26,0801078328066","-0,0000782","1,78652249760908","405,570627909849","4230178,07484958"
"4231624,07484958",1,"19322136039,641","141618,382798456","277715,795580619","7243,7170469697","5,58966466242418",0,0,"-111,929041456323","168,907523695555","111,867419161097","19310172751,7376","-28,9676643371582","26,0801078328066","-0,0000782","1,78652249760908","405,570627909849","4232178,07484958"
"4233624,07484958",1,"19324787701,9265","207897,018402541","277755,321638326","7242,59814582068","5,58966466242418",0,0,"-111,951683017367","168,828181788173","111,888964199202","19312832813,4092","-28,9500379562378","26,0801078328066","-0,0000782","1,78652249760908","405,570627909849","4234178,07484958"
"4235624,07484958",1,"19327437494,3245","557388,357518275","277794,819561774","7241,48016363907","5,58966466242418",0,0,"-111,974320605554","168,749053019942","111,910494456008","19315491009,2945","-28,9324020385742","26,0801078328066","-0,0000783","1,78652249760908","405,570627909849","4236178,07484958"
"4237624,07484958",1,"19330085416,0396","906883,1671303","277834,289339739","7240,36310046456","5,58966466242418",0,0,"-111,99695394177","168,670136081884","111,93201047985","19318147338,498","-28,9147573471069","26,0801078328066","-0,0000783","1,78652249760908","405,570627909849","4238178,07484958"
"4239624,07484958",1,"19332731466,1249","1256378,14523475","277873,730958781","7239,24695633651","5,58966466242418",0,0,"-112,01958305897","168,591431072923","111,953511531085","19320801800,1197","-28,8971040725708","26,0801078328066","-0,0000783","1,78652249760908","405,570627909849","4240178,07484958"
"4241624,07484958",1,"19335375643,696","1605871,80211107","277913,144406379","7238,13173129392","5,58966466242418",0,0,"-112,042208086958","168,512938202119","111,974997974159","19323454393,2617","-28,8794408798218","26,0801078328066","-0,0000784","1,78652249760908","405,570627909849","4242178,07484958"
"4243624,07484958",1,"19338017947,8381","1814526,93750119","277952,529669564","7237,01742537542","5,58966466242418",0,0,"-112,064829190456","168,43465556391","111,996469621374","19326105117,0193","-28,8617694854736","26,0801078328066","-0,0000784","1,78652249760908","405,570627909849","4244178,07484958"
"4245624,07484958",1,"19340658377,7025","1465042,92934344","277991,886736333","7235,90403861931","5,58966466242418",0,0,"-112,087446400629","168,356581824362","112,017927021635","19328753970,5041","-28,8440885543823","26,0801078328066","-0,0000784","1,78652249760908","405,570627909849","4246178,07484958"
"4247624,07484958",1,"19343296932,3664","1115548,92945791","278031,215593598","7234,79157106353","5,58966466242418",0,0,"-112,110059346327","168,278717880322","112,039369250469","19331400952,8145","-28,8263998031616","26,0801078328066","-0,0000785","1,78652249760908","405,570627909849","4248178,07484958"
"4249624,07484958",1,"19345933610,9727","766054,740030345","278070,516229235","7233,68002274569","5,58966466242418",0,0,"-112,132668435863","168,20106279401","112,06079704091","19334046063,0632","-28,8087013244629","26,0801078328066","-0,0000785","1,78652249760908","405,570627909849","4250178,07484958"
"4251624,07484958",1,"19348568412,7023","416561,619277731","278109,788631672","7232,56939370303","5,58966466242418",0,0,"-112,155273712734","168,123614976716","112,082210389279","19336689300,3694","-28,7909950256348","26,0801078328066","-0,0000785","1,78652249760908","405,570627909849","4252178,07484958"
"4253624,07484958",1,"19351201336,5419","67086,8224538121","278149,032786503","7231,45968397246","5,58966466242418",0,0,"-112,177874665634","168,046374671451","112,103608923597","19339330663,8309","-28,7732786178589","26,0801078328066","-0,0000786","1,78652249760908","405,570627909849","4254178,07484958"
"4255624,07484958",1,"19353832381,7252","282437,284152163","278188,248682925","7230,35089359055","5,58966466242418",0,0,"-112,20047200019","167,969340894044","112,124993008683","19341970152,571","-28,7555543899536","26,0801078328066","-0,0000786","1,78652249760908","405,570627909849","4256178,07484958"
"4257624,07484958",1,"19356461547,2812","631928,59217218","278227,436307149","7229,24302259351","5,58966466242418",0,0,"-112,223065435223","167,892512866229","112,146362272144","19344607765,6951","-28,73782081604","26,0801078328066","-0,0000787","1,78652249760908","405,570627909849","4258178,07484958"
"4259624,07484958",1,"19359088832,3991","981421,849974133","278266,595647728","7228,13607101723","5,58966466242418",0,0,"-112,245655000619","167,815890356189","112,16771707889","19347243502,3225","-28,7200784683228","26,0801078328066","-0,0000787","1,78652249760908","405,570627909849","4260178,07484958"
"4261624,07484958",1,"19361714236,1544","1330915,04364714","278305,726691545","7227,03003889724","5,58966466242418",0,0,"-112,268240642785","167,739472393528","112,189057240935","19349877361,5684","-28,7023279190063","26,0801078328066","-0,0000787","1,78652249760908","405,570627909849","4262178,07484958"
"4263624,07484958",1,"19364337757,7153","1680405,95081845","278344,829426845","7225,92492626875","5,58966466242418",0,0,"-112,290822581778","167,663258295752","112,21038293905","19352509342,5561","-28,6845687866211","26,0801078328066","-0,0000788","1,78652249760908","405,570627909849","4264178,07484958"
"4265624,07484958",1,"19366959396,1783","1740000,16749266","278383,903840826","7224,82073316663","5,58966466242418",0,0,"-112,313400604699","167,587247570054","112,231693800856","19355139444,4037","-28,6668003082275","26,0801078328066","-0,0000788","1,78652249760908","405,570627909849","4266178,07484958"
"4267624,07484958",1,"19369579150,6748","1390511,27475723","278422,949921189","7223,71745962539","5,58966466242418",0,0,"-112,335975089297","167,511439963177","112,252990191167","19357767666,2345","-28,6490230560303","26,0801078328066","-0,0000788","1,78652249760908","405,570627909849","4268178,07484958"
"4269624,07484958",1,"19372197020,3557","1041018,79123537","278461,967655926","7222,61510567924","5,58966466242418",0,0,"-112,358545534753","167,435834600002","112,274271922123","19360394007,1728","-28,6312387466431","26,0801078328066","-0,0000789","1,78652249760908","405,570627909849","4270178,07484958"
"4271624,07484958",1,"19374813004,2677","691526,369158791","278500,957031507","7221,51367136204","5,58966466242418",0,0,"-112,381112290432","167,360430999056","112,295538989888","19363018466,3294","-28,6134443283081","26,0801078328066","-0,0000789","1,78652249760908","405,570627909849","4272178,07484958"
"4273624,07484958",1,"19377427101,6418","342035,531604016","278539,918037089","7220,41315670731","5,58966466242418",0,0,"-112,403675303018","167,285228081347","112,316791390615","19365641042,8394","-28,5956422805786","26,0801078328066","-0,0000789","1,78652249760908","405,570627909849","4274178,07484958"
"4275624,07484958",1,"19380039311,5744","7672,52843017577","278578,850659864","7219,31356174826","5,58966466242418",0,0,"-112,426234473372","167,210225536651","112,338028935994","19368261735,8243","-28,5778314590454","26,0801078328066","-0,000079","1,78652249760908","405,570627909849","4276178,07484958"
"4277624,07484958",1,"19382649633,23","356959,600121706","278617,754888022","7218,21488651775","5,58966466242418",0,0,"-112,44879009521","167,135422809886","112,359252176108","19370880544,4192","-28,5600114822388","26,0801078328066","-0,000079","1,78652249760908","405,570627909849","4278178,07484958"
"4279624,07484958",1,"19385258065,7582","706450,120968315","278656,63070953","7217,11713104832","5,58966466242418",0,0,"-112,471342142183","167,060818171969","112,380460737893","19373497467,7551","-28,5421825408936","26,0801078328066","-0,000079","1,78652249760908","405,570627909849","4280178,07484958"
"4281624,07484958",1,"19387864608,2983","1055941,79475554","278695,478112213","7216,02029537219","5,58966466242418",0,0,"-112,493890646535","166,986411734111","112,401654802279","19376112504,9694","-28,5243463516235","26,0801078328066","-0,0000791","1,78652249760908","405,570627909849","4282178,07484958"
"4283624,07484958",1,"19390469259,9522","1405433,17355247","278734,297083338","7214,92437952124","5,58966466242418",0,0,"-112,516435164665","166,912203527149","112,42283418086","19378725655,1931","-28,5065010070801","26,0801078328066","-0,0000791","1,78652249760908","405,570627909849","4284178,07484958"
"4285624,07484958",1,"19393072019,869","1754919,97055147","278773,087610873","7213,82938352704","5,58966466242418",0,0,"-112,538976304441","166,838192569948","112,443998869727","19381336917,5622","-28,4886468887329","26,0801078328066","-0,0000791","1,78652249760908","405,570627909849","4286178,07484958"
"4287624,07484958",1,"19395672887,1854","1665487,32968776","278811,849682596","7212,73530742082","5,58966466242418",0,0,"-112,56151362233","166,764377589911","112,465149049867","19383946291,2133","-28,4707855224609","26,0801078328066","-0,0000792","1,78652249760908","405,570627909849","4288178,07484958"
"4289624,07484958",1,"19398271861,0337","1315998,14860482","278850,583286228","7211,64215123351","5,58966466242418",0,0,"-112,584047673339","166,690758272939","112,486284532756","19386553775,2811","-28,4529144287109","26,0801078328066","-0,0000792","1,78652249760908","405,570627909849","4290178,07484958"
"4291624,07484958",1,"19400868940,6395","966507,229273709","278889,28841084","7210,54991499569","5,58966466242418",0,0,"-112,606578066956","166,617334405826","112,507405314457","19389159368,9183","-28,4350355148315","26,0801078328066","-0,0000792","1,78652249760908","405,570627909849","4292178,07484958"
"4293624,07484958",1,"19403464125,0794","617016,590638121","278927,965043343","7209,45859873765","5,58966466242418",0,0,"-112,629105096414","166,544104370369","112,528511760998","19391763071,262","-28,4171478271484","26,0801078328066","-0,0000793","1,78652249760908","405,570627909849","4294178,07484958"
"4295624,07484958",1,"19406057413,5488","267528,412650218","278966,613172374","7208,36820248935","5,58966466242418",0,0,"-112,651628580573","166,47106853655","112,5496034985","19394364881,4595","-28,3992519378662","26,0801078328066","-0,0000793","1,78652249760908","405,570627909849","4296178,07484958"
"4297624,07484958",1,"19408648805,1558","81988,2820030059","279005,232785294","7207,27872628042","5,58966466242418",0,0,"-112,674148733904","166,398226110624","112,570680523559","19396964798,652","-28,3813478469849","26,0801078328066","-0,0000793","1,78652249760908","405,570627909849","4298178,07484958"
"4299624,07484958",1,"19411238299,0256","431463,877902756","279043,82386972","7206,19017014019","5,58966466242418",0,0,"-112,696665217907","166,325576727974","112,591743202061","19399562821,9788","-28,3634363174438","26,0801078328066","-0,0000794","1,78652249760908","405,570627909849","4300178,07484958"
"4301624,07484958",1,"19413825894,3644","780953,278409123","279082,38641444","7205,10253409767","5,58966466242418",0,0,"-112,719178376395","166,253119181521","112,612791160209","19402158950,5854","-28,3455152511597","26,0801078328066","-0,0000794","1,78652249760908","405,570627909849","4302178,07484958"
"4303624,07484958",1,"19416411590,3356","1130443,34966629","279120,92040763","7204,01581818156","5,58966466242418",0,0,"-112,741688294314","166,1808531887","112,633824394003","19404753183,6237","-28,3275857925415","26,0801078328066","-0,0000794","1,78652249760908","405,570627909849","4304178,07484958"
"4305624,07484958",1,"19418995386,0978","1479932,85689063","279159,42583739","7202,93002242024","5,58966466242418",0,0,"-112,764194578313","166,108777646465","112,654843269754","19407345520,2466","-28,3096487045288","26,0801078328066","-0,0000795","1,78652249760908","405,570627909849","4306178,07484958"
"4307624,07484958",1,"19421577280,8003","1829408,36857869","279197,902691681","7201,84514684179","5,58966466242418",0,0,"-112,786697968285","166,036892097749","112,67584759865","19409935959,6081","-28,2917026519775","26,0801078328066","-0,0000795","1,78652249760908","405,570627909849","4308178,07484958"
"4309624,07484958",1,"19424157273,5946","1590991,65261875","279236,350958501","7200,76119147396","5,58966466242418",0,0,"-112,809197732588","165,965196923142","112,696837191504","19412524500,8642","-28,2737483978271","26,0801078328066","-0,0000795","1,78652249760908","405,570627909849","4310178,07484958"
"4311624,07484958",1,"19426735363,6623","1241503,23141929","279274,770626288","7199,67815634422","5,58966466242418",0,0,"-112,831694137927","165,893689698238","112,717812414765","19415111143,1665","-28,2557855606079","26,0801078328066","-0,0000796","1,78652249760908","405,570627909849","4312178,07484958"
"4313624,07484958",1,"19429311550,1377","892013,896323219","279313,161682784","7198,5960414797","5,58966466242418",0,0,"-112,854187370864","165,822371959724","112,738772709247","19417695885,6723","-28,2378143310547","26,0801078328066","-0,0000796","1,78652249760908","405,570627909849","4314178,07484958"
"4315624,07484958",1,"19431885832,1538","542525,075587274","279351,524115714","7197,51484690725","5,58966466242418",0,0,"-112,876677592052","165,751241286272","112,759718811471","19420278727,5328","-28,2198350906372","26,0801078328066","-0,0000796","1,78652249760908","405,570627909849","4316178,07484958"
"4317624,07484958",1,"19434458208,9451","193040,436271898","279389,857914286","7196,43457265341","5,58966466242418",0,0,"-112,899164175648","165,680297404547","112,780650162118","19422859667,9117","-28,2018486022949","26,0801078328066","-0,0000797","1,78652249760908","405,570627909849","4318178,07484958"
"4319624,07484958",1,"19437028679,6612","156467,637804876","279428,163066468","7195,35521874439","5,58966466242418",0,0,"-112,921647463419","165,609541280732","112,801566572035","19425438705,9753","-28,1838529586792","26,0801078328066","-0,0000797","1,78652249760908","405,570627909849","4320178,07484958"
"4321624,07484958",1,"19439597243,4652","505950,285160726","279466,439560426","7194,27678520614","5,58966466242418",0,0,"-112,944127701011","165,538970580307","112,822468592952","19428015840,8854","-28,1658498764038","26,0801078328066","-0,0000797","1,78652249760908","405,570627909849","4322178,07484958"
"4323624,07484958",1,"19442163899,5147","855438,398416042","279504,687384244","7193,19927206428","5,58966466242418",0,0,"-112,966604651092","165,468584782644","112,843356220885","19430591071,8033","-28,147838973999","26,0801078328066","-0,0000798","1,78652249760908","405,570627909849","4324178,07484958"
"4325624,07484958",1,"19444728646,9842","1204926,8553458","279542,906526249","7192,12267934414","5,58966466242418",0,0,"-112,989078738828","165,398384036933","112,864229266963","19433164397,8919","-28,1298194885254","26,0801078328066","-0,0000798","1,78652249760908","405,570627909849","4326178,07484958"
"4327624,07484958",1,"19447291485,0846","1554414,366613","279581,096975312","7191,04700707073","5,58966466242418",0,0,"-113,011549363385","165,32836749312","112,885087541654","19435735818,3203","-28,1117916107178","26,0801078328066","-0,0000798","1,78652249760908","405,570627909849","4328178,07484958"
"4329624,07484958",1,"19449852412,9818","1865953,63406144","279619,258719629","7189,9722552688","5,58966466242418",0,0,"-113,034016843166","165,258534235849","112,905931226045","19438305332,259","-28,0937562942505","26,0801078328066","-0,0000799","1,78652249760908","405,570627909849","4330178,07484958"
"4331624,07484958",1,"19452411429,7669","1516513,4767705","279657,391746319","7188,89842396276","5,58966466242418",0,0,"-113,056481338376","165,188884662027","112,926760316625","19440872938,8695","-28,0757118225098","26,0801078328066","-0,0000799","1,78652249760908","405,570627909849","4332178,07484958"
"4333624,07484958",1,"19454968534,74","1167026,19068629","279695,496045543","7187,82551317676","5,58966466242418",0,0,"-113,078942852175","165,119416438595","112,947574994576","19443438637,3297","-28,0576608657837","26,0801078328066","-0,0000799","1,78652249760908","405,570627909849","4334178,07484958"
"4335624,07484958",1,"19457523727,0585","817538,459329617","279733,571605382","7186,75352293463","5,58966466242418",0,0,"-113,101401051441","165,050130963804","112,968374885252","19446002426,8202","-28,0396017074585","26,0801078328066","-0,00008","1,78652249760908","405,570627909849","4336178,07484958"
"4337624,07484958",1,"19460077005,817","468051,513562641","279771,618413004","7185,68245325993","5,58966466242418",0,0,"-113,123856433528","164,981026317673","112,98916035543","19448564306,5074","-28,0215337753296","26,0801078328066","-0,00008","1,78652249760908","405,570627909849","4338178,07484958"
"4339624,07484958",1,"19462628370,2642","118573,112042097","279809,636457818","7184,61230417591","5,58966466242418",0,0,"-113,14630882107","164,912101343655","113,009931401048","19451124275,5677","-28,0034587860107","26,0801078328066","-0,00008","1,78652249760908","405,570627909849","4340178,07484958"
"4341624,07484958",1,"19465177819,5601","230935,168391136","279847,625727944","7183,54307570552","5,58966466242418",0,0,"-113,16875810729","164,843356858293","113,030687832931","19453682333,1772","-27,9853750228882","26,0801078328066","-0,0000801","1,78652249760908","405,570627909849","4342178,07484958"
"4343624,07484958",1,"19467725352,8779","580419,073637357","279885,586211692","7182,47476787145","5,58966466242418",0,0,"-113,191204721328","164,774791692906","113,05142964694","19456238478,5135","-27,9672828674316","26,0801078328066","-0,0000801","1,78652249760908","405,570627909849","4344178,07484958"
"4345624,07484958",1,"19470270969,4774","929905,811095356","279923,517898634","7181,40738069608","5,58966466242418",0,0,"-113,213648060428","164,706405362756","113,072156839212","19458792710,7628","-27,9491830825806","26,0801078328066","-0,0000801","1,78652249760908","405,570627909849","4346178,07484958"
"4347624,07484958",1,"19472814668,4579","1279392,64001294","279961,420776008","7180,3409142015","5,58966466242418",0,0,"-113,23608844197","164,638197526178","113,092869405302","19461345029,1002","-27,9310766220093","26,0801078328066","-0,0000802","1,78652249760908","405,570627909849","4348178,07484958"
"4349624,07484958",1,"19475356449,0309","1628877,89277459","279999,294832678","7179,27536840952","5,58966466242418",0,0,"-113,258526183182","164,570166701148","113,113567712616","19463895432,7051","-27,9129613876343","26,0801078328066","-0,0000802","1,78652249760908","405,570627909849","4350178,07484958"
"4351624,07484958",1,"19477896310,4585","1791531,63893591","280037,140058254","7178,21074334168","5,58966466242418",0,0,"-113,280960952208","164,502312880324","113,134251200215","19466443920,7743","-27,8948394775391","26,0801078328066","-0,0000802","1,78652249760908","405,570627909849","4352178,07484958"
"4353624,07484958",1,"19480434251,8538","1442052,68933805","280074,956440169","7177,1470390192","5,58966466242418",0,0,"-113,303392773587","164,434635982385","113,154920235542","19468990492,4856","-27,8767091751099","26,0801078328066","-0,0000803","1,78652249760908","405,570627909849","4354178,07484958"
"4355624,07484958",1,"19482970272,3986","1092566,70820814","280112,743966861","7176,08425546304","5,58966466242418",0,0,"-113,325821673429","164,367134855448","113,175574814459","19471535147,0196","-27,8585704803467","26,0801078328066","-0,0000803","1,78652249760908","405,570627909849","4356178,07484958"
"4357624,07484958",1,"19485504371,3419","743080,588918741","280150,502627742","7175,02239269388","5,58966466242418",0,0,"-113,34824776828","164,299809093475","113,196214747199","19474077883,5721","-27,840424156189","26,0801078328066","-0,0000803","1,78652249760908","405,570627909849","4358178,07484958"
"4359624,07484958",1,"19488036547,8849","393595,635984363","280188,232411532","7173,96145073211","5,58966466242418",0,0,"-113,370671061844","164,232657712286","113,216840215478","19476618701,3342","-27,822269821167","26,0801078328066","-0,0000804","1,78652249760908","405,570627909849","4360178,07484958"
"4361624,07484958",1,"19490566801,2017","44140,4540054403","280225,933306554","7172,90142959784","5,58966466242418",0,0,"-113,39309171416","164,16568038226","113,237451029454","19479157599,4984","-27,8041082382202","26,0801078328066","-0,0000804","1,78652249760908","405,570627909849","4362178,07484958"
"4363624,07484958",1,"19493095130,4785","305386,841727746","280263,605301308","7171,84232931091","5,58966466242418",0,0,"-113,415509457578","164,098877125077","113,258047184891","19481694577,2584","-27,7859390258789","26,0801078328066","-0,0000804","1,78652249760908","405,570627909849","4364178,07484958"
"4365624,07484958",1,"19495621534,9072","654870,524889617","280301,248384376","7170,78414989087","5,58966466242418",0,0,"-113,437924273883","164,032247033971","113,278628677831","19484229633,8014","-27,7677623748779","26,0801078328066","-0,0000805","1,78652249760908","405,570627909849","4366178,07484958"
"4367624,07484958",1,"19498146013,7274","1004355,83880211","280338,862545036","7169,726891357","5,58966466242418",0,0,"-113,460336752339","163,965788629616","113,299195875824","19486762768,3284","-27,7495767593384","26,0801078328066","-0,0000805","1,78652249760908","405,570627909849","4368178,07484958"
"4369624,07484958",1,"19500668566,1431","1353841,01654944","280376,447772046","7168,67055372831","5,58966466242418",0,0,"-113,482746310282","163,899502577064","113,319748403146","19489293980,0396","-27,7313835144043","26,0801078328066","-0,0000805","1,78652249760908","405,570627909849","4370178,07484958"
"4371624,07484958",1,"19503189191,2882","1703323,37319506","280414,004053142","7167,61513702352","5,58966466242418",0,0,"-113,505153109145","163,833387565609","113,340286441338","19491823268,1225","-27,7131826400757","26,0801078328066","-0,0000806","1,78652249760908","405,570627909849","4372178,07484958"
"4373624,07484958",1,"19505707888,4501","1717090,74074616","280451,5313783","7166,5606412611","5,58966466242418",0,0,"-113,527557287471","163,767443136407","113,360809986752","19494350631,7822","-27,6949739456177","26,0801078328066","-0,0000806","1,78652249760908","405,570627909849","4374178,07484958"
"4375624,07484958",1,"19508224656,8386","1367609,05471718","280489,02973636","7165,50706645922","5,58966466242418",0,0,"-113,549959025024","163,701668219875","113,38131884899","19496876070,2262","-27,6767585754395","26,0801078328066","-0,0000806","1,78652249760908","405,570627909849","4376178,07484958"
"4377624,07484958",1,"19510739495,6351","1018124,46328356","280526,499115753","7164,45441263579","5,58966466242418",0,0,"-113,572357994047","163,636063737667","113,401813209941","19499399582,6555","-27,6585348129272","26,0801078328066","-0,0000807","1,78652249760908","405,570627909849","4378178,07484958"
"4379624,07484958",1,"19513252404,019","668639,969354848","280563,939504878","7163,40267980847","5,58966466242418",0,0,"-113,594754549217","163,570628228555","113,422292879421","19501921168,2689","-27,6403038024902","26,0801078328066","-0,0000807","1,78652249760908","405,570627909849","4380178,07484958"
"4381624,07484958",1,"19515763381,2468","319157,23002709","280601,35089326","7162,35186799462","5,58966466242418",0,0,"-113,617148048735","163,505361372638","113,442758039354","19504440826,2734","-27,6220649719238","26,0801078328066","-0,0000807","1,78652249760908","405,570627909849","4382178,07484958"
"4383624,07484958",1,"19518272426,5182","30384,3540016582","280638,73326959","7161,30197721135","5,58966466242418",0,0,"-113,639539238814","163,440261873347","113,463208871746","19506958555,8774","-27,6038194656372","26,0801078328066","-0,0000808","1,78652249760908","405,570627909849","4384178,07484958"
"4385624,07484958",1,"19520779539,0642","379822,046833571","280676,086623021","7160,25300747549","5,58966466242418",0,0,"-113,661928142265","163,375329744941","113,48364500005","19509474356,2931","-27,5855657577515","26,0801078328066","-0,0000808","1,78652249760908","405,570627909849","4386178,07484958"
"4387624,07484958",1,"19523284718,0479","729304,937522085","280713,410941714","7159,20495880363","5,58966466242418",0,0,"-113,684314038606","163,310565031351","113,504066606539","19511988226,7251","-27,5673042297363","26,0801078328066","-0,0000808","1,78652249760908","405,570627909849","4388178,07484958"
"4389624,07484958",1,"19525787962,7471","1078788,79628097","280750,706215504","7158,15783121206","5,58966466242418",0,0,"-113,706697480035","163,245966078409","113,524473686913","19514500166,3855","-27,5490364074707","26,0801078328066","-0,0000809","1,78652249760908","405,570627909849","4390178,07484958"
"4391624,07484958",1,"19528289272,4007","1428272,28195717","280787,972433654","7157,11162471684","5,58966466242418",0,0,"-113,729078664351","163,181532835113","113,544866236862","19517010174,4968","-27,5307605743408","26,0801078328066","-0,0000809","1,78652249760908","405,570627909849","4392178,07484958"
"4393624,07484958",1,"19530788646,1449","1777749,63674115","280825,209583935","7156,06633933374","5,58966466242418",0,0,"-113,751457420061","163,117264932087","113,565244252643","19519518250,2662","-27,5124767303467","26,0801078328066","-0,0000809","1,78652249760908","405,570627909849","4394178,07484958"
"4395624,07484958",1,"19533286083,2101","1642663,99163858","280862,417655489","7155,02197507828","5,58966466242418",0,0,"-113,773833593174","163,053162059618","113,585607729641","19522024392,9034","-27,4941850662231","26,0801078328066","-0,000081","1,78652249760908","405,570627909849","4396178,07484958"
"4397624,07484958",1,"19535781582,9028","1293182,30313057","280899,596638569","7153,97853196573","5,58966466242418",0,0,"-113,796207676491","162,989222337135","113,605956663806","19524528601,6302","-27,4758871078491","26,0801078328066","-0,000081","1,78652249760908","405,570627909849","4398178,07484958"
"4399624,07484958",1,"19538275144,3717","943699,141165649","280936,746521119","7152,93601001108","5,58966466242418",0,0,"-113,818579166217","162,925446704774","113,626291050791","19527030875,6654","-27,4575803756714","26,0801078328066","-0,000081","1,78652249760908","405,570627909849","4400178,07484958"
"4401624,07484958",1,"19540766766,8514","594216,297426794","280973,867292344","7151,89440922908","5,58966466242418",0,0,"-113,840948432936","162,861833548622","113,64661088653","19529531214,2259","-27,4392660140991","26,0801078328066","-0,0000811","1,78652249760908","405,570627909849","4402178,07484958"
"4403624,07484958",1,"19543256449,6418","244736,249692617","281010,958942402","7150,85372963421","5,58966466242418",0,0,"-113,863315428079","162,798382300739","113,666916353511","19532029616,5383","-27,4209442138672","26,0801078328066","-0,0000811","1,78652249760908","405,570627909849","4404178,07484958"
"4405624,07484958",1,"19545744191,8276","104768,668529772","281048,021458309","7149,8139712407","5,58966466242418",0,0,"-113,885679876662","162,735092922384","113,687207447128","19534526081,8146","-27,4026149749756","26,0801078328066","-0,0000811","1,78652249760908","405,570627909849","4406178,07484958"
"4407624,07484958",1,"19548229992,7611","454240,768225164","281085,054830981","7148,77513406252","5,58966466242418",0,0,"-113,908041919563","162,671965214861","113,707483790389","19537020609,2859","-27,384278678894","26,0801078328066","-0,0000812","1,78652249760908","405,570627909849","4408178,07484958"
"4409624,07484958",1,"19550713851,6589","803722,60478272","281122,05904936","7147,7372181134","5,58966466242418",0,0,"-113,930402047891","162,608998384866","113,727745565494","19539513198,1771","-27,365934753418","26,0801078328066","-0,0000812","1,78652249760908","405,570627909849","4410178,07484958"
"4411624,07484958",1,"19553195767,7054","1153204,99232217","281159,034101915","7146,70022340679","5,58966466242418",0,0,"-113,952759761572","162,54619170206","113,747992954723","19542003847,7076","-27,3475843429565","26,0801078328066","-0,0000812","1,78652249760908","405,570627909849","4412178,07484958"
"4413624,07484958",1,"19555675740,1271","1502686,70505436","281195,979977728","7145,66414995591","5,58966466242418",0,0,"-113,975115254851","162,483544710287","113,768225580882","19544492557,1058","-27,3292263031006","26,0801078328066","-0,0000813","1,78652249760908","405,570627909849","4414178,07484958"
"4415624,07484958",1,"19558153768,2408","1852141,99211984","281232,896667199","7144,62899777373","5,58966466242418",0,0,"-113,99746837395","162,421056783576","113,788443812681","19546979325,6089","-27,3108604431152","26,0801078328066","-0,0000813","1,78652249760908","405,570627909849","4416178,07484958"
"4417624,07484958",1,"19560629851,2037","1568253,07895405","281269,784158404","7143,59476687296","5,58966466242418",0,0,"-114,019818950784","162,358728155885","113,80864745927","19549464152,439","-27,2924869537354","26,0801078328066","-0,0000813","1,78652249760908","405,570627909849","4418178,07484958"
"4419624,07484958",1,"19563103988,2833","1218772,15240197","281306,642441023","7142,56145726605","5,58966466242418",0,0,"-114,042167333259","162,296556918613","113,82883670301","19551947036,8301","-27,2741075515747","26,0801078328066","-0,0000814","1,78652249760908","405,570627909849","4420178,07484958"
"4421624,07484958",1,"19565576178,7656","869290,442201628","281343,471505008","7141,52906896523","5,58966466242418",0,0,"-114,064513769051","162,234543692271","113,8490115398","19554427978,0215","-27,2557210922241","26,0801078328066","-0,0000814","1,78652249760908","405,570627909849","4422178,07484958"
"4423624,07484958",1,"19568046421,8169","519809,28863474","281380,271338561","7140,49760198247","5,58966466242418",0,0,"-114,086857723274","162,172687742727","113,869171592111","19556906975,239","-27,237327003479","26,0801078328066","-0,0000814","1,78652249760908","405,570627909849","4424178,07484958"
"4425624,07484958",1,"19570514716,7565","170333,105311816","281417,041932118","7139,46705632949","5,58966466242418",0,0,"-114,1091997553","162,110988348182","113,8893172289","19559384027,7319","-27,2189260482788","26,0801078328066","-0,0000815","1,78652249760908","405,570627909849","4426178,07484958"
"4427624,07484958",1,"19572981062,7461","179166,870165115","281453,783273818","7138,43743201776","5,58966466242418",0,0,"-114,131539884215","162,049444357469","113,909448445749","19561859134,7304","-27,2005182266235","26,0801078328066","-0,0000815","1,78652249760908","405,570627909849","4428178,07484958"
"4429624,07484958",1,"19575445459,051","528643,184570107","281490,49535331","7137,40872905852","5,58966466242418",0,0,"-114,153877646887","161,988056500288","113,929564864637","19564332295,4697","-27,182102394104","26,0801078328066","-0,0000815","1,78652249760908","405,570627909849","4430178,07484958"
"4431624,07484958",1,"19577907904,9415","878123,822122301","281527,178160313","7136,38094746276","5,58966466242418",0,0,"-114,176213686623","161,92682313079","113,94966685525","19566803509,1933","-27,1636789321899","26,0801078328066","-0,0000816","1,78652249760908","405,570627909849","4432178,07484958"
"4433624,07484958",1,"19580368399,6774","1227604,72424739","281563,831684398","7135,35408724123","5,58966466242418",0,0,"-114,198547211327","161,865744129262","113,969754413143","19569272775,1483","-27,1452491760254","26,0801078328066","-0,0000816","1,78652249760908","405,570627909849","4434178,07484958"
"4435624,07484958",1,"19582826942,4818","1577084,50708677","281600,455914596","7134,32814840443","5,58966466242418",0,0,"-114,220879142451","161,804819096886","113,989827534156","19571740092,5724","-27,1268129348755","26,0801078328066","-0,0000816","1,78652249760908","405,570627909849","4436178,07484958"
"4437624,07484958",1,"19585283532,6118","1843318,10599662","281637,050840433","7133,30313096265","5,58966466242418",0,0,"-114,243209049018","161,744046830299","114,009886213827","19574205460,7132","-27,1083696365356","26,0801078328066","-0,0000817","1,78652249760908","405,570627909849","4438178,07484958"
"4439624,07484958",1,"19587738169,3248","1493858,17368908","281673,616451444","7132,27903492589","5,58966466242418",0,0,"-114,265536901765","161,683428604713","114,0299300738","19576668878,8174","-27,0899173736572","26,0801078328066","-0,0000817","1,78652249760908","405,570627909849","4440178,07484958"
"4441624,07484958",1,"19590190851,7957","1144378,30628648","281710,152735956","7131,25586030397","5,58966466242418",0,0,"-114,287862736004","161,622962139264","114,049959484006","19579130346,1204","-27,071459197998","26,0801078328066","-0,0000817","1,78652249760908","405,570627909849","4442178,07484958"
"4443624,07484958",1,"19592641579,3786","794898,062923048","281746,659684913","7130,23360710642","5,58966466242418",0,0,"-114,310186835812","161,562648232396","114,069974439958","19581589861,8765","-27,0529937744141","26,0801078328066","-0,0000818","1,78652249760908","405,570627909849","4444178,07484958"
"4445624,07484958",1,"19595090351,294","445418,678267069","281783,137287307","7129,21227534258","5,58966466242418",0,0,"-114,332508923661","161,502484923612","114,089974750274","19584047425,3303","-27,0345209121704","26,0801078328066","-0,0000818","1,78652249760908","405,570627909849","4446178,07484958"
"4447624,07484958",1,"19597537166,8226","95950,4787465389","281819,585533009","7128,19186502152","5,58966466242418",0,0,"-114,354829283841","161,442472470953","114,109960597596","19586503035,7379","-27,0160404205322","26,0801078328066","-0,0000818","1,78652249760908","405,570627909849","4448178,07484958"
"4449624,07484958",1,"19599982025,1601","253552,482330137","281856,004410651","7127,17237615209","5,58966466242418",0,0,"-114,377147652252","161,382609895827","114,129932351588","19588956692,3488","-26,997554397583","26,0801078328066","-0,0000819","1,78652249760908","405,570627909849","4450178,07484958"
"4451624,07484958",1,"19602424925,6199","603029,50844389","281892,393910582","7126,15380874291","5,58966466242418",0,0,"-114,399463834412","161,322897457664","114,149889446926","19591408394,4167","-26,9790603637695","26,0801078328066","-0,0000819","1,78652249760908","405,570627909849","4452178,07484958"
"4453624,07484958",1,"19604865867,4456","952508,884412562","281928,754022135","7125,13616280236","5,58966466242418",0,0,"-114,421778483726","161,263334546917","114,169832066313","19593858141,1935","-26,9605600357056","26,0801078328066","-0,0000819","1,78652249760908","405,570627909849","4454178,07484958"
"4455624,07484958",1,"19607304849,9133","1301988,2766394","281965,084735105","7124,1194383386","5,58966466242418",0,0,"-114,444090812142","161,203920567702","114,189759830855","19596305931,9367","-26,9420513153076","26,0801078328066","-0,000082","1,78652249760908","405,570627909849","4456178,07484958"
"4457624,07484958",1,"19609741872,2689","1651465,78286471","282001,386038865","7123,10363535955","5,58966466242418",0,0,"-114,466401600134","161,144655131209","114,20967311059","19598751765,9024","-26,9235368728638","26,0801078328066","-0,000082","1,78652249760908","405,570627909849","4458178,07484958"
"4459624,07484958",1,"19612176933,7965","1768952,51962346","282037,65792333","7122,08875387291","5,58966466242418",0,0,"-114,488710850863","161,085536825031","114,229572088049","19601195642,3495","-26,9050161361694","26,0801078328066","-0,000082","1,78652249760908","405,570627909849","4460178,07484958"
"4461624,07484958",1,"19614610033,7719","1419479,15057705","282073,900378296","7121,07479388614","5,58966466242418",0,0,"-114,511018243715","161,02656607626","114,249456384778","19603637560,5472","-26,8864870071411","26,0801078328066","-0,000082","1,78652249760908","405,570627909849","4462178,07484958"
"4463624,07484958",1,"19617041171,4005","1070000,48484905","282110,113392539","7120,06175540648","5,58966466242418",0,0,"-114,53332349878","160,96774202339","114,269326183583","19606077519,7493","-26,8679508209229","26,0801078328066","-0,0000821","1,78652249760908","405,570627909849","4464178,07484958"
"4465624,07484958",1,"19619470345,9782","720521,729393005","282146,296956152","7119,04963844095","5,58966466242418",0,0,"-114,555627226241","160,909064389737","114,28918166735","19608515519,2178","-26,8494089126587","26,0801078328066","-0,0000821","1,78652249760908","405,570627909849","4466178,07484958"
"4467624,07484958",1,"19621897556,8385","371044,253768971","282182,451059775","7118,03844299633","5,58966466242418",0,0,"-114,577929417629","160,850532906111","114,309022644338","19610951558,2193","-26,8308597564697","26,0801078328066","-0,0000821","1,78652249760908","405,570627909849","4468178,07484958"
"4469624,07484958",1,"19624322803,1988","21632,0658890202","282218,575692349","7117,02816907918","5,58966466242418",0,0,"-114,600229763727","160,792146643533","114,328849110238","19613385636,0232","-26,812303352356","26,0801078328066","-0,0000822","1,78652249760908","405,570627909849","4470178,07484958"
"4471624,07484958",1,"19626746084,3237","327923,319858747","282254,670843511","7116,01881669585","5,58966466242418",0,0,"-114,622528464221","160,73390544173","114,34866106044","19615817751,8936","-26,7937414169312","26,0801078328066","-0,0000822","1,78652249760908","405,570627909849","4472178,07484958"
"4473624,07484958",1,"19629167399,546","677400,005562663","282290,736503889","7115,01038585245","5,58966466242418",0,0,"-114,644825470271","160,675808541331","114,368458303031","19618247905,1036","-26,7751714706421","26,0801078328066","-0,0000822","1,78652249760908","405,570627909849","4474178,07484958"
"4475624,07484958",1,"19631586748,0251","1026878,06930423","282326,772661588","7114,00287655488","5,58966466242418",0,0,"-114,667121133767","160,617854874936","114,388241395879","19620676094,9148","-26,7565952301025","26,0801078328066","-0,0000823","1,78652249760908","405,570627909849","4476178,07484958"
"4477624,07484958",1,"19634004129,1371","1376355,92814394","282362,779307862","7112,99628880882","5,58966466242418",0,0,"-114,689415123002","160,560045251286","114,408009959761","19623102320,6016","-26,7380113601685","26,0801078328066","-0,0000823","1,78652249760908","405,570627909849","4478178,07484958"
"4479624,07484958",1,"19636419542,1246","1725830,25665078","282398,756432026","7111,99062261972","5,58966466242418",0,0,"-114,711707298194","160,502378481857","114,427763990033","19625526581,4344","-26,719421005249","26,0801078328066","-0,0000823","1,78652249760908","405,570627909849","4480178,07484958"
"4481624,07484958",1,"19638832986,2986","1694590,78521639","282434,704024393","7110,98587799282","5,58966466242418",0,0,"-114,733998140819","160,444854026589","114,447503670038","19627948876,6871","-26,7008239746094","26,0801078328066","-0,0000824","1,78652249760908","405,570627909849","4482178,07484958"
"4483624,07484958",1,"19641244460,8873","1345115,80162592","282470,622074067","7109,98205493314","5,58966466242418",0,0,"-114,756287331241","160,387471462651","114,467228619998","19630369205,6358","-26,6822208404541","26,0801078328066","-0,0000824","1,78652249760908","405,570627909849","4484178,07484958"
"4485624,07484958",1,"19643653965,2362","995638,40453663","282506,510571854","7108,97915344548","5,58966466242418",0,0,"-114,778575015815","160,33023095901","114,486939211006","19632787567,5616","-26,663610458374","26,0801078328066","-0,0000824","1,78652249760908","405,570627909849","4486178,07484958"
"4487624,07484958",1,"19646061498,5067","646161,149770754","282542,369505884","7107,97717353443","5,58966466242418",0,0,"-114,800860912844","160,273131146108","114,506635250647","19635203961,7284","-26,6449934005737","26,0801078328066","-0,0000825","1,78652249760908","405,570627909849","4488178,07484958"
"4489624,07484958",1,"19648467060,1102","296685,857508556","282578,198867936","7106,97611520436","5,58966466242418",0,0,"-114,823145621006","160,216171626041","114,526316546707","19637618387,4195","-26,6263690948486","26,0801078328066","-0,0000825","1,78652249760908","405,570627909849","4490178,07484958"
"4491624,07484958",1,"19650870649,2981","52826,4294059491","282613,998647447","7105,97597845944","5,58966466242418",0,0,"-114,845428833465","160,159352181172","114,545983470132","19640030843,917","-26,6077388763428","26,0801078328066","-0,0000825","1,78652249760908","405,570627909849","4492178,07484958"
"4493624,07484958",1,"19653272265,2619","402279,02963266","282649,768832984","7104,97676330361","5,58966466242418",0,0,"-114,867710577955","160,102672620666","114,565636016278","19642441330,4886","-26,589101600647","26,0801078328066","-0,0000826","1,78652249760908","405,570627909849","4494178,07484958"
"4495624,07484958",1,"19655671907,4204","751754,937928646","282685,509416429","7103,97846974059","5,58966466242418",0,0,"-114,889990678646","160,046132542716","114,585273993167","19644849846,4281","-26,5704582214355","26,0801078328066","-0,0000826","1,78652249760908","405,570627909849","4496178,07484958"
"4497624,07484958",1,"19658069574,9657","1101231,66115804","282721,220386356","7102,98109777392","5,58966466242418",0,0,"-114,912269461594","159,989730519863","114,604897584019","19647256391,011","-26,5518074035645","26,0801078328066","-0,0000826","1,78652249760908","405,570627909849","4498178,07484958"
"4499624,07484958",1,"19660465267,2741","1450707,92401601","282756,901734027","7101,98464740691","5,58966466242418",0,0,"-114,934546774017","159,933466931291","114,624506784162","19649660963,5259","-26,5331502914429","26,0801078328066","-0,0000827","1,78652249760908","405,570627909849","4500178,07484958"
"4501624,07484958",1,"19662858983,5782","1800175,63391116","282792,553448604","7100,98911864266","5,58966466242418",0,0,"-114,956822608501","159,877341477691","114,644101213508","19652063563,2539","-26,5144865036011","26,0801078328066","-0,0000827","1,78652249760908","405,570627909849","4502178,07484958"
"4503624,07484958",1,"19665250723,2029","1620242,69151868","282828,175520598","7099,99451148405","5,58966466242418",0,0,"-114,979097288587","159,821352749011","114,66368161907","19654464189,4854","-26,4958164215088","26,0801078328066","-0,0000827","1,78652249760908","405,570627909849","4504178,07484958"
"4505624,07484958",1,"19667640485,4369","1270767,87488923","282863,767939998","7099,00082593379","5,58966466242418",0,0,"-115,001370653623","159,765500926391","114,683247244921","19656862841,5055","-26,4771398544312","26,0801078328066","-0,0000828","1,78652249760908","405,570627909849","4506178,07484958"
"4507624,07484958",1,"19670028269,6123","921291,791393171","282899,330697413","7098,00806199435","5,58966466242418",0,0,"-115,023642716648","159,709785227007","114,70279846212","19659259518,6161","-26,4584566116333","26,0801078328066","-0,0000828","1,78652249760908","405,570627909849","4508178,07484958"
"4509624,07484958",1,"19672414074,9418","571816,069811833","282934,863781722","7097,016219668","5,58966466242418",0,0,"-115,04591317166","159,65420604493","114,722335265954","19661654220,0992","-26,4397678375244","26,0801078328066","-0,0000828","1,78652249760908","405,570627909849","4510178,07484958"
"4511624,07484958",1,"19674797900,7675","222343,563506845","282970,367183687","7096,02529895682","5,58966466242418",0,0,"-115,068182485544","159,598762283743","114,741857652292","19664046945,2462","-26,4210708618164","26,0801078328066","-0,0000828","1,78652249760908","405,570627909849","4512178,07484958"
"4513624,07484958",1,"19677179746,4031","127151,991837609","283005,84089365","7095,03529986266","5,58966466242418",0,0,"-115,09045066139","159,543452893686","114,761365616403","19666437693,3603","-26,4023670196533","26,0801078328066","-0,0000829","1,78652249760908","405,570627909849","4514178,07484958"
"4515624,07484958",1,"19679559611,1309","476619,643943863","283041,284901499","7094,0462223872","5,58966466242418",0,0,"-115,112717693557","159,488277898467","114,780859153844","19668826463,7314","-26,3836574554443","26,0801078328066","-0,0000829","1,78652249760908","405,570627909849","4516178,07484958"
"4517624,07484958",1,"19681937494,2893","826094,564740352","283076,699197944","7093,05806653189","5,58966466242418",0,0,"-115,134983440473","159,433237128456","114,800338071931","19671213255,6637","-26,3649421691895","26,0801078328066","-0,0000829","1,78652249760908","405,570627909849","4518178,07484958"
"4519624,07484958",1,"19684313395,0774","1175569,92636921","283112,083771661","7092,07083229799","5,58966466242418",0,0,"-115,157248358946","159,378329894715","114,819802554114","19673598068,444","-26,3462203979492","26,0801078328066","-0,000083","1,78652249760908","405,570627909849","4520178,07484958"
"4521624,07484958",1,"19686687312,8831","1525044,49151469","283147,438614077","7091,08451968656","5,58966466242418",0,0,"-115,17951183556","159,323555624745","114,83925259563","19675980901,3745","-26,3274909973145","26,0801078328066","-0,000083","1,78652249760908","405,570627909849","4522178,07484958"
"4523624,07484958",1,"19689059247,0296","1874426,70163403","283182,763715677","7090,09912869847","5,58966466242418",0,0,"-115,20177403541","159,26891466738","114,858687815947","19678361753,7572","-26,3087556838989","26,0801078328066","-0,000083","1,78652249760908","405,570627909849","4524178,07484958"
"4525624,07484958",1,"19691429196,7726","1545909,20468152","283218,059065958","7089,11465933436","5,58966466242418",0,0,"-115,224035272739","159,214405340462","114,878108774932","19680740624,8908","-26,2900129318237","26,0801078328066","-0,0000831","1,78652249760908","405,570627909849","4526178,07484958"
"4527624,07484958",1,"19693797161,4365","1196435,12391194","283253,324655423","7088,13111159471","5,58966466242418",0,0,"-115,246294931834","159,160028793229","114,897515091388","19683117514,0732","-26,2712650299072","26,0801078328066","-0,0000831","1,78652249760908","405,570627909849","4528178,07484958"
"4529624,07484958",1,"19696163140,3578","846960,378882773","283288,560474748","7087,14848547978","5,58966466242418",0,0,"-115,268553934289","159,105782736629","114,916907137285","19685492420,6148","-26,2525096893311","26,0801078328066","-0,0000831","1,78652249760908","405,570627909849","4530178,07484958"
"4531624,07484958",1,"19698527132,7712","497486,249362447","283323,766513129","7086,16678098964","5,58966466242418",0,0,"-115,290811519001","159,051667885496","114,936284531585","19687865343,8152","-26,233748626709","26,0801078328066","-0,0000832","1,78652249760908","405,570627909849","4532178,07484958"
"4533624,07484958",1,"19700889138,0639","148018,125336526","283358,942761983","7085,18599812417","5,58966466242418",0,0,"-115,313067982297","158,997683754022","114,95564745789","19690236282,9812","-26,2149822235107","26,0801078328066","-0,0000832","1,78652249760908","405,570627909849","4534178,07484958"
"4535624,07484958",1,"19703249155,5643","201475,026363985","283394,089211867","7084,20613688304","5,58966466242418",0,0,"-115,335323653097","158,943829742823","114,974995911676","19692605237,4246","-26,196208190918","26,0801078328066","-0,0000832","1,78652249760908","405,570627909849","4536178,07484958"
"4537624,07484958",1,"19705607184,5179","550945,331403529","283429,205852132","7083,22719726574","5,58966466242418",0,0,"-115,357578218092","158,890105358579","114,994329888114","19694972206,4474","-26,1774276733398","26,0801078328066","-0,0000833","1,78652249760908","405,570627909849","4538178,07484958"
"4539624,07484958",1,"19707963224,2743","900419,140781076","283464,292673643","7082,24917927158","5,58966466242418",0,0,"-115,379831533482","158,836509639925","115,013649571226","19697337189,3671","-26,1586400985718","26,0801078328066","-0,0000833","1,78652249760908","405,570627909849","4540178,07484958"
"4541624,07484958",1,"19710317274,1792","1249893,12626496","283499,349667215","7081,27208289965","5,58966466242418",0,0,"-115,402084059748","158,783042994534","115,032954767636","19699700185,4967","-26,1398487091064","26,0801078328066","-0,0000833","1,78652249760908","405,570627909849","4542178,07484958"
"4543624,07484958",1,"19712669333,4476","1599365,79549002","283534,376821748","7080,29590814886","5,58966466242418",0,0,"-115,424335951304","158,729704364047","115,052245661409","19702061194,1385","-26,1210498809814","26,0801078328066","-0,0000833","1,78652249760908","405,570627909849","4544178,07484958"
"4545624,07484958",1,"19715019401,4885","1821051,37585909","283569,374128978","7079,32065501794","5,58966466242418",0,0,"-115,446586456474","158,676493798438","115,071521871036","19704420214,6101","-26,1022455215454","26,0801078328066","-0,0000834","1,78652249760908","405,570627909849","4546178,07484958"
"4547624,07484958",1,"19717367477,587","1471590,38902435","283604,341578833","7078,34632350543","5,58966466242418",0,0,"-115,468836328088","158,623410169075","115,090783768653","19706777246,2252","-26,0834342956543","26,0801078328066","-0,0000834","1,78652249760908","405,570627909849","4548178,07484958"
"4549624,07484958",1,"19719713561,0546","1122117,29915408","283639,279161625","7077,37291360966","5,58966466242418",0,0,"-115,491085120986","158,570453961904","115,110031161326","19709132288,2949","-26,0646165847778","26,0801078328066","-0,0000834","1,78652249760908","405,570627909849","4550178,07484958"
"4551624,07484958",1,"19722057651,2938","772643,905138042","283674,186868985","7076,40042532879","5,58966466242418",0,0,"-115,513333286606","158,517624212163","115,12926404417","19711485340,1471","-26,0457925796509","26,0801078328066","-0,0000835","1,78652249760908","405,570627909849","4552178,07484958"
"4553624,07484958",1,"19724399747,5808","423171,452738497","283709,064690717","7075,4288586608","5,58966466242418",0,0,"-115,535580535368","158,464920841433","115,148482412591","19713836401,0988","-26,0269626617432","26,0801078328066","-0,0000835","1,78652249760908","405,570627909849","4554178,07484958"
"4555624,07484958",1,"19726739849,1659","73714,4721136699","283743,912616232","7074,45821360348","5,58966466242418",0,0,"-115,557826708594","158,412342887211","115,167686261984","19716185470,459","-26,0081268310547","26,0801078328066","-0,0000835","1,78652249760908","405,570627909849","4556178,07484958"
"4557624,07484958",1,"19729077955,4575","275785,614601032","283778,730637257","7073,48849015441","5,58966466242418",0,0,"-115,580072278738","158,359890329023","115,186875776271","19718532547,5529","-25,989284324646","26,0801078328066","-0,0000836","1,78652249760908","405,570627909849","4558178,07484958"
"4559624,07484958",1,"19731414065,7891","625256,288845464","283813,518744426","7072,51968831103","5,58966466242418",0,0,"-115,602316933789","158,307563029799","115,206050762329","19720877631,7044","-25,9704359054565","26,0801078328066","-0,0000836","1,78652249760908","405,570627909849","4560178,07484958"
"4561624,07484958",1,"19733748179,4248","974728,919551896","283848,276927352","7071,55180807056","5,58966466242418",0,0,"-115,62456083921","158,255360155506","115,225211403826","19723220722,229","-25,9515810012817","26,0801078328066","-0,0000836","1,78652249760908","405,570627909849","4562178,07484958"
"4563624,07484958",1,"19736080295,7994","1324201,50913438","283883,005178142","7070,58484943005","5,58966466242418",0,0,"-115,646803830042","158,203281401642","115,244357507565","19725561818,4641","-25,932720375061","26,0801078328066","-0,0000837","1,78652249760908","405,570627909849","4564178,07484958"
"4565624,07484958",1,"19738410414,137","1673671,82219397","283917,703485837","7069,61881238639","5,58966466242418",0,0,"-115,669046069301","158,15132647698","115,263489068607","19727900919,729","-25,9138530731201","26,0801078328066","-0,0000837","1,78652249760908","405,570627909849","4566178,07484958"
"4567624,07484958",1,"19740738533,8191","1746753,92791653","283952,371841765","7068,65369693624","5,58966466242418",0,0,"-115,691287716708","158,099494955553","115,282606271278","19730238025,3522","-25,8949785232544","26,0801078328066","-0,0000837","1,78652249760908","405,570627909849","4568178,07484958"
"4569624,07484958",1,"19743064654,2474","1397286,11773641","283987,010237546","7067,68950307613","5,58966466242418",0,0,"-115,713528620017","158,047786320876","115,301708921972","19732573134,6715","-25,876099395752","26,0801078328066","-0,0000837","1,78652249760908","405,570627909849","4570178,07484958"
"4571624,07484958",1,"19745388774,6461","1047814,14067599","284021,618662221","7066,72623080238","5,58966466242418",0,0,"-115,735768634896","157,996199736833","115,320797204763","19734906247,0067","-25,8572145462036","26,0801078328066","-0,0000838","1,78652249760908","405,570627909849","4572178,07484958"
"4573624,07484958",1,"19747710894,3871","698342,128651072","284056,197106977","7065,76388011115","5,58966466242418",0,0,"-115,758008220668","157,944734815947","115,339871115037","19737237361,6873","-25,8383220672607","26,0801078328066","-0,0000838","1,78652249760908","405,570627909849","4574178,07484958"
"4575624,07484958",1,"19750031012,8393","348871,51580617","284090,745562961","7064,80245099841","5,58966466242418",0,0,"-115,780247068699","157,893392091046","115,358930459074","19739566478,0547","-25,819423866272","26,0801078328066","-0,0000838","1,78652249760908","405,570627909849","4576178,07484958"
"4577624,07484958",1,"19752349129,3114","1844,08880215135","284125,264020439","7063,84194345996","5,58966466242418",0,0,"-115,802485186136","157,842170342963","115,377975421312","19741893595,4401","-25,8005197525024","26,0801078328066","-0,0000839","1,78652249760908","405,570627909849","4578178,07484958"
"4579624,07484958",1,"19754665243,0987","350082,479550186","284159,752469485","7062,88235749143","5,58966466242418",0,0,"-115,82472273043","157,791069440131","115,3970056188","19744218713,171","-25,7816106796265","26,0801078328066","-0,0000839","1,78652249760908","405,570627909849","4580178,07484958"
"4581624,07484958",1,"19756979353,6005","699552,742759236","284194,210901683","7061,92369308825","5,58966466242418",0,0,"-115,846959556308","157,74008855507","115,41602142485","19746541830,5886","-25,7626953125","26,0801078328066","-0,0000839","1,78652249760908","405,570627909849","4582178,07484958"
"4583624,07484958",1,"19759291460,1674","1049024,17042014","284228,639307915","7060,9659502457","5,58966466242418",0,0,"-115,869195662806","157,689228090424","115,435022834807","19748862947,0254","-25,7437734603882","26,0801078328066","-0,000084","1,78652249760908","405,570627909849","4584178,07484958"
"4585624,07484958",1,"19761601562,0957","1398495,31508296","284263,037678265","7060,00912895889","5,58966466242418",0,0,"-115,891431504558","157,638486770316","115,45401003296","19751182061,8213","-25,7248449325562","26,0801078328066","-0,000084","1,78652249760908","405,570627909849","4586178,07484958"
"4587624,07484958",1,"19763909658,7716","1747961,9652689","284297,406004128","7059,05322922274","5,58966466242418",0,0,"-115,913666642002","157,587864815664","115,472982636447","19753499174,3165","-25,705912399292","26,0801078328066","-0,000084","1,78652249760908","405,570627909849","4588178,07484958"
"4589624,07484958",1,"19766215749,4952","1672464,99285288","284331,744275648","7058,098251032","5,58966466242418",0,0,"-115,935901376171","157,537361398467","115,491940829539","19755814283,8413","-25,6869724273682","26,0801078328066","-0,0000841","1,78652249760908","405,570627909849","4590178,07484958"
"4591624,07484958",1,"19768519833,6411","1322996,21402076","284366,05248405","7057,14419438127","5,58966466242418",0,0,"-115,958135710257","157,486976765738","115,510884607554","19758127389,7408","-25,6680257797241","26,0801078328066","-0,0000841","1,78652249760908","405,570627909849","4592178,07484958"
"4593624,07484958",1,"19770821910,581","973525,412614803","284400,330620518","7056,19105926496","5,58966466242418",0,0,"-115,980369491464","157,43670995989","115,529813965801","19760438491,3602","-25,6490749359131","26,0801078328066","-0,0000841","1,78652249760908","405,570627909849","4594178,07484958"
"4595624,07484958",1,"19773121979,6375","624054,787906143","284434,578675518","7055,2388456773","5,58966466242418",0,0,"-116,002602731564","157,386560760025","115,548728899282","19762747588,04","-25,6301177978516","26,0801078328066","-0,0000841","1,78652249760908","405,570627909849","4596178,07484958"
"4597624,07484958",1,"19775420040,1322","274586,364663639","284468,79663951","7054,28755361239","5,58966466242418",0,0,"-116,024835581535","157,336528648604","115,567629214166","19765054679,1221","-25,6111549377441","26,0801078328066","-0,0000842","1,78652249760908","405,570627909849","4598178,07484958"
"4599624,07484958",1,"19777716091,5171","74910,7601151109","284502,98450484","7053,33718306412","5,58966466242418",0,0,"-116,047068195357","157,286613381972","115,586515473446","19767359763,9639","-25,5921852111816","26,0801078328066","-0,0000842","1,78652249760908","405,570627909849","4600178,07484958"
"4601624,07484958",1,"19780010133,0708","424365,435122749","284537,142261342","7052,38773402624","5,58966466242418",0,0,"-116,069300119053","157,236814634088","115,605387104366","19769662841,911","-25,5732089996338","26,0801078328066","-0,0000842","1,78652249760908","405,570627909849","4602178,07484958"
"4603624,07484958",1,"19782302164,111","773834,929797023","284571,269899407","7051,43920649234","5,58966466242418",0,0,"-116,091532123527","157,187131419502","115,624244291651","19771963912,3053","-25,5542278289795","26,0801078328066","-0,0000843","1,78652249760908","405,570627909849","4604178,07484958"
"4605624,07484958",1,"19784592184,0835","1123305,11590568","284605,3674113","7050,4916004558","5,58966466242418",0,0,"-116,11376329559","157,137564280179","115,643086841021","19774262974,5041","-25,5352415084839","26,0801078328066","-0,0000843","1,78652249760908","405,570627909849","4606178,07484958"
"4607624,07484958",1,"19786880192,2697","1472774,74604967","284639,434786886","7049,5449159099","5,58966466242418",0,0,"-116,135994243914","157,088112103716","115,661914936948","19776560027,8539","-25,5162490844727","26,0801078328066","-0,0000843","1,78652249760908","405,570627909849","4608178,07484958"
"4609624,07484958",1,"19789166188,0365","1822231,61492231","284673,472017278","7048,5991528477","5,58966466242418",0,0,"-116,158224666562","157,038775121106","115,680728764286","19778855071,708","-25,4972499847412","26,0801078328066","-0,0000844","1,78652249760908","405,570627909849","4610178,07484958"
"4611624,07484958",1,"19791450170,7496","1598188,95984601","284707,479093573","7047,65431126212","5,58966466242418",0,0,"-116,180454873295","156,989552529828","115,699527939068","19781148105,4189","-25,4782459259033","26,0801078328066","-0,0000844","1,78652249760908","405,570627909849","4612178,07484958"
"4613624,07484958",1,"19793732139,7476","1248720,45316843","284741,456006469","7046,71039114593","5,58966466242418",0,0,"-116,202684718599","156,940443664014","115,718312835796","19783439128,3355","-25,4592353820801","26,0801078328066","-0,0000844","1,78652249760908","405,570627909849","4614178,07484958"
"4615624,07484958",1,"19796012094,4059","899250,853549816","284775,402747202","7045,76739249172","5,58966466242418",0,0,"-116,224914359422","156,89144905134","115,737083070069","19785728139,8124","-25,4402189254761","26,0801078328066","-0,0000845","1,78652249760908","405,570627909849","4616178,07484958"
"4617624,07484958",1,"19798290034,1669","549781,666973563","284809,319307979","7044,82531529192","5,58966466242418",0,0,"-116,247143488497","156,842567750971","115,755839016495","19788015139,2159","-25,4211961746216","26,0801078328066","-0,0000845","1,78652249760908","405,570627909849","4618178,07484958"
"4619624,07484958",1,"19800565958,2611","200316,214122519","284843,205677932","7043,8841595388","5,58966466242418",0,0,"-116,269372266456","156,793799397498","115,774580291138","19790300125,8903","-25,4021684646606","26,0801078328066","-0,0000845","1,78652249760908","405,570627909849","4620178,07484958"
"4621624,07484958",1,"19802839866,1162","149171,572561084","284877,061849052","7042,9439252245","5,58966466242418",0,0,"-116,291601151868","156,745143326207","115,793307457895","19792583099,1948","-25,3831356048584","26,0801078328066","-0,0000845","1,78652249760908","405,570627909849","4622178,07484958"
"4623624,07484958",1,"19805111757,143","498634,509343999","284910,887813095","7042,00461234095","5,58966466242418",0,0,"-116,31382984221","156,696599634585","115,81201994294","19794864058,498","-25,3640953063965","26,0801078328066","-0,0000846","1,78652249760908","405,570627909849","4624178,07484958"
"4625624,07484958",1,"19807381630,6247","848103,082380981","284944,683559949","7041,06622087997","5,58966466242418",0,0,"-116,336058341801","156,648167797626","115,830718120792","19797143003,1521","-25,3450496673584","26,0801078328066","-0,0000846","1,78652249760908","405,570627909849","4626178,07484958"
"4627624,07484958",1,"19809649486,0384","1197572,00901415","284978,44908233","7040,12875083319","5,58966466242418",0,0,"-116,358286653907","156,599847330589","115,849401986694","19799419932,529","-25,3259979248047","26,0801078328066","-0,0000846","1,78652249760908","405,570627909849","4628178,07484958"
"4629624,07484958",1,"19811915322,6663","1547039,99887645","285012,184370115","7039,1922021921","5,58966466242418",0,0,"-116,38051493543","156,551637575305","115,868071346276","19801694845,992","-25,3069417953491","26,0801078328066","-0,0000847","1,78652249760908","405,570627909849","4630178,07484958"
"4631624,07484958",1,"19814179139,8764","1873309,7640926","285045,889414428","7038,25657494803","5,58966466242418",0,0,"-116,402743036764","156,503538784368","115,886726194107","19803967742,9046","-25,2878789901733","26,0801078328066","-0,0000847","1,78652249760908","405,570627909849","4632178,07484958"
"4633624,07484958",1,"19816440937,0806","1523926,39545028","285079,564207038","7037,32186909216","5,58966466242418",0,0,"-116,424970962239","156,455551021804","115,905366335983","19806238622,6379","-25,268811416626","26,0801078328066","-0,0000847","1,78652249760908","405,570627909849","4634178,07484958"
"4635624,07484958",1,"19818700713,6785","1174458,61221012","285113,20873953","7036,38808461552","5,58966466242418",0,0,"-116,447198864962","156,407672478431","115,92399233608","19808507484,5652","-25,2497386932373","26,0801078328066","-0,0000848","1,78652249760908","405,570627909849","4636178,07484958"
"4637624,07484958",1,"19820958468,9164","824990,249138431","285146,823001256","7035,45522150896","5,58966466242418",0,0,"-116,469426750658","156,359903328713","115,942604000241","19810774328,0402","-25,2306608200073","26,0801078328066","-0,0000848","1,78652249760908","405,570627909849","4638178,07484958"
"4639624,07484958",1,"19823214202,2614","475522,561300363","285180,406984785","7034,52327976321","5,58966466242418",0,0,"-116,491654620812","156,312243426686","115,961201323363","19813039152,4402","-25,2115766525269","26,0801078328066","-0,0000848","1,78652249760908","405,570627909849","4640178,07484958"
"4641624,07484958",1,"19825467913,1016","126062,324308042","285213,960681537","7033,59225936883","5,58966466242418",0,0,"-116,513882327327","156,264692874738","115,979783920771","19815301957,1387","-25,1924861907959","26,0801078328066","-0,0000848","1,78652249760908","405,570627909849","4642178,07484958"
"4643624,07484958",1,"19827719600,7961","223425,22769206","285247,484082502","7032,66216031624","5,58966466242418",0,0,"-116,536110026872","156,217250683355","115,998352357271","19817562741,504","-25,1733911514282","26,0801078328066","-0,0000849","1,78652249760908","405,570627909849","4644178,07484958"
"4645624,07484958",1,"19829969264,685","572889,882508273","285280,977178401","7031,73298259571","5,58966466242418",0,0,"-116,5583380283","156,169916978367","116,016906057968","19819821504,9101","-25,1542900085449","26,0801078328066","-0,0000849","1,78652249760908","405,570627909849","4646178,07484958"
"4647624,07484958",1,"19832216904,1631","922357,426566152","285314,43996075","7030,80472619734","5,58966466242418",0,0,"-116,580565875257","156,122691082765","116,035445398262","19822078246,7225","-25,1351829528809","26,0801078328066","-0,0000849","1,78652249760908","405,570627909849","4648178,07484958"
"4649624,07484958",1,"19834462518,6022","1271825,06486952","285347,872420728","7029,87739111111","5,58966466242418",0,0,"-116,602793572016","156,0755726878","116,053969992905","19824332966,3161","-25,1160713195801","26,0801078328066","-0,000085","1,78652249760908","405,570627909849","4650178,07484958"
"4651624,07484958",1,"19836706107,4571","1621291,14666876","285381,274550724","7028,95097732683","5,58966466242418",0,0,"-116,625021580387","156,028560787628","116,072480597272","19826585663,0742","-25,0969537734985","26,0801078328066","-0,000085","1,78652249760908","405,570627909849","4652178,07484958"
"4653624,07484958",1,"19838947670,0469","1799135,78878254","285414,646341146","7028,02548483417","5,58966466242418",0,0,"-116,647249597718","155,98165537151","116,090976826403","19828836336,3708","-25,0778301239014","26,0801078328066","-0,000085","1,78652249760908","405,570627909849","4654178,07484958"
"4655624,07484958",1,"19841187205,6997","1449677,33055686","285447,987782544","7027,10091362266","5,58966466242418",0,0,"-116,669477779431","155,934856231799","116,109458675439","19831084985,5729","-25,0587005615234","26,0801078328066","-0,0000851","1,78652249760908","405,570627909849","4656178,07484958"
"4657624,07484958",1,"19843424713,9548","1100210,47229439","285481,298868529","7026,17726368168","5,58966466242418",0,0,"-116,691706129735","155,888163929409","116,127925759166","19833331610,0768","-25,0395660400391","26,0801078328066","-0,0000851","1,78652249760908","405,570627909849","4658178,07484958"
"4659624,07484958",1,"19845660194,131","750743,365503041","285514,57958951","7025,25453500046","5,58966466242418",0,0,"-116,713934499262","155,841577046993","116,146378453","19835576209,2637","-25,0204259872437","26,0801078328066","-0,0000851","1,78652249760908","405,570627909849","4660178,07484958"
"4661624,07484958",1,"19847893645,5623","401277,282196924","285547,829936114","7024,33272756808","5,58966466242418",0,0,"-116,736162891069","155,795095692755","116,164816751762","19837818782,5098","-25,0012804031372","26,0801078328066","-0,0000851","1,78652249760908","405,570627909849","4662178,07484958"
"4663624,07484958",1,"19850125067,5991","51834,6911341034","285581,049899209","7023,41184137351","5,58966466242418",0,0,"-116,758391460868","155,74871924384","116,183240650866","19840059329,1901","-24,9821290969849","26,0801078328066","-0,0000852","1,78652249760908","405,570627909849","4664178,07484958"
"4665624,07484958",1,"19852354459,7591","297666,933470589","285614,239472099","7022,49187640553","5,58966466242418",0,0,"-116,780620060301","155,702447174585","116,201650144817","19842297848,6975","-24,9629734039307","26,0801078328066","-0,0000852","1,78652249760908","405,570627909849","4666178,07484958"
"4667624,07484958",1,"19854581821,3389","647131,729179122","285647,398644861","7021,57283265281","5,58966466242418",0,0,"-116,802848997301","155,656279311912","116,220045229316","19844534340,4151","-24,9438123703003","26,0801078328066","-0,0000852","1,78652249760908","405,570627909849","4668178,07484958"
"4669624,07484958",1,"19856807151,8243","996598,17924876","285680,52741034","7020,65471010386","5,58966466242418",0,0,"-116,825078427078","155,610215438615","116,238426089359","19846768803,7373","-24,9246444702148","26,0801078328066","-0,0000853","1,78652249760908","405,570627909849","4670178,07484958"
"4671624,07484958",1,"19859030450,5034","1346064,50279414","285713,625758486","7019,73750874708","5,58966466242418",0,0,"-116,847307895413","155,564255513251","116,256792339622","19849001238,0419","-24,9054719924927","26,0801078328066","-0,0000853","1,78652249760908","405,570627909849","4672178,07484958"
"4673624,07484958",1,"19861251716,828","1695528,07010695","285746,69368165","7018,82122857069","5,58966466242418",0,0,"-116,869537561785","155,518399363622","116,275143974824","19851231642,7201","-24,8862939834595","26,0801078328066","-0,0000853","1,78652249760908","405,570627909849","4674178,07484958"
"4675624,07484958",1,"19863470950,202","1724904,09497737","285779,731171468","7017,90586956279","5,58966466242418",0,0,"-116,891767578828","155,472646014026","116,293481180571","19853460017,1703","-24,8671106338501","26,0801078328066","-0,0000854","1,78652249760908","405,570627909849","4676178,07484958"
"4677624,07484958",1,"19865688149,952","1375441,6421039","285812,738218461","7016,99143171134","5,58966466242418",0,0,"-116,913997950687","155,426994984179","116,311804142253","19855686360,77","-24,8479206085205","26,0801078328066","-0,0000854","1,78652249760908","405,570627909849","4678178,07484958"
"4679624,07484958",1,"19867903315,5485","1025975,80831869","285845,714815245","7016,07791500418","5,58966466242418",0,0,"-116,936228525392","155,38144608866","116,330112664633","19857910672,9118","-24,8287261962891","26,0801078328066","-0,0000854","1,78652249760908","405,570627909849","4680178,07484958"
"4681624,07484958",1,"19870116446,3168","676509,969964274","285878,660952316","7015,16531942897","5,58966466242418",0,0,"-116,958459920805","155,335998676716","116,348406742461","19860132952,9872","-24,8095262527466","26,0801078328066","-0,0000854","1,78652249760908","405,570627909849","4682178,07484958"
"4683624,07484958",1,"19872327541,7567","327045,7063254","285911,576622717","7014,25364497327","5,58966466242418",0,0,"-116,980691072609","155,290653290117","116,366686180366","19862353200,403","-24,790322303772","26,0801078328066","-0,0000855","1,78652249760908","405,570627909849","4684178,07484958"
"4685624,07484958",1,"19874536601,2063","22491,9549237361","285944,461817131","7013,3428916245","5,58966466242418",0,0,"-117,00292304894","155,245408566873","116,384951544962","19864571414,5477","-24,7711112976074","26,0801078328066","-0,0000855","1,78652249760908","405,570627909849","4686178,07484958"
"4687624,07484958",1,"19876743624,049","371895,909148365","285977,316526904","7012,43305936993","5,58966466242418",0,0,"-117,025155396357","155,200264894604","116,403202259672","19866787594,8187","-24,7518955230713","26,0801078328066","-0,0000855","1,78652249760908","405,570627909849","4688178,07484958"
"4689624,07484958",1,"19878948609,697","721360,245132394","286010,140743795","7011,5241481967","5,58966466242418",0,0,"-117,047388121402","155,155222245463","116,421438509965","19869001740,606","-24,7326742172241","26,0801078328066","-0,0000856","1,78652249760908","405,570627909849","4690178,07484958"
"4691624,07484958",1,"19881151557,5968","1070825,57263976","286042,934460073","7010,61615809182","5,58966466242418",0,0,"-117,069620916932","155,110279830276","116,439660290858","19871213851,3153","-24,7134479522705","26,0801078328066","-0,0000856","1,78652249760908","405,570627909849","4692178,07484958"
"4693624,07484958",1,"19883352467,1238","1420290,53371492","286075,697666959","7009,70908904217","5,58966466242418",0,0,"-117,091854551108","155,065436843372","116,457867787927","19873423926,3449","-24,694215965271","26,0801078328066","-0,0000856","1,78652249760908","405,570627909849","4694178,07484958"
"4695624,07484958",1,"19885551337,696","1769749,66119154","286108,430356305","7008,80294103449","5,58966466242418",0,0,"-117,114088725548","155,020693249344","116,476060996536","19875631965,0943","-24,6749786376953","26,0801078328066","-0,0000856","1,78652249760908","405,570627909849","4696178,07484958"
"4697624,07484958",1,"19887748168,6924","1650682,17698788","286141,13251939","7007,8977140554","5,58966466242418",0,0,"-117,136323132036","154,976049173904","116,494239529887","19877837966,9683","-24,6557371139526","26,0801078328066","-0,0000857","1,78652249760908","405,570627909849","4698178,07484958"
"4699624,07484958",1,"19889942959,5107","1301219,14944307","286173,804147763","7006,99340809138","5,58966466242418",0,0,"-117,158558237041","154,931503815014","116,512403573867","19880041931,3646","-24,6364889144897","26,0801078328066","-0,0000857","1,78652249760908","405,570627909849","4700178,07484958"
"4701624,07484958",1,"19892135709,637","951754,398384399","286206,445234261","7006,09002312877","5,58966466242418",0,0,"-117,1807935857","154,887057736615","116,530553314145","19882243857,6966","-24,6172359466553","26,0801078328066","-0,0000857","1,78652249760908","405,570627909849","4702178,07484958"
"4703624,07484958",1,"19894326418,3633","602289,869977686","286239,055768897","7005,18755915379","5,58966466242418",0,0,"-117,203029940599","154,842709250863","116,548688745758","19884443745,3572","-24,5979766845703","26,0801078328066","-0,0000858","1,78652249760908","405,570627909849","4704178,07484958"
"4705624,07484958",1,"19896515085,1945","252827,840695071","286271,635744787","7004,28601615255","5,58966466242418",0,0,"-117,225266387971","154,798459218294","116,566809481941","19886641593,7561","-24,5787136077881","26,0801078328066","-0,0000858","1,78652249760908","405,570627909849","4706178,07484958"
