TimeSinceMark,CurrentStage,AltitudeASL,DownRange,SpeedSurface,SpeedOrbital,Mass,Acceleration,Q,AoA,AoS,AoD,AltitudeTrue,Pitch,GravityLosses,DragLosses,SteeringLosses,DeltaVExpended
0,5,80.9336032066378,0,0,174.966811693532,92.8830626254712,1.09290529804016,0.00466617009794434,0.243301841886816,0.379903835144331,0.488308160703962,8.51044777398696,89.9622985839844,0,0,0,0
0.0199999995529652,5,80.9372342473711,0.0126440545532682,0.176627569840702,174.966747489197,92.8705165630017,1.11565002186323,0.00946064124176365,0.233801805391874,0.37416989651927,0.499322503684938,8.51154640451656,89.9602508544922,0.000531617429639128,1.60812234192418E-07,0.283553350714198,0.284104987816732
0.239999994635582,5,81.0844025116996,0,1.15602816542,174.966563771676,92.7211644893323,1.41968057454307,0.620134834457694,-0.0576616099374347,-0.131093537170737,0.140967655390947,8.58680445744307,89.9614074707031,0.0141284340074475,1.14056331474567E-05,3.6039425643588,3.6232053439906
0.459999989718199,5,81.4946918564616,0,2.44426090831407,174.97713081714,92.5651324039136,1.58679730207173,3.05954197090283,-0.0529277639475226,-0.109573388137989,0.120457707142539,8.88449758833623,89.9668762207031,0.043528753732033,6.43095106113525E-05,7.02762400203357,7.09180257943091
0.679999984800816,5,82.1961101344554,0,3.78339890788402,174.998519910826,92.4081204181348,1.61480360404416,7.59263635387518,-0.0510066578762277,-0.100179931391566,0.112062937491549,9.46599299080204,89.9696929931641,0.0894214190712069,0.00019598806919147,10.4482899369707,10.5845777749895
0.899999979883432,5,83.1938921149471,0,5.13509403686568,175.030544338653,92.2509610896741,1.62127561809412,14.2281636773101,-0.0504763961901023,-0.0975978364157438,0.108164220335357,10.3423184692499,89.9741424560547,0.151963035349115,0.000444008178210734,13.8503261104938,14.0861094072065
1.11999997496605,5,84.4899306726758,0,6.49378281392118,175.073352021709,92.0937850719129,1.62459156390214,22.9800799723515,-0.0502244140491584,-0.0968324869482702,0.107435591871359,11.5162136801099,89.9749633789063,0.23123011624054,0.000846425144814364,17.231341256291,17.5941683918813
1.33999997004867,5,86.0856237030355,0,7.85852338488635,175.127038757401,91.9366009479199,1.62741829487745,33.8698845380839,-0.0500335186184287,-0.0970198691273713,0.107981945360713,12.9892087987124,89.9866851806641,0.327283212253572,0.0014418963983293,20.5907884429513,21.1083776155906
1.55999996513128,5,87.9822876906721,0,9.22924132286954,175.191698460099,91.7794187312757,1.63018228038082,46.9221509812897,-0.0500257257773977,-0.0978903810904479,0.10761469886949,14.7626355834608,89.99208984375,0.440178379618773,0.00226974522103606,23.9285419195094,24.6287895912256
1.7799999602139,5,90.1812395098154,0.0178813934326172,10.6059524302044,175.267455762129,91.6222388988172,1.63295227051086,62.1618214391845,-0.0500456505188519,-0.0991208960159511,0.108516557235702,16.8378134221607,89.9901123046875,0.569968498387502,0.00336995832659169,27.2444796690008,28.1554568595009
1.99999995529652,5,92.6837992137647,0.0219001448999331,11.9886686371743,175.3544299843,91.4650628810559,1.63572742620485,79.6135272266631,-0.0501086347249017,-0.100569176103813,0.111186665035681,19.2160580599029,89.9972015380859,0.716703174100661,0.00478320799031108,30.5384819325357,31.6884316079962
2.21999995037913,5,95.4912894634879,0.0282729654923235,13.3774047580037,175.452731996148,91.307878757063,1.63850801999971,99.3015710242052,-0.0501944498508583,-0.102205287862624,0.111195275040153,21.8986933336011,89.9944030761719,0.880428709530901,0.00655083633693068,33.8104328679698,35.2277680375079
2.43999994546175,5,98.6050365693634,0.0346271694857545,14.7721758345072,175.562479216729,91.1507008319531,1.64129431747862,121.249997165712,-0.0503021708799726,-0.10397643342088,0.114145781375164,24.8870439216471,89.9888061523438,1.06118805323826,0.00871485480658893,37.0602186433407,38.7735190875025
2.65999994054437,5,102.026370274089,0.0438002897998663,16.1729938906883,175.683787894365,90.9935186153089,1.64408567865458,145.482334321156,-0.0504077155680524,-0.105840440428534,0.115852611485431,28.1824357764469,89.9940673828125,1.25902070839207,0.0113179427015232,40.2877299467954,42.3257391633008
2.87999993562698,5,105.756621486647,0.0521327724591968,17.5798728212617,175.816768346193,90.836340690199,1.64688210972293,172.02185380571,-0.0505240942395066,-0.107795209420144,0.117019380841373,31.7862012292433,90,1.47396270645355,0.0144034572810439,43.4928607523639,45.8844827022067
3.0999999307096,5,109.797126462671,0.0625848770141602,18.9928270328713,175.961538731968,90.6791565662061,1.64968434765649,200.891453515992,-0.0506363991239975,-0.109818649647487,0.117859317972044,35.6996718459297,89.9940673828125,1.70604656028314,0.0180154122885228,46.67550858873,49.4498049444678
3.31999992579222,5,114.149222846027,0.0737268738559067,20.411870089879,176.118208431422,90.5219805484448,1.65249159349786,232.113619690759,-0.0507555573001126,-0.111893560853248,0.120802866583341,39.9241915995802,89.996044921875,1.95530121284721,0.0221984821582881,49.8355751853294,53.0217604822093
3.53999992087483,5,118.814251503511,0.0852888108566654,21.8370148560542,176.286888786816,90.3647964244519,1.65530413734866,265.710380879808,-0.0508652570397717,-0.114019885910254,0.123681909244577,44.4610917430848,89.996044921875,2.22175198731377,0.0269980008210788,52.9729664476273,56.6004050472123
3.75999991595745,5,123.793556664209,0.0971208258676549,23.2682709113621,176.467689888953,90.2076184993421,1.65811969854711,301.703396024412,-0.0509814573068476,-0.116215371094358,0.125421479461614,49.3117206188093,90,2.5054205063648,0.0324599566510321,56.0875914394131,60.1857950111074
3.97999991104007,5,129.088482180785,0.110951128417172,24.705651497716,176.660717051228,90.0504386668836,1.66094069810419,340.113725619659,-0.05110852620137,-0.118435027975367,0.126968429919966,54.4774216685246,90,2.8063247020482,0.0386310567295472,59.1793656207248,63.7779866545545
4.19999990612268,5,134.700376642973,0.125169754028321,26.1491384676846,176.866067117096,89.8932583575879,1.6637581979205,380.96145386347,-0.0511572387380656,-0.120742943370261,0.130162653825508,59.9595361468359,89.996044921875,3.12447845412687,0.0455586080467512,62.2482077739556,67.3770364438092
4.4199999012053,5,140.630591632926,0.140798232686731,27.5988040558022,177.083874571994,89.736074233595,1.66659315793032,424.268057972173,-0.0512002311777151,-0.123064339902447,0.131062727970886,65.7594220642443,90,3.4598924609534,0.0532905632402442,65.2940418600059,70.9830023028532
4.63999989628792,5,146.880483168317,0.156653661739248,29.054629708224,177.314221004497,89.5788963084851,1.66943016897564,470.052952837764,-0.0512227487772195,-0.125452828074159,0.133582200997531,71.8784342842409,89.9924255371094,3.81257339194919,0.0618755223101431,68.3167942830207,74.5959412241319
4.85999989137053,5,153.451410393813,0.173596929063925,30.5166287435474,177.557220178594,89.4217183833753,1.67226947477441,518.335354508659,-0.0512310726766505,-0.127822913983281,0.136477528127868,78.3179274720221,90,4.18252405989954,0.0713627050545069,71.3163996715296,78.2159111935188
5.07999988645315,5,160.344727201527,0.192380858582408,31.9848089108936,177.812954816757,89.264536166731,1.67511086409232,569.133828149434,-0.0512734438985449,-0.130257099636958,0.138325646399619,85.0792484907713,89.996044921875,4.56974343494001,0.0818019589922782,74.2927955715173,81.8429707245207
5.29999988153577,5,167.56179990666,0.211575500360715,33.459181180424,178.081533963074,89.1073520427381,1.67795590366157,622.466583886008,-0.051280113056345,-0.132699111118526,0.140015943782337,92.1637651155866,89.9972015380859,4.9742266050138,0.0932437782514402,77.245925313814,85.4771786287966
5.51999987661839,5,175.103986922302,0.232113986952554,34.9397535261654,178.363048432682,88.9501760249768,1.68080569021057,678.351144967308,-0.0513292895886414,-0.135165907440141,0.142237711453354,99.5728520224779,89.9980224609375,5.39596477080934,0.105739248124728,80.1757374132962,89.1185940678699
5.739999871701,5,182.972657162347,0.253512505509101,36.4265456661918,178.657588725401,88.792998099867,1.68366060652294,736.805261224995,-0.0513412444735588,-0.137683365907563,0.145903441292003,107.307851850503,90,5.83494537285135,0.119340052953626,83.0821836253738,92.767275956119
5.95999986678362,5,191.16918003005,0.276439633972772,37.9195627886935,178.96525587408,88.635813975874,1.68651858513201,797.844923777699,-0.0513716866307582,-0.140190805418998,0.147768408524887,115.370146923191,90,6.29115189295948,0.134098417600533,85.9652243768681,96.423284777471
6.17999986186624,5,199.694922348356,0.300545745741817,39.4188028234612,179.286123764277,88.4786360507642,1.68937469601718,861.485805641216,-0.0514127347811995,-0.142725139469712,0.150260936794217,123.761109043901,90,6.764563837065,0.150067348901806,88.8248235739415,100.086680776204
6.39999985694885,5,208.551257845038,0.328623818447995,40.9242788935469,179.620277206679,88.3214538341199,1.69223536823815,927.743054508935,-0.0514316589200212,-0.145300564082985,0.152718319555829,132.477759261343,89.9980224609375,7.25515686379686,0.167300227288416,91.6609502144722,103.757524430619
6.61999985203147,5,217.739559748757,0.363612760442431,42.4360146372274,179.967813653454,88.16427590901,1.6951052869261,996.632347874736,-0.0514579280953315,-0.147868468382689,0.155514098714378,141.525009004428,90,7.7629029101639,0.185851019149175,94.473580515221,107.435876806756
6.83999984711409,5,227.261204315501,0.386626988240004,43.9540137214259,180.328808555074,88.0070960765515,1.69797670534692,1068.16726540555,-0.0514796191787935,-0.150471353242201,0.156765303042301,150.921423958254,89.996044921875,8.28777002151448,0.205774401610697,97.2626935833541,111.121799838591
7.0599998421967,5,237.117572114221,0.410980401083044,45.4782828686788,180.703339505692,87.8499114757215,1.70084983259624,1142.36159661687,-0.0514976042590235,-0.153086435536386,0.160458973179404,160.630665865787,89.9980224609375,8.82972237765199,0.227125474004647,100.028275054899,114.81535462589
7.27999983727932,5,247.310043792764,0.450508213782707,47.0088331443103,181.091477855522,87.692731643263,1.70372680524705,1219.22766013052,-0.0515080640352513,-0.155718519897895,0.163125889342081,170.688656322173,90,9.3887203923578,0.249960159650888,102.770316551094,118.516603579842
7.49999983236194,5,257.840001826873,0.477553738155627,48.5456717732692,181.493300488539,87.5355537181531,1.70660637968525,1298.77790144985,-0.0515240137619229,-0.158364419329109,0.165387207578497,181.083585303555,89.9980224609375,9.96472067428786,0.27433494917873,105.488814826722,122.225609284765
7.71999982744455,5,268.708830738685,0.500998224954211,50.0888070924058,181.908877389007,87.3783715015088,1.70948807010643,1381.02323831153,-0.0515180306622343,-0.161025931402786,0.167153658893485,191.810069602651,90,10.5576760770236,0.300306628164535,108.18377222341,125.942435094735
7.93999982252717,5,279.917916472361,0.544869267410986,51.6382480916657,182.338278784956,87.2211935763989,1.71237319636386,1465.97533256821,-0.0515159326501099,-0.163700788533362,0.170397963665519,202.879975683378,90,11.1675357364515,0.327932442981171,110.855196022736,129.667143641946
8.15999981760979,5,291.468647617009,0.571225864111086,53.1940029705178,182.781563952651,87.064009452406,1.71526099712545,1553.64297534859,-0.0515183829389993,-0.166391975034982,0.173023227329879,214.31091621304,90,11.7942451381958,0.357270212415321,113.503099536068,133.399798981972
8.3799998126924,5,303.362412366935,0.617879124039594,54.7560803362658,183.238797762577,86.9068315272962,1.7181514267455,1644.03675305375,-0.0515210920018091,-0.16909314193841,0.175938169073008,226.048781544194,90,12.4377461233199,0.388378185360597,116.127501482692,137.140465031234
8.59999980777502,5,315.600603949791,0.660644288131431,56.3244878022166,183.710039337148,86.7496493106519,1.72104460965347,1737.16408546729,-0.0515106761539744,-0.171803838156757,0.17803978313576,238.156176752486,89.9901123046875,13.0979769506644,0.421315099034012,118.728426295729,140.889206574565
8.81999980285764,5,328.18461698764,0.705125718824798,57.8992344250155,184.195346044397,86.592471385542,1.72394028857255,1833.03391743936,-0.0515013299517771,-0.174529073569125,0.1808739495543,250.588713684207,90,13.7748723540381,0.456140097647809,121.305903000333,144.646088087113
9.03999979794025,5,341.115844664955,0.745838471817093,59.4803274593628,184.694766229631,86.4352872615491,1.72683864697819,1931.65236866071,-0.0514865792187749,-0.177261979455997,0.18398386688413,263.390289349625,90,14.4683635962377,0.492912772898471,123.859966799987,148.41117458785
9.25999979302287,5,354.395685736416,0.774080544301803,61.0677735819847,185.208352241942,86.2781112437879,1.72973910546518,2033.02628785795,-0.051468413884888,-0.180004585156693,0.186202778169073,276.511099554439,90,15.1783785097297,0.531693170478406,126.390658263403,152.184532044363
9.47999978810549,5,368.025538826815,0.831292499333293,62.6615810552244,185.736157822631,86.1209314113294,1.73264172559651,2137.1611973354,-0.0514422177746612,-0.18275588042436,0.188190570347597,290.000957540664,90,15.9048415475371,0.572541699929051,128.898022707406,155.96622642447
9.6999997831881,5,382.006803613447,0.876233892810538,64.2617596210439,186.278224483154,85.9637491946851,1.73554799422995,2244.0613334163,-0.0514145424609192,-0.185511541323534,0.191178868547406,303.834125479594,89.996044921875,16.6476739049729,0.615519154070346,131.38211092526,159.756323700854
9.91999977827072,5,396.340882861032,0.931249854109827,65.8683181254231,186.834594280943,85.8065669780408,1.73845707037894,2353.7310559997,-0.051376577899378,-0.188274378436342,0.193922638830662,318.031982077241,89.9940673828125,17.4067935708514,0.660686664466332,133.842978806567,163.554890440494
10.1399997733533,5,411.02918084485,0.973797439594827,67.4812635072394,187.405305903856,85.6493890529309,1.74136825028885,2466.17284011174,-0.0513327905573276,-0.19104731639426,0.19643173230855,332.5727095563,89.9980224609375,18.1821153702247,0.708105751729473,136.280687284135,167.361993872723
10.359999768436,5,426.07310389484,1.04556469245283,69.1006035064683,187.990399103488,85.4922092204724,1.74428178817374,2581.39102517571,-0.0512883087788253,-0.193819451006429,0.199398749679954,347.465756229322,89.996044921875,18.9735510398806,0.757838260668817,138.695302606732,171.177700924623
10.5799997635186,5,441.474058834044,1.08580703446536,70.7263454568229,188.589905020037,85.3350270038281,1.74719749629829,2699.38452891253,-0.0512532680858861,-0.196596979341268,0.202611100920056,362.720366973197,89.9901123046875,19.7810093174797,0.809946376439794,141.086895690849,175.0020794094
10.7999997586012,5,457.23345775815,1.15515047175911,72.3584990114139,189.203853574783,85.1778447871839,1.75011625916533,2820.15512826802,-0.0512073013659151,-0.199377518078249,0.205296261018081,378.333773503156,89.99208984375,20.6043960464031,0.864492514008557,143.455542732714,178.835197641823
11.0199997536838,5,473.352708825388,1.20692782750174,73.9970703828716,189.832278878237,85.020666862074,1.75303751995132,2943.70308078564,-0.0511555976164927,-0.202161843241135,0.207663375813154,394.309774861902,90,21.4436141854627,0.921539420331799,145.80132407097,182.67712416593
11.2399997487664,5,489.833225561713,1.2739786956711,75.6420691900823,190.475201210626,84.8634827380811,1.75596139177918,3070.02720491924,-0.051104767497783,-0.204946323645967,0.211215278395023,410.644477265987,90,22.2985639715535,0.981150034225642,148.124325175416,186.527927156853
11.459999743849,5,506.676424588484,1.35645426676315,77.2935044876046,191.132649745071,84.7063067203198,1.7588884066508,3199.12568762707,-0.0510575714675452,-0.207736878272054,0.2135198699543,427.335450628653,89.99208984375,23.1691429637251,1.04338758165244,150.424635699338,190.387676357484
11.6799997389317,5,523.883721890661,1.40192291245486,78.9513858633966,191.804642489313,84.5491225963269,1.76181847764942,3330.9949072874,-0.0509986047793019,-0.210519538832692,0.215980193121065,444.408269826429,89.9980224609375,24.0552461566934,1.10831544805632,152.702350340685,194.256440937437
11.8999997340143,5,541.456534783088,1.48197273501053,80.6157194005482,192.491194776913,84.3919446712171,1.76475046185911,3465.63289370303,-0.0509325453471327,-0.213308047152146,0.218949706489056,461.820989974468,90,24.9567660360673,1.17599719520939,154.957567636717,198.134290464994
12.1199997290969,5,559.396286240825,1.55824827640346,82.2865145385716,193.192324097887,84.2347667461072,1.76768544521637,3603.03264535813,-0.0508571058971686,-0.216088735013246,0.220814955320095,479.598963384719,90,25.8735926867407,1.24649656092231,157.190391040923,202.021295673524
12.3399997241795,5,577.704398655298,1.63066641647544,83.9637794769274,193.908041285572,84.0775845294629,1.77062333708072,3743.1913852337,-0.0507798121000092,-0.218873108164767,0.223545579521746,497.76962583736,89.996044921875,26.805613886499,1.3198773859003,159.400927392584,205.917526534687
12.5599997192621,5,596.382296506234,1.70453392218448,85.6475253427921,194.63836271065,83.9204046970044,1.77356442629349,3886.10077017716,-0.0507153094059664,-0.221658752499075,0.22702186809555,516.281241515637,90,27.7527151888066,1.3962037393784,161.589287601589,209.823053579945
12.7799997143447,5,615.431405043195,1.78856397593726,87.3377599325058,195.383293075836,83.7632224803601,1.77650865528615,4031.75539723128,-0.0506415573699553,-0.224448663244622,0.229678978361506,535.187065579861,89.9901123046875,28.7147800256938,1.47553981412183,163.755586738996,213.737948233966
12.9999997094274,5,634.853153104871,1.85469360654226,89.0344943902531,196.142838626124,83.6060445552503,1.77945637040388,4180.14618384504,-0.0505512279714598,-0.227226135406867,0.231120108982126,554.458996092489,89.9980224609375,29.6916898135255,1.55794965954641,165.899944037749,217.662282531425
13.21999970451,5,654.64897261525,1.9503018671668,90.7377372041631,196.917004910883,83.448862338606,1.78240713504021,4331.263604682,-0.0504710227859144,-0.230005370132909,0.234650918888946,574.100550579256,89.996044921875,30.6833240141378,1.6434974372481,168.022481556471,221.596127160172
13.4399996995926,5,674.820295898803,2.02804092182546,92.4475005500632,197.705790738484,83.2916825061475,1.7853618493301,4485.09935950002,-0.0503695497329597,-0.232779967313515,0.236642266866477,594.12011270638,89.9940673828125,31.6895602862911,1.73224739260802,170.123325694448,225.539555136927
13.6599996946752,5,695.368558428739,2.1018625323616,94.1637957506454,198.50920239118,83.1345021968518,1.78832086313194,4641.64205644861,-0.0502879091297813,-0.23555031137105,0.240254697087381,614.508621774839,89.996044921875,32.7102745207637,1.82426376357918,172.202605599975,229.492637860287
13.8799996897578,5,716.295200036361,2.20525506071292,95.8866341081016,199.327230102711,82.9773223643933,1.79128389117655,4800.87930096552,-0.0501874237259139,-0.23831158969389,0.242443566543409,635.29438351952,89.9980224609375,33.7453410041139,1.91961066788098,174.260454543738,233.45544886761
14.0999996848404,5,737.601660067891,2.30477566092591,97.6160300122833,200.159877623667,82.820140147749,1.79425294251472,4962.79977439923,-0.0501024154516686,-0.241074936982183,0.245809343608383,656.439466304203,89.9841796875,34.7946324672659,2.01834439097328,176.297007759027,237.428060637574
14.3199996799231,5,759.28938459201,2.38631198371908,99.3520119483208,201.007144901312,82.6629579311048,1.79723364417165,5127.39078443537,-0.0500009076565349,-0.2438619508352,0.248027842961499,677.96194069523,89.9980224609375,35.8580203179412,2.12050476169093,178.312402230555,241.410546918434
14.5399996750057,5,781.359752895357,2.49623227595726,101.093840563243,201.844623881008,82.5057800059949,1.79982839657729,5294.57570076623,-0.0495906918730582,-0.302110640915199,0.305904949169253,699.877655219541,89.9680236816406,36.9354864595281,2.22661202353691,180.304387476897,245.40298070057
14.7599996700883,5,803.813866212405,2.61858644536276,102.840281326183,202.68540458677,82.3486001735364,1.80186491334771,5464.19811740023,-0.0482351533232062,-0.518055729705781,0.520155372783372,722.169817949576,89.7716461181641,38.0269530913667,2.33889599273395,182.264153420677,249.405436439921
14.9799996651709,5,826.652542135713,2.73528338557333,104.589487198733,203.566746493091,82.1914179568921,1.80308122937334,5636.04385990063,-0.0472044255734997,-0.872085267938595,0.873237248247785,744.853143528578,89.4234375,39.1321195059782,2.4598130867998,184.182808418691,253.417988181085
15.1999996602535,5,849.876229856536,2.85147960269234,106.339682014938,204.519657490357,82.0342400317822,1.80385434510936,5809.87608801694,-0.0463903221528106,-1.22230378742927,1.22301827079294,767.93401748959,89.0414886474609,40.2504890557206,2.59010532212132,186.058880174997,257.440710460212
15.4199996553361,5,873.485119008389,2.92274643956459,108.090556950217,205.509802942891,81.877057815138,1.80446928088487,5985.60165281984,-0.0459312271757567,-1.52673833432554,1.52729886413968,791.37943871791,88.6901794433594,41.3817313443465,2.72940161492673,187.894822341828,261.473677538028
15.6399996504188,5,897.479421133653,3.00354186520678,109.842544707406,206.53258961982,81.7198779826795,1.80522844745474,6163.22146786037,-0.0458342557503798,-1.79223284851596,1.7926863604305,815.220741840622,88.3658599853516,42.52554885085,2.87736174198321,189.69286604306,265.51696411383
15.8599996455014,5,921.859417455073,3.04692857641552,111.595988946317,207.586806706341,81.562699819151,1.80617312704136,6342.73235336574,-0.0458498361380169,-2.02323888460218,2.023622803211,839.434154071815,88.0652770996094,43.6816521251368,3.0337252812018,191.455002253457,269.570645184765
16.079999640584,5,946.625442910346,3.06779264259887,113.351244146382,208.671210762476,81.4055178409253,1.80729165090861,6524.13243566656,-0.0459200488669693,-2.22408738758873,2.22446126255765,864.042596327439,87.7850769042969,44.849760382696,3.19820889186167,193.182995433588,273.63479522813
16.2999996356666,5,971.777898459148,3.05286501240209,115.108698388572,209.784625476895,81.248335624281,1.80858576391157,6707.4208034935,-0.0460492346560324,-2.39863316288827,2.39896638811717,889.028717690492,87.5225646972656,46.0296016394992,3.37053402233718,194.878413964539,277.709489704966
16.5199996307492,5,997.317248567112,2.96992665884583,116.868726791988,210.925993077788,81.0911576991712,1.81004419129299,6892.60442695317,-0.0462184795395744,-2.55019972306454,2.55053997087235,914.421952668419,87.2752075195313,47.2209122034438,3.55044691510755,196.542658250589,281.794803574084
16.7399996258318,5,1023.24402380311,2.87283103521698,118.631687143314,212.094351065204,80.9339776282941,1.81165289365826,7079.68117141335,-0.0464059276821909,-2.68166324113692,2.68201838637902,940.193579746858,87.0410308837891,48.423436254771,3.73771734382891,198.17698353123,285.890812200092
16.9599996209145,5,1049.55880726912,2.72997406771965,120.397916989234,213.288822826066,80.7767956500684,1.8134001019119,7268.65740904873,-0.0465829144003719,-2.79556198766523,2.79588290255562,966.338661263148,86.8181823730469,49.6369253868315,3.93213682338663,199.78251777149,289.997591508696
17.1799996159971,5,1076.26223809877,2.511874382239,122.167738971266,214.508608892797,80.6196134334241,1.81527407155588,7459.53041196823,-0.0467667566914987,-2.89413085404704,2.89444067280266,992.882700826958,86.6050872802734,50.8611382304587,4.13351710271281,201.360277402212,294.11521725168
17.3999996110797,5,1103.35500300028,2.26947571269106,123.941454897478,215.752985449223,80.4624355083142,1.81726465945393,7652.29951491109,-0.0469109898458823,-2.97931627469079,2.97959261610414,1019.81673467405,86.4002685546875,52.0958399927993,4.34168828196266,202.911182193415,298.243765256261
17.6199996061623,5,1130.83783716502,1.97263460691373,125.719348913633,217.021301387537,80.3052554374372,1.81936295340751,7846.96210314143,-0.0470409518303021,-3.05281951781937,3.05310982718535,1047.14363161618,86.2026550292969,53.3408020448076,4.55649751142747,204.436067667763,302.383311391214
17.8399996012449,5,1158.71151766242,1.66683459287907,127.501686939815,218.312961977473,80.1480734592114,1.82156001934663,8043.51453467177,-0.0471427221511139,-3.11611985457899,3.11641394512169,1074.85352549119,86.0111572265625,54.5958015509568,4.77780749685035,205.935696328036,306.533932137638
18.0599995963275,5,1186.97686101103,1.37253527223798,129.288721565548,219.627439508771,79.990895295683,1.82384914070838,8241.95016446864,-0.0471998833781572,-3.17053267574205,3.17077751684572,1102.95682580613,85.8248687744141,55.860621103566,5.00549524362825,207.410765575254,310.69570396058
18.2799995914102,5,1215.63472049373,1.21191795329627,131.08068811072,220.964251053267,79.8337133174573,1.82622355549079,8442.26604294934,-0.0472473300046796,-3.21718721091519,3.21745216248132,1131.46158759595,85.6429718017578,57.1350483917793,5.2394508576105,208.86191719055,314.868703146344
18.4999995864928,5,1244.68598442171,1.32801703401977,132.877809319813,222.322966304212,79.676531100813,1.8286781315057,8644.45120912998,-0.0472665013435821,-3.25707678757268,3.25738733352826,1160.33929747765,85.4648254394531,58.4188758955936,5.47957635405297,210.289743783122,319.053006309124
18.7199995815754,5,1274.13157109597,1.76680021284132,134.680295915854,223.70319767937,79.5193531757031,1.83120740809258,8848.49680240472,-0.0472594358578914,-3.29106524668326,3.29133460804252,1189.64169322436,85.2898040771484,59.7119006093974,5.72578467845404,211.69479513881,323.248690870921
18.939999576658,5,1303.97242612232,2.41635458240755,136.48834439139,225.104593914482,79.3621731048261,1.83380595417664,9054.39169939757,-0.0472377410637605,-3.31992098348834,3.32018528474448,1219.30963523412,85.1174011230469,61.0139237715102,5.97799868835779,213.077582866346,327.455833667251
19.1599995717406,5,1334.20952443952,3.24244200048441,138.302141747452,226.526839321492,79.2049911266004,1.83647071918648,9262.1236835765,-0.0472102534617542,-3.34429613471869,3.34456903677564,1249.38833048353,84.9471588134766,62.3247506345676,6.23615033402646,214.438585972569,331.674511926874
19.3799995668232,5,1364.84386301611,4.16851295293263,140.121863709937,227.969648423271,79.0478132014905,1.83919655332431,9471.67850306567,-0.0471551483979221,-3.36477272657172,3.36506028214907,1279.85367975179,84.7786712646484,63.644190252208,6.50017966356145,215.778254179226,335.90480268738
19.5999995619059,5,1395.87646160226,5.20529021350895,141.947677325603,229.432760464021,78.8906309848462,1.84198097098122,9683.04376773101,-0.0470910477353654,-3.38185240661506,3.38209447522494,1310.71435461267,84.6116149902344,64.9720553061443,6.77003421523426,217.09701184277,340.146784373351
19.8199995569885,5,1427.30835926634,6.36546840422844,143.779741215741,230.915943406096,78.7334509139691,1.84482097653008,9896.20123960606,-0.0470170393472511,-3.39598541388598,3.39627139008489,1341.98579444777,84.4456817626953,66.3081619034054,7.04566839381424,218.39526021538,344.400533817986
20.0399995520711,5,1459.14061495484,7.63108760429871,145.618208303772,232.418984138042,78.5762689357434,1.84771361381895,10111.1331513405,-0.0469244855743276,-3.40754894090063,3.40779335690022,1373.65846054675,84.2806213378906,67.6523294635509,7.32704285561853,219.673381058624,348.666129761262
20.2599995471537,5,1491.3743043971,8.99424757879551,147.463222430636,233.941688228868,78.4190886264478,1.85065682980119,10327.8233581276,-0.0468340359744056,-3.41688378820996,3.41712275543505,1405.71969331241,84.1161743164062,69.0043805534489,7.61412383984116,220.931738293363,352.943649617235
20.4799995422363,5,1524.01051926309,10.4880698617025,149.314924191075,235.483881633676,78.2619087939893,1.85364846098233,10546.2489120177,-0.0467356142546134,-3.42428420432556,3.42455193281394,1438.186028088,83.952197265625,70.3641407747686,7.90688276484329,222.170680139996,357.233171382568
20.6999995373189,5,1557.05036768405,12.0825833759565,151.173446388469,237.045398598133,78.1047287231122,1.85668660682174,10766.3940167756,-0.0466268245804189,-3.43000080392767,3.43025310065877,1471.07500343779,83.7884918212891,71.7314386755638,8.2052957262193,223.390541056025,361.534773694373
20.9199995324016,5,1590.49496771977,13.7861455635287,153.038916051648,238.62609270382,77.9475467448865,1.8597684970288,10988.2338175142,-0.0465313667259969,-3.43426403850363,3.43446860002857,1505.2848984891,83.6249450683594,73.1061055992739,8.50934337035439,224.591642750699,365.848535089996
21.1399995274842,5,1624.34545226677,15.6240561738221,154.911456273351,240.225826873226,77.7903707271253,1.86289333643624,11211.7478383694,-0.0464325384593698,-3.43727143827134,3.4375399562506,1539.38452250526,83.461376953125,74.4879756292917,8.81901016640439,225.774295830205,370.174533462015
21.3599995225668,5,1658.60296232583,17.5646648589727,156.791188076083,241.844476436857,77.633188510481,1.8660598516156,11436.9031463545,-0.0463304699759034,-3.43918771557435,3.43940764021094,1574.3329542013,83.2977355957031,75.8768855032076,9.13428397833783,226.93880097168,374.512848239473
21.5799995176494,5,1693.26864989504,19.6390579685998,158.678227051759,243.481923366191,77.4760105853711,1.86926647101753,11663.6900101349,-0.0462304255360929,-3.44017175971254,3.44038093612961,1611.3485541099,83.1339019775391,77.2726745491781,9.45515628659028,228.085449340784,378.863557884279
21.799999512732,5,1728.34367483399,21.8414852785311,160.572684841438,245.138058611966,77.3188283687268,1.87251185205282,11892.0719878696,-0.0461256201187377,-3.44035048593596,3.44060287636575,1646.25469734155,82.9697845458984,78.6751846013971,9.78162132692919,229.214524305466,383.226741001862
22.0199995078146,5,1763.82920686734,24.1515343423711,162.474672166085,246.812782383557,77.1616463905011,1.87579514874375,12122.0301069112,-0.0460260479798013,-3.43983881569384,3.44007930442748,1681.58438990753,82.805322265625,80.0842599604027,10.1136762242797,230.326301392536,387.602477028
22.2399995028973,5,1799.72642341512,26.6242704574617,164.384293262121,248.505998114808,77.004466319624,1.87911440795988,12353.5292748269,-0.0459316647683507,-3.43873805290301,3.43900345086994,1717.30771233081,82.6404357910156,81.4997473158263,10.4513206029693,231.421049428214,391.990844929152
22.4599994979799,5,1836.03650513028,29.2043708128455,166.301651479497,250.217616679758,76.8472864871655,1.88246916241861,12586.5472191119,-0.0458301860721986,-3.43713517073897,3.43736341609694,1753.43377260227,82.4751220703125,82.9214957106518,10.7945564352211,232.499030646974,396.391924564192
22.6799994930625,5,1872.76064046599,31.9266971898413,168.226850550728,251.947555905921,76.6901061778699,1.88585979963679,12821.0496245462,-0.0457380872470829,-3.43510913682705,3.43536356640284,1789.9802816536,82.3092956542969,84.3493564907625,11.1433878533285,233.560501745114,400.805794481637
22.8999994881451,5,1909.90002478157,34.8114611934632,170.15999320992,253.695738913552,76.5329263454114,1.88928518491024,13057.0123626443,-0.04565730098171,-3.43271419069259,3.43293484051428,1826.95927455735,82.1429565429687,85.7831832873784,11.4978208113481,234.605714227493,405.232534842068
23.1199994832277,5,1947.45585664082,37.8180141882975,172.101173102688,255.462088820783,76.3757462745343,1.89274302723744,13294.3977922356,-0.045568850215258,-3.43002870960791,3.43026469092194,1864.3396740795,81.9760406494141,87.2228319329278,11.857863172854,235.634913952277,409.672224677033
23.3399994783103,5,1985.42933761332,40.9868647410046,174.050483829758,257.246530954305,76.2185662036572,1.8962324182871,13533.1797826267,-0.0454901430297991,-3.42709378053478,3.42730111661868,1902.13855788787,81.8085357666016,88.6681604452024,12.2235243571744,236.648342207054,414.12494386092
23.559999473393,5,2023.82167301674,44.2920770890937,176.008021779256,259.048999557528,76.0613842254315,1.89975474927746,13773.3205413348,-0.0454142954422958,-3.42395543515653,3.42420350028163,1940.35978432472,81.6404113769531,90.1190289964876,12.5948151329734,237.646236047171,418.590771807602
23.7799994684756,5,2062.6340699035,47.7594670900643,177.973883041443,260.869434300221,75.9042060619031,1.90330965185412,14014.7907863572,-0.0453383323407684,-3.42065132088373,3.42088558751091,1978.99245331707,81.4716674804688,91.5752998807503,12.9717479687173,238.628828101327,423.069788559187
23.9999994635582,5,2101.86773842275,51.3833959323748,179.948159719751,262.707772569993,75.7470219379102,1.90689598591212,14257.5543775362,-0.0452804241179383,-3.41721510660536,3.41744989197508,2018.05800084952,81.3022857666016,93.0368374872755,13.3543360164332,239.596347176384,427.562073783159
24.2199994586408,5,2141.5238929116,55.1693991638306,181.930941494054,264.563952123168,75.5898440128003,1.91051221322822,14501.5736340614,-0.0452165434520547,-3.41367591339168,3.41390751391378,2057.5383357591,81.132275390625,94.5035082727619,13.7425936301225,240.549018273418,432.06770749432
24.4399994537234,5,2181.60374483475,59.1062420885736,183.922316972953,266.437919254064,75.432661796156,1.9141586226972,14746.8195300457,-0.0451625463567523,-3.41007042809546,3.41029256765648,2097.43852715025,80.9615600585937,95.9751806971717,14.1365364485233,241.48706218504,436.586770005727
24.659999448806,5,2222.10851109369,63.2344647861017,185.92237782523,268.329619121331,75.2754819636975,1.91783578698531,14993.2458162045,-0.0451016477896563,-3.4064055846777,3.40666805093177,2137.76870675239,80.7902008056641,97.4517252456107,14.5361803746548,242.410696896927,441.11934074756
24.8799994438887,5,2263.03940649948,67.504315980575,187.931212908776,270.239000594297,75.1183016544019,1.92154270226167,15240.8214427681,-0.0450462671001141,-3.40271435759385,3.40294187604387,2178.51193368887,80.6181793212891,98.9330143766,14.9415422451028,243.320136400382,445.665500330173
25.0999994389713,5,2304.39764545099,71.9654379245097,189.948909221517,272.166013037868,74.9611218219434,1.92527889708699,15489.5084755713,-0.0449880788525733,-3.39900905880354,3.39926921540339,2219.70133729263,80.4454772949219,100.418922496365,15.3526394946045,244.21559162743,450.225328687912
25.3199994340539,5,2346.18444520008,76.5974988648433,191.97555648884,274.11061190946,74.8039438968335,1.92904528235839,15739.2596317901,-0.044947408893523,-3.39530611117747,3.39554068079479,2261.3000539738,80.2721160888672,101.909325934515,15.7694901120278,245.097270204003,454.798906148232
25.5399994291365,5,2388.40102090641,81.4004465141068,194.011242122208,276.072750209883,74.6467616801892,1.93284050290658,15990.0470807886,-0.0448989780652377,-3.39161306585708,3.39183693378171,2303.34421971047,80.0980743408203,103.404102926544,16.1921124281001,245.96537682935,459.386312927923
25.7599994242191,5,2431.04858863783,86.4092168058223,196.056054992403,278.052385829054,74.4895797019635,1.93666607252916,16241.8200740651,-0.0448617940346993,-3.38794773546659,3.38816958787725,2345.80248561257,79.9233703613281,104.90313358785,16.6205246562723,246.820113013198,463.987629211458
25.9799994193017,5,2474.12836098744,91.5740709061329,198.110081106042,280.049475034721,74.3324015384351,1.9405200406733,16494.5426472004,-0.044823226361806,-3.3843210390713,3.38457925016993,2388.70879143636,79.7479919433594,106.406299890125,17.0547455112872,247.661677280663,468.602934756254
26.1999994143844,5,2517.64155279819,96.9446494998417,200.173405797198,282.063977320966,74.1752195602094,1.94440254559474,16748.1729603952,-0.0447910761903797,-3.38073749650514,3.38095037089151,2432.04072446691,79.5719818115234,107.913485618364,17.4947937548518,248.490265048209,473.232310783148
26.419999409467,5,2561.58937499131,102.520887579173,202.246122497593,284.095860704903,74.0180394893323,1.94831608287508,17002.669717426,-0.0447542619528958,-3.37720725903874,3.37744511463873,2475.80036281112,79.3952728271484,109.424576375995,17.9406878034422,249.306069200054,477.875836576091
26.6399994045496,5,2605.9730399268,108.282457906215,204.328316800692,286.145085374877,73.8608594184552,1.95225859833919,17257.9830138185,-0.0447263114814052,-3.37373573588312,3.37397686434363,2519.99478690506,79.2179565429688,110.939459554281,18.3924456900689,250.109279475888,482.53359316979
26.8599993996322,5,2650.79375742737,114.249581648324,206.420074354027,288.211616059283,73.7036774402295,1.95622955291925,17514.0682032,-0.0447074731048511,-3.37032827061161,3.37058054968601,2564.63967314469,79.0399719238281,112.458024294977,18.850085536603,250.900083103831,487.205660306054
27.0799993947148,5,2696.05273542763,120.422202122892,208.521485676682,290.295422154579,73.5464992767011,1.96023040363881,17770.8900399222,-0.0446726330199564,-3.3669887724981,3.36720988237316,2609.71617484337,78.8613708496094,113.980161479601,19.3136247140034,251.67866438462,491.892119022269
27.2999993897974,5,2741.75117824795,126.794681426941,210.632640051873,292.39647497006,73.3893172984754,1.96426157492587,18028.3944905988,-0.0446502953069822,-3.36372569323764,3.36395806463295,2655.21811803694,78.6821441650391,115.505763700446,19.7830801517055,252.4452050448,496.593049017677
27.5199993848801,5,2787.89029142798,133.372540197387,212.753627413511,294.514743455237,73.2321393733655,1.9683230844702,18286.5405504582,-0.044635993603212,-3.36053573133705,3.36076135601489,2701.17497054835,78.5022827148437,117.034725257313,20.2584680951917,253.199884232223,501.308530552169
27.7399993799627,5,2834.47127892,140.170412857638,214.884541666855,296.650206106827,73.0749571567212,1.97241600037787,18545.2804250303,-0.044608919244529,-3.35743195301986,3.35768406807339,2747.56666571306,78.321826171875,118.566942120151,20.7398038918834,253.942878110772,506.038643707563
27.9599993750453,5,2881.49534215648,147.202936857219,217.025471427644,298.802837901745,72.9177773242627,1.976539201881,18804.5654341999,-0.044597333809762,-3.35440891637542,3.35465065641969,2794.40280026987,78.1407318115234,120.102311892942,21.2271023333732,254.674360430144,510.783469103016
28.1799993701279,5,2928.96367854407,154.440648845052,219.17650829603,300.972614805187,72.7605970149671,1.98069287020666,19064.3506174857,-0.0445924878437778,-3.35147549898359,3.35173715310691,2842.01970451475,77.9590698242187,121.640733812507,21.7203770484523,255.394502329932,515.543086465723
28.3999993652105,5,2976.87748725605,161.892605627393,221.33774859834,303.159520529116,72.6034171825086,1.98488007569373,19324.5785454767,-0.0445836893038799,-3.34862695450677,3.34888542454344,2890.94013240294,77.7768218994141,123.182108722319,22.2196404076032,256.10347248877,520.317576130163
28.6199993602932,5,3025.23796276783,169.599282546245,223.509290664857,305.363541390452,72.4462349658643,1.98910075426596,19585.2135066206,-0.0445651491547776,-3.34586714385844,3.34610149496885,2940.38161482307,77.5939849853516,124.726339058135,22.7249033645271,256.801436932505,525.107018512331
28.8399993553758,5,3074.04630288277,177.520067316741,225.691228077599,307.58465999463,72.2890548949872,1.99335289237227,19846.1996999218,-0.0445621909700451,-3.3431964795857,3.34342065659133,2989.52183750895,77.4105987548828,126.273328812202,23.2361760564617,257.48855944244,529.911493312374
29.0599993504584,5,3123.30369916594,185.680730673201,227.883657622915,309.822863172491,72.1318748241101,1.99763946331113,20107.4858555233,-0.0445449532222604,-3.3406168890455,3.34084314588159,3038.6605845748,77.2266418457031,127.822983518479,23.7534662937729,258.165001259942,534.731080442117
29.279999345541,5,3173.01134332772,194.090315594787,230.08668538442,312.078148572195,71.9746947532331,2.00196213563566,20369.0204630736,-0.0445436150570506,-3.33813651060356,3.33839267475889,3088.25132183523,77.042138671875,129.375210242607,24.2767814432451,258.83092096498,539.565859574433
29.4999993406236,5,3223.17042840987,202.748745969507,232.300408969254,314.35050645971,71.8175168281232,2.00631886781126,20630.756961231,-0.0445326959668558,-3.33574270564782,3.33595801263911,3138.34434260338,76.8570861816406,130.929917538647,24.806126215514,259.486474858022,544.415911317838
29.7199993357062,5,3273.78214501115,211.641257406023,234.524930021033,316.639931928378,71.6603367572461,2.01071123278901,20892.6437989266,-0.0445224882437661,-3.333444690566,3.33366839476832,3189.01076760385,76.671533203125,132.487015439797,25.3415039937513,260.131817061397,549.281315088382
29.9399993307889,5,3324.84768301939,220.782457527789,236.760356966469,318.946426956148,71.5031547790204,2.01514157479197,21154.6274023734,-0.0445249960056562,-3.33124194557702,3.33145360697147,3240.13941439896,76.4854370117187,134.046415443562,25.882916330266,260.767099078299,554.162150464305
30.1599993258715,5,3376.36823137149,230.186951784375,239.006794489092,321.269992061944,71.3459747081433,2.01960884260817,21416.6509094039,-0.0445372165003351,-3.32912893064132,3.3293137880247,3291.70811603436,76.2988494873047,135.60803048194,26.4303629519612,261.392470398987,559.058497199624
30.3799993209541,5,3428.34498065492,239.845537679153,241.264347929504,323.610629925882,71.188792491499,2.02411370311348,21678.6698620355,-0.0445417900614457,-3.32711777663164,3.32731382397578,3343.70581347168,76.1117492675781,137.171774890533,26.983841198361,262.008077723011,563.970435016365
30.5999993160367,5,3480.77911739632,249.781933327465,243.533134533803,325.968354039222,71.0316145663892,2.02865999960053,21940.6233010591,-0.0445586675430314,-3.3251958093811,3.32544805886641,3396.16556488336,75.9241729736328,138.737564418113,27.5433461784232,262.61406621801,568.898042571396
30.8199993111193,5,3533.67183285813,259.966682237759,245.813264707646,328.343172759907,70.8744323497449,2.03324655568259,22202.4653427676,-0.0445587115721826,-3.3233680162026,3.3236107006904,3449.08895461739,75.7361206054688,140.305316186874,28.1088704216284,263.210578111517,573.841400213435
31.0399993062019,5,3587.02431847149,270.434622242124,248.104853000666,330.735099827262,70.7172525172864,2.03787400921505,22464.1304921309,-0.0445522256365577,-3.32163730600755,3.32185484978126,3502.47749728936,75.5476043701172,141.874948673062,28.6804041100149,263.797753595433,578.800587127132
31.2599993012846,5,3640.83776633198,281.165415372083,250.408017777427,333.144154222703,70.5600703006421,2.04254443531588,22725.5794627901,-0.0445573893594224,-3.31999810211251,3.32022190063582,3556.26791104107,75.3586242675781,143.446381689338,29.2579354937276,264.375730962014,583.775682384512
31.4799992963672,5,3695.11336938239,292.193890119116,252.722881090422,335.570357314587,70.402890229765,2.0472592811123,22986.7409781056,-0.0445618572608711,-3.31845080326798,3.31869432683219,3610.29171542568,75.1692138671875,145.019536374822,29.841449913596,264.944646225762,588.766764972238
31.6999992914498,5,3749.85232233903,303.485031756711,255.049564942059,338.013733442746,70.2457123046552,2.05201917006646,23247.5712489698,-0.0445812996199095,-3.31700100742981,3.3172191847837,3664.76697464343,74.9793640136719,146.594335163822,30.4309305332213,265.504632991719,593.773914204886
31.9199992865324,5,3805.05582393806,315.068098825295,257.388192730019,340.474309709561,70.0885322337781,2.05682408996381,23508.0066115851,-0.0445973130650358,-3.31564161580906,3.31587917378818,3719.76988449843,74.7890777587891,148.170701762448,31.0263574295317,266.055823060681,598.797208782215
32.139999281615,5,3860.72507272125,326.954092307315,259.738891164341,342.952114443212,69.9313502555524,2.06167600635546,23768.0062417368,-0.0446154413445095,-3.31437093919916,3.31460360094001,3775.25359357143,74.5984069824219,149.748561143218,31.6277079057648,266.598346256483,603.836727476696
32.3599992766976,5,3916.86127110154,339.131802054343,262.101795615149,345.447189361745,69.7741701846753,2.06657822855775,24027.4995753111,-0.0446276307613385,-3.31320032113659,3.31342798833399,3831.20352612489,74.4073059082031,151.327839516158,32.2349562616337,267.132329800587,608.892549084714
32.5799992717803,5,3973.46562514582,351.586450237044,264.477040607828,347.95957131634,69.6169901137982,2.07153115621199,24286.435551509,-0.0446438909387193,-3.31211799449033,3.31235834517444,3887.62097278542,74.2158233642578,152.908464331207,32.8480740492232,267.657899470411,613.964752021139
32.7999992668629,5,4030.53936256835,364.352853199006,266.86476015276,350.48885832824,69.4598100429212,2.07648273042944,24544.7517774545,-0.0446679522745567,-3.31129182507877,3.31151303130275,3944.5563577389,74.0240020751953,154.490367170582,33.4670357531825,268.175175058592,619.053415005716
33.0199992619455,5,4088.08380692937,377.445639437593,269.265096845814,353.034058616651,69.3026299720441,2.08140260349077,24802.4067197773,-0.0446937514334409,-3.3108523388838,3.3111050764708,4002.02211384292,73.8321594238281,156.073488371241,34.0918237607243,268.6842750436,624.158615887364
33.2399992570281,5,4146.10034370843,390.83535295049,271.678175985717,355.595095559681,69.1454479938184,2.08635020020458,25059.3203419964,-0.0447177353271626,-3.31073551202001,3.31097499242698,4060.09902864017,73.6404174804688,157.657770545788,34.7224166526935,269.185318826396,629.280433181729
33.4599992521107,5,4204.59036832397,404.551217335368,274.104117242138,358.17204020188,68.9882657771741,2.09134680520804,25315.4393536245,-0.0447564743591194,-3.31091340172779,3.31112872685909,4118.75513884211,73.4488067626953,159.243157185085,35.3587889262593,269.678424495433,634.418945486438
33.6799992471933,5,4263.55528766876,418.558237881481,276.543047330601,360.764971492045,68.8310878520642,2.09639578589474,25570.706455729,-0.0447984364518252,-3.31135532891532,3.31158397614108,4177.89434461518,73.2573425292969,160.829592642484,36.000909469096,270.163709389726,639.574230192351
33.899999242276,5,4322.99651559804,432.911375143794,278.995099399449,363.373976394213,68.6739077811872,2.10149994255443,25825.053548508,-0.0448420732075364,-3.31203090508782,3.31226969086762,4237.50997582282,73.0660461425781,162.417022115512,36.6487426716509,270.641289535594,644.746365225638
34.1199992373586,5,4382.91547309408,447.570095305535,281.460385580959,365.99912583571,68.5167277103101,2.10664139501175,26078.4053113656,-0.0448936858693981,-3.31291386371734,3.31312663013228,4297.18410749629,72.8749450683594,164.005391573684,37.3023280980823,271.111279548345,649.935428985503
34.3399992324412,5,4443.31355931847,462.554478916104,283.938692468186,368.640200407478,68.3595478778516,2.11166681271687,26330.6599283503,-0.0449429775435605,-3.31397058765211,3.31421965282883,4357.10845193348,72.684033203125,165.594647223653,37.9622268187477,271.573794435989,655.141498359149
34.5599992275238,5,4504.19203220527,477.86439587501,286.429161026864,371.296405077341,68.2023656612073,2.11629265111687,26581.5652811029,-0.0449971558564595,-3.31516145049176,3.31536546307762,4417.41671886705,72.4933776855469,167.184734410789,38.6296579731471,272.028950467079,660.364651418254
34.7799992226064,5,4565.55187766,493.534563918018,288.930318474392,373.966398710949,68.0451877360974,2.12023469984585,26830.7708167312,-0.0450719511334254,-3.31647201836559,3.3166761574912,4478.18793710381,72.3029724121094,168.775596604428,39.3064294979303,272.476866530882,665.604965526348
34.999999217689,5,4627.39367626504,509.509804534136,291.440099207182,376.648309659938,67.8880055194531,2.12321614021468,27077.8194388714,-0.0451396494394578,-3.31788149678379,3.31813384982611,4539.43219228806,72.1128143310547,170.367174477472,39.9949683183289,272.917665355756,670.862517339303
35.2199992127717,5,4689.71747344721,525.859662558055,293.95575292314,379.339654158231,67.7308244949018,2.12492356882453,27322.1101863618,-0.0452047744639916,-3.31938056696129,3.31963219230539,4601.78355466768,71.9228851318359,171.959404885105,40.6984323419404,273.351473672084,676.137384232805
35.4399992078543,5,4752.52264787621,542.528965623606,296.474189849604,382.037637312715,67.5736444240247,2.12528772278878,27563.0008701867,-0.0452700746412885,-3.32096538098047,3.32121237927207,4664.95402188312,71.7332000732422,173.552220430283,41.4196385789299,273.778422992361,681.429642906974
35.6599992029369,5,4815.80805542363,559.55793009914,298.993880185246,384.740847112726,67.4164633994733,2.12490731849769,27800.0578805196,-0.0453417178315734,-3.32260588471013,3.32283306264365,4728.16408919599,71.5437438964844,175.145552093991,42.1594871841757,274.19864621926,686.739370147867
35.8799991980195,5,4879.57236817959,576.926223405602,301.514476293464,387.448926616644,67.2592833285962,2.12434863531375,28033.1459377445,-0.0454136914214359,-3.32428133595285,3.32455895776489,4791.82992487003,71.3544891357422,176.73933133272,42.9182175930203,274.612274604824,692.06664125919
36.0999991931021,5,4943.81421917189,594.642838015012,304.036085628846,390.16192985259,67.1021054034863,2.12383531730747,28262.1892506188,-0.0454896911516085,-3.32597467098952,3.32624276026155,4855.98688676273,71.1654571533203,178.333490792834,43.6956433260479,275.019435796286,697.411532368714
36.3199991881847,5,5008.5322912414,612.71864612397,306.559204631421,392.880268771237,66.9449222331677,2.12354529746806,28487.1841152586,-0.0455797012274647,-3.32765966550561,3.32792571339567,4920.71512471746,70.9766357421875,179.927964835482,44.4912294653853,275.420254015141,702.774118896937
36.5399991832674,5,5073.72538318627,631.162621855611,309.084636555064,395.60463889529,66.7877443080579,2.12362164141843,28708.2195934886,-0.0456435909435534,-3.32932288088486,3.32957253870736,4985.80408721944,70.7880065917969,181.522689905225,45.3041699627885,275.814848788385,708.154476141968
36.75999917835,5,5139.39246963381,649.959953514272,311.613397364174,398.335939549038,66.6305620914136,2.12416353352641,28925.3730781338,-0.0457096205490164,-3.33094269706204,3.33117740656066,5051.31160940048,70.5995666503906,183.117604717419,46.1334665889451,276.203335143656,713.552678987964
36.9799991734326,5,5205.53273076136,669.125125793184,314.146663449232,401.075225746744,66.4733832126294,2.12524343849471,29138.8095539577,-0.045793685748965,-3.33252085266502,3.33281087927382,5117.27754811964,70.4112915039063,184.712650343618,46.9779991233408,276.585822965107,718.968801105381
37.1999991685152,5,5272.14558379417,688.678114990844,316.685693788063,403.823640744065,66.3162009959851,2.12690182197773,29348.6603178804,-0.0458776497446534,-3.33403684736994,3.33427914033739,5183.21352355272,70.2231353759766,186.307770172058,47.8365887325153,276.96241691424,724.402917677473
37.4199991635978,5,5339.23067942419,708.578450053499,319.231768663593,406.582359563836,66.1590221172009,2.12915066738865,29555.0831188916,-0.0459371076580123,-3.33549030958705,3.33572328583912,5250.26133673021,70.035107421875,187.902909768989,48.7080493821418,277.333216991581,729.855102362616
37.6399991586804,5,5406.78790867397,728.846107682235,321.786152504491,409.352554540212,66.0018399005567,2.13198042896803,29758.2396137237,-0.046000770465438,-3.33686735373512,3.33710813480604,5318.2877856915,69.8471649169922,189.498016704629,49.5912364084002,277.698318729277,735.325428904418
37.8599991537631,5,5474.81739309367,749.51568969228,324.350033480767,412.135282262985,65.8446619754468,2.13535228239213,29958.2616455805,-0.0460680850357782,-3.33819733819128,3.33843377289773,5386.79541708692,69.6592651367187,191.093040691491,50.485088188871,278.057812540611,740.813971195744
38.0799991488457,5,5543.31947332822,770.566880077867,326.924511667209,414.931424804097,65.6874809508954,2.139213590051,30155.2730076875,-0.0461344768000349,-3.3394949854806,3.33973542850818,5455.73975432785,69.4714294433594,192.687934132731,51.3886578627914,278.411785006984,746.320802274306
38.2999991439283,5,5612.29469382513,791.999504722369,329.510546548919,417.741783299243,65.5303008800183,2.14350483102476,30349.3624442108,-0.0461905264251308,-3.34077815311985,3.34101314203544,5525.03219147467,69.2836608886719,194.282651563408,52.3011383788356,278.760318787873,751.845996006398
38.5199991390109,5,5681.74376570981,813.828017577319,332.108945899385,420.567032354449,65.3731198554669,2.14815701899094,30540.5909625783,-0.0462554197365119,-3.34205885490906,3.34233722378768,5594.771589401,69.0959411621094,195.877149294961,53.2218851115194,279.103493920875,757.389624871964
38.7399991340935,5,5751.66753168206,836.037600280238,334.720350958361,423.407698963542,65.2159397845899,2.15309300546966,30728.9710076561,-0.0463073703477341,-3.34334457669458,3.34360808819754,5664.98421445041,68.9082916259766,197.471385126587,54.1504291664035,279.441387381349,762.951762841701
38.9599991291761,5,5822.06692883937,858.662814478112,337.345214947735,426.264140904468,65.0587597137128,2.1582273441868,30914.5337310943,-0.0463638731314921,-3.34465193768122,3.3449018789273,5735.4859981463,68.7206970214844,199.065318047187,55.0864888496479,279.774074220633,768.532482558508
39.1799991242588,5,5892.94294590862,881.668719922439,339.983798719791,429.13654379556,64.9015786891614,2.16347191116338,31097.2115984154,-0.0464189863125044,-3.3459907292538,3.34625368807751,5806.08473507462,68.5331573486328,200.658907941473,56.029973282319,280.101627549066,774.131857074961
39.3999991193414,5,5964.29658696726,905.119127328021,342.636177613013,432.024922270511,64.7443964725171,2.16874094216927,31276.928403855,-0.0464759276559327,-3.34736819544885,3.3476049368622,5877.16001131621,68.3456939697266,202.252115338541,56.9809766033212,280.424119410179,779.749959148384
39.619999114424,5,6036.12883151612,928.949834500749,345.302247177875,434.929127747042,64.5872185474072,2.17395269935905,31453.5855794818,-0.0465283427743959,-3.34879254539121,3.34906087761091,5949.05270825923,68.1582855224609,203.844901171448,57.9397658977025,280.74162101226,785.386861257175
39.8399991095066,5,6108.44059979393,953.204535669717,347.981751713405,437.848870887103,64.4300375228559,2.17903675051801,31627.0388120522,-0.0465813340832113,-3.35026667061102,3.35052202336947,6022.03287222877,67.9709381103516,205.437226598779,58.9067537334963,281.054202445063,791.042636592031
40.0599991045892,5,6181.23272408621,977.873864412251,350.674294543739,440.783733199014,64.2728564983045,2.18393518563142,31797.1250586596,-0.0466458496080772,-3.35179828008913,3.35208767294826,6095.60195631175,67.7836883544922,207.029052833547,59.8824538936412,281.361933906723,796.717357039438
40.2799990996718,5,6254.50594634552,1002.96677691848,353.379708618384,443.733506970397,64.1156764274274,2.18876609459898,31963.718420778,-0.0467114041699303,-3.35337968601227,3.35366426415859,6169.84778492166,67.5965057373047,208.620341406275,60.8668325720379,281.664884679287,802.411095756547
40.4999990947545,5,6328.26102786658,1028.48852247112,356.098400277491,446.698514967257,63.9584963565503,2.1937523955143,32126.784766664,-0.0467583966069977,-3.35501490335063,3.35527512578799,6244.03244759094,67.409423828125,210.211054853222,61.8595072978951,281.963122619152,808.123925281484
40.7199990898371,5,6402.49880904056,1054.45350232221,358.830847611154,449.679148788057,63.8013184314405,2.19894897654364,32286.3188469345,-0.0468187328090898,-3.35670437569539,3.35696102996388,6318.45454295131,67.2224487304688,211.801156792478,62.8600905751683,282.256714036089,813.855917708722
40.9399990849197,5,6477.22020870737,1080.84142346287,361.577534493743,452.675807715548,63.6441362147962,2.20435892968181,32442.3188826897,-0.046872800167091,-3.35844595747876,3.35868689806014,6392.91779680109,67.0355987548828,213.390611894506,63.8681898346795,282.545723691739,819.607145414885
41.1599990800023,5,6552.4262305495,1107.67213689499,364.338947325028,455.688894985939,63.4869551902448,2.20998382092959,32594.7588166972,-0.0469249295449924,-3.36024500141323,3.36053422630547,6468.87148992555,66.8488616943359,214.979385858304,64.8834083331633,282.830214973663,825.377680201515
41.3799990750849,5,6628.11796077283,1134.96002681067,367.115578381994,458.718821510716,63.3297741656934,2.21582551456659,32743.6522342294,-0.0469731825600007,-3.3621024321726,3.36235725226166,6545.8546003846,66.6622528076172,216.567445386771,65.9053444049821,283.11024914768,831.167595231967
41.5999990701675,5,6704.29657011956,1162.6701941368,369.907921643053,461.766003099109,63.1725940948163,2.22188577576682,32888.9620523173,-0.0470219206750797,-3.36401656453222,3.36426658031534,6623.11411487971,66.4757904052734,218.154758146136,66.9335929550251,283.385886816101,836.976961899765
41.8199990652502,5,6780.96331079052,1190.83707577202,372.716476811692,464.830860283344,63.0154140239392,2.22816691941303,33030.6892218895,-0.0470692147120481,-3.36598715045889,3.3662329925858,6699.22426480666,66.2894775390625,219.741292766228,67.9677444854025,283.657186990952,842.805852881832
42.0399990603328,5,6858.11951933309,1219.47504734073,375.54174640494,467.913820506006,62.8582339530622,2.23466975885484,33168.8173141695,-0.047116160130752,-3.36801746385044,3.36826219243888,6775.59951660326,66.1033203125,221.327018797069,69.0073879481629,283.924207470702,848.654340116647
42.2599990554154,5,6935.76661668737,1248.54921355358,378.384232478493,471.015311545391,62.701055074278,2.24139575195276,33303.319994169,-0.0471722592346933,-3.37011010437048,3.37039473018141,6854.59764691197,65.9173278808594,222.911906686287,70.0521081493481,284.187004864552,854.522495231141
42.479999050498,5,7013.90611052039,1278.09940665937,381.244444835247,474.135770630337,62.5438740497266,2.24834663820846,33434.1892532317,-0.0472157236866285,-3.37226457785199,3.37253173497454,6934.81783722416,65.7315185546875,224.495927762962,71.1014891720534,284.44563422929,860.410391129505
42.6999990455806,5,7092.53959432039,1308.13455359599,384.122887756892,477.275631439946,62.3866918330823,2.25552149597936,33561.4141635956,-0.0472690811615078,-3.3744810045313,3.37473120308724,7015.35614411835,65.5458984375,226.07905420296,72.1551128591139,284.700149501582,866.318100579502
42.9199990406632,5,7171.66874518768,1338.61976696107,387.020074824571,480.435337924577,62.2295139079724,2.26292369914322,33684.9646467062,-0.0473279611181784,-3.37675847265204,3.37702200422374,7096.81375368904,65.3604675292969,227.661259019364,73.2125599063965,284.950604117227,872.245695088225
43.1399990357459,5,7251.2953269782,1369.5948385598,389.936512921537,483.615330408058,62.0723316913281,2.27055169439948,33804.8171677015,-0.0473758528487746,-3.37910359970061,3.37936918123507,7179.63389029878,65.1752380371094,229.242516021433,74.2734101282278,285.197049874202,878.193247266429
43.3599990308285,5,7331.42118642412,1401.05408553654,392.872710758324,486.816050430748,61.915152812544,2.27840533466211,33920.9517619716,-0.0474211794889729,-3.38150995781487,3.38177262740264,7262.78087385527,64.9902374267578,230.822799809889,75.3372432276935,285.439537762011,884.160829749032
43.5799990259111,5,7412.04825676221,1432.99724255566,395.829183617677,490.037950017039,61.7579696422254,2.28648678641599,34033.3422075982,-0.0474729842852002,-3.38398382311832,3.38423801361091,7345.89065186578,64.8054626464844,232.402085741968,76.403639979381,285.678117795808,890.148515103536
43.7999990209937,5,7493.17855650266,1465.42404263145,398.806435119093,493.281468632216,61.6007917171155,2.29479343250692,34141.9505900013,-0.0475141189986719,-3.3865239733343,3.38679409166403,7429.23301462058,64.6209167480469,233.98034992186,77.4721808910906,285.912839362677,896.156375228868
44.0199990160763,5,7574.81418666237,1498.35420382613,401.804973981033,496.547054799887,61.4436095004712,2.30332512539091,34246.7545681294,-0.0475725776396323,-3.38912703542793,3.38940601702082,7513.53624519691,64.4366180419922,235.557569165877,78.5424507137161,286.143750627179,902.184483326569
44.2399990111589,5,7656.95733172916,1531.77665901472,404.825303435284,499.835150797778,61.2864294295941,2.31208116513727,34347.6925601701,-0.0476173678705144,-3.39179771705211,3.39207942112778,7599.22340475259,64.2525817871094,237.133720992325,79.6140335948771,286.37089900952,908.232912337178
44.4599990062416,5,7739.61025959785,1565.72189181542,407.867927098889,503.146203030416,61.12925055081,2.32106086084694,34444.7522607636,-0.0476641695191768,-3.39453339070586,3.39478532649463,7686.27487616388,64.0688140869141,238.708783589606,80.6865185439045,286.594331192706,914.301735172113
44.6799990013242,5,7822.77532070477,1600.14425884091,410.933340674696,506.480649837717,60.9720695262586,2.33026120267282,34537.8744000854,-0.0477116348793162,-3.39733998305454,3.39759856265245,7772.83920751074,63.8853210449219,240.28273580482,81.7594979929819,286.814093056952,920.391024805478
44.8999989964068,5,7906.45494615615,1635.13257825008,414.022037546929,509.838929157791,60.8148873096143,2.33968116185996,34627.0163042927,-0.0477636365783221,-3.40020905121323,3.40050159799569,7859.55313296057,63.7021240234375,241.855557118434,82.8325697225309,287.030230045611,926.500854376026
45.1199989914894,5,7990.65164589023,1670.58286749799,417.134505753205,513.221475163831,60.6577093845044,2.34931853605897,34712.133694054,-0.0478043979647852,-3.40314835938084,3.40341367147449,7947.42203651935,63.5192169189453,243.427227623891,83.9053358158554,287.242786401856,932.63129771208
45.339998986572,5,8075.36801099073,1706.59848411463,420.27123079096,516.628719909671,60.5005293136273,2.35917172533834,34793.171826052,-0.0478513152862649,-3.40615140473471,3.40640371722305,8036.75101208887,63.3366302490234,244.997728018844,84.9774055635132,287.451806302397,938.782428138966
45.5599989816546,5,8160.60670688851,1743.13919278984,423.432686488655,520.061086304949,60.3433482890759,2.36923590901703,34870.0685331862,-0.0478956426499372,-3.40922184803411,3.40949451173732,8125.69088572027,63.1543640136719,246.567039572641,86.0483953446655,287.65733298032,944.954319482278
45.7799989767373,5,8246.37047749802,1780.19546512546,426.61934059895,523.518992487958,60.1861651187573,2.37950933069209,34942.7666580389,-0.0479381368810157,-3.4123610183858,3.41261692559799,8211.23961162255,62.9724365234375,248.135144109157,87.1179234365787,287.859409095436,951.147045864095
45.9999989718199,5,8332.66214219665,1817.81072734006,429.831693931863,527.002888278576,60.0289871936475,2.39000781391717,35011.2204590606,-0.0479836737266218,-3.4155637341511,3.41583394696737,8297.31507138384,62.7908447265625,249.702024021982,88.1855443042453,288.058077062041,957.360680924641
46.2199989669025,5,8419.48460681796,1855.95013939582,433.070308131876,530.513283932987,59.8718049770032,2.40075586127553,35075.3718848422,-0.0480222000075491,-3.418838901527,3.41909372973439,8383.92013413876,62.6096221923828,251.267662303136,89.2507758185461,288.253378021378,963.59529977006
46.4399989619851,5,8506.84087708704,1894.65323292,436.335753787363,534.050699715847,59.7146270518933,2.41176043907633,35135.1609091345,-0.0480673963470395,-3.42218542450455,3.42246485079572,8471.05776451677,62.4287445068359,252.832042529905,90.3131342885004,288.445353056299,969.850976364301
46.6599989570677,5,8594.73405014391,1933.91431528321,439.628602886348,537.615656714855,59.5574460273419,2.42302151432633,35190.5445586319,-0.0481050446074044,-3.42559632876448,3.42588408900308,8558.73102245544,62.2482604980469,254.395148865803,91.3721363915655,288.634042574816,976.127785610851
46.8799989521503,5,8683.16732001945,1973.73304067,442.94942570388,541.208676559343,59.4002650027905,2.43453871286238,35241.4547778801,-0.0481442169876678,-3.42907872064024,3.42939696915104,8646.94306222209,62.0681549072266,255.956966033826,92.4273008704757,288.819486424187,982.425802429648
47.099998947233,5,8772.14397348858,2014.109067558,446.298787070933,544.830277743985,59.2430870776807,2.44631068457974,35287.8232044427,-0.048175135820162,-3.43263677139534,3.43291766519829,8735.69713346416,61.8884429931641,257.517479295619,93.4781490870784,289.00172326409,988.745103016259
47.3199989423156,5,8861.66738703708,2055.07651010203,449.677192302326,548.480897590154,59.0859048610364,2.45828886070272,35234.1430563632,-0.048211470405916,-3.43627605847625,3.43658288076489,8824.99657530963,61.7091522216797,259.076674582369,94.5243665663654,289.180792047201,995.085761440856
47.5399989373982,5,8951.74101824339,2096.61511534735,453.084873814382,552.160627799059,58.9287247901593,2.47037616033812,35158.5957786128,-0.0482424442182349,-3.44002227182796,3.44031250348506,8914.84481486384,61.5302825927734,260.634538996745,95.5658196952082,289.356730239069,1001.44784473571
47.7599989324808,5,9042.36837820619,2138.70995507165,456.5221691472,555.869744645344,58.7715437656079,2.48259734810287,35080.0668774798,-0.0482821562432856,-3.44385778779667,3.44410063044413,9005.24534236404,61.3519165039063,262.191060252917,96.6021893332841,289.529575598286,1007.83141493097
47.9799989275634,5,9133.55303654822,2181.42424577129,459.989471353824,559.608610463982,58.6143636947309,2.49499569650404,34998.5740920508,-0.0483266577952426,-3.44778281089375,3.44804925161413,9096.20170256817,61.1740142822266,263.746226406314,97.6331527817682,289.699365906738,1014.23653371095
48.199998922646,5,9225.29862396234,2224.71389717027,463.487179402905,563.377594667009,58.4571836238538,2.50757293280623,34914.177987729,-0.0483673192334614,-3.45179558145207,3.45207844758531,9187.71750141142,60.996630859375,265.300025844484,98.6583866036467,289.86613820576,1020.66326440467
48.4199989177287,5,9317.60883006206,2268.60235052131,467.015684375218,567.177058456746,58.3000025993024,2.52032709655628,34826.8635014382,-0.0484038195554742,-3.45589524647487,3.45614827299453,9279.79640414582,60.8197509765625,266.852447286013,99.6775699014306,290.02992938637,1027.11167040088
48.6399989128113,5,9410.48740501022,2313.09451563495,470.57537641386,571.007365000258,58.1428225284253,2.53325693182662,34736.6917578081,-0.0484517493181258,-3.46008037283229,3.46037739873086,9372.44213668057,60.6433959960938,268.403479752787,100.690385740778,290.19077629974,1033.58181534534
48.8599989078939,5,9503.9381548009,2358.18999330293,474.166643014948,574.868873849882,57.9856446033155,2.54636126796022,34643.6588105547,-0.0484912207915189,-3.46434575259369,3.46462398971059,9465.6584821081,60.4675659179687,269.953112577347,101.696521940379,290.348715269009,1040.07376408735
49.0799989029765,5,9597.96494263796,2403.91748813858,477.789866876547,578.761940576904,57.8284614329968,2.55963802862842,34547.8052546234,-0.0485276514754835,-3.46869073895191,3.46897825310129,9559.44928041237,60.2922729492187,271.501335394423,102.695673049143,290.503782646169,1046.58758134319
49.2999988980591,5,9692.57168963706,2450.26730418024,481.4454167627,582.686907999134,57.671283507887,2.57308216132449,34449.1296158935,-0.04855081083128,-3.47311181609008,3.47341161514432,9653.81842870956,60.1175415039063,273.048138123942,103.6875414642,290.656014352416,1053.12333303579
49.5199988931417,5,9787.76236744929,2497.22846519868,485.133658817125,586.644117210708,57.5141003375684,2.58669085749507,34347.6581741919,-0.0485850715555084,-3.47761013355636,3.47791815925116,9748.76987863975,59.9433654785156,274.593510963826,104.671842429222,290.805446326975,1059.68108545839
49.7399988882244,5,9883.54100268761,2544.80583504941,488.854946667832,590.633896580036,57.3569224124585,2.60045897515674,34243.3643147346,-0.0486078584461812,-3.48218100143681,3.48240200845115,9844.30763423998,59.7697601318359,276.13744438566,105.648303421425,290.952113602663,1066.26090671499
49.959998883307,5,9979.91167056132,2593.04789024824,492.609613005239,594.656557614987,57.1997401958142,2.61437849739156,34136.2759724578,-0.0486397452385543,-3.48682383380201,3.48710468776926,9940.43575131608,59.5967376708984,277.679929097581,106.61666665064,291.096052311537,1072.86286300966
50.1799988783896,5,10076.878491055,2641.93962449872,496.397981627986,598.712399790795,57.04256131703,2.62844286278022,34026.3625868128,-0.0486746375947547,-3.49153471350093,3.49181788156595,10037.1583318065,59.4243011474609,279.220956062634,107.576692911274,291.237297387432,1079.4870237085
50.3999988734722,5,10174.4456275204,2691.46078596931,500.220355058832,602.801705622303,56.8853791003858,2.64264498608302,33913.6071586792,-0.0486977033201102,-3.49631666253527,3.4965583017852,10134.479521133,59.2524627685547,280.760516460101,108.528161333682,291.375883469542,1086.13345912654
50.6199988685548,5,10272.6172846725,2741.64001723593,504.077021626755,606.924742158277,56.7281980758344,2.6569759241331,33798.0013538432,-0.0487344041775096,-3.50116704890941,3.50144330339584,10232.4035079574,59.0812194824219,282.298601693034,109.470873180832,291.511845862929,1092.80223853237
50.8399988636374,5,10371.3977010119,2792.46756152327,507.968235722503,611.08174649467,56.5710180049573,2.67142354200326,33679.4915621281,-0.0487632109459361,-3.50608022061306,3.50633825684294,10330.9345173292,58.9106109619141,283.835203342892,110.404653529306,291.645218906349,1099.49343396375
51.0599988587201,5,10470.7911474513,2843.97202109412,511.894238856563,615.272940569929,56.4138400798474,2.68597828461875,33558.031506946,-0.0487931184767643,-3.5110653471729,3.51135466527769,10430.0768066853,58.7406158447266,285.370313190118,111.329352834526,291.776037250862,1106.20711729789
51.2799988538027,5,10570.8019207101,2896.15291059147,515.855237131723,619.498513599308,56.256659055296,2.7006265425642,33433.5811772591,-0.048814071231308,-3.51610941951728,3.51641403218958,10529.8346636265,58.5712615966797,286.903923178425,112.244850753302,291.904335029394,1112.94336236759
51.4999988488853,5,10671.4343353619,2949.02427477997,519.85141185806,623.758631961989,56.099478984419,2.71535565880537,33306.0600353218,-0.0488474189611168,-3.52121684960396,3.52149393522082,10630.2123950219,58.4025390625,288.436025398895,113.151058111465,292.030146288994,1119.70224408656
51.7199988439679,5,10772.6927256112,3002.57628727321,523.882913036266,628.053429643341,55.9422958141004,2.73015243537768,33175.3892951298,-0.0488741487770583,-3.52638256116913,3.52664979733918,10731.2143278439,58.2344818115234,289.966612088492,114.047918211273,292.153505228512,1126.48383784654
51.9399988390505,5,10874.5814317275,3056.81255814318,527.94985596125,632.383009722818,55.7851157432233,2.74500019787538,33041.6181994653,-0.0488944963462777,-3.53160926308841,3.53186466130518,10832.844800583,58.0670654296875,291.495675595248,114.935410043033,292.274445607577,1133.28822057054
52.1599988341331,5,10977.1047973748,3111.75751598724,532.052317129222,636.747434710795,55.6279378181134,2.75988090260735,32904.7297749298,-0.0489109364001267,-3.53688919983995,3.53714936353778,10935.1081558347,57.9003295898438,293.023208382075,115.813552258603,292.393001415893,1140.11546909401
52.3799988292158,5,11080.2671622752,3167.39090987034,536.190333007233,641.146731419124,55.470756793562,2.77477746187402,32764.7489964104,-0.0489153708923689,-3.54222677969652,3.54250909802519,11038.0087357424,57.7342620849609,294.549202987034,116.682405914913,292.50920627458,1146.96566155048
52.5999988242984,5,11184.0728530857,3223.72674840494,540.363899687149,645.580884648726,55.313576722685,2.78966980441671,32621.6314318006,-0.0489387499814529,-3.54761518944823,3.54787729660644,11141.5508733513,57.5688812255859,296.073652027569,117.542075824525,292.623093784855,1153.83887676837
52.819998819381,5,11288.52617492,3280.78420143248,544.572968835237,650.049838015854,55.1563956981336,2.80453809277221,32475.3847191162,-0.0489516640525571,-3.55304765209975,3.55334208504442,11245.7388825546,57.4042114257812,297.596548170247,118.392711765575,292.734697729095,1160.73519392626
53.0399988144636,5,11393.6314062327,3338.56271050815,548.817439210039,654.553482118883,54.9992156272565,2.81935975163582,32325.956113908,-0.0489671332319882,-3.55853149837179,3.55877649367898,11350.5770538959,57.2402252197266,299.11788411898,119.234512741309,292.844050870133,1167.65469489853
53.2599988095462,5,11499.3927866765,3397.07623617996,553.097168535856,659.091669054392,54.8420355563794,2.83411306861838,32173.3310031554,-0.0489910483898726,-3.56406022804641,3.56433994976691,11456.06964382,57.0769592285156,300.637652591434,120.067727046823,292.951187183334,1174.59745983037
53.4799988046288,5,11605.8145106919,3456.30453255156,557.411963142808,663.664199626351,54.684854531828,2.84877696028722,32017.459191129,-0.0490054676524607,-3.56963043483761,3.56991120953918,11562.2208653319,56.9144134521484,302.155846313599,120.892653262554,293.05613941897,1181.5635724536
53.6999987997115,5,11712.9007170133,3516.30089075862,561.761579416077,668.270825997848,54.5276744609509,2.86332670152903,31858.2747699526,-0.0490201598900486,-3.57523253170876,3.57550116851064,11669.0348816485,56.7525939941406,303.672457998948,121.709643078542,293.158941138669,1188.55311586685
53.9199987947941,5,11820.6554809074,3577.03052972135,566.145714797951,672.911241795431,54.3704939132367,2.87773584946807,31695.7297388527,-0.04903978125234,-3.58087329301016,3.5811371033512,11776.515794188,56.5915191650391,305.18748034036,122.519101848685,293.259625363373,1195.56617486633
54.1399987898767,5,11929.0828020419,3638.50224046957,570.56401395871,677.58509068785,54.2133133655225,2.89198105407409,31529.7592957606,-0.0490564298722223,-3.58655009858376,3.58683516260112,11884.6676349612,56.4311798095703,306.70090598288,123.321490518882,293.35822527231,1202.60283505189
54.3599987849593,5,12038.1865966067,3700.72570050469,575.016076122272,682.2919693948,54.0561332946454,2.90603941592637,31360.2690607615,-0.0490601370337328,-3.59225476834514,3.59253508976762,11993.4943539509,56.2715972900391,308.212727529834,124.117324529256,293.454773697628,1209.66318374845
54.5799987800419,5,12147.970690921,3763.74380441125,579.501438347991,687.031416043858,53.8989527469312,2.91988437526593,31187.2036187235,-0.0490686986970252,-3.59798674921041,3.59829672391323,12102.9998164636,56.1127716064453,309.722937509998,124.907175332448,293.549303879395,1216.74730875353
54.7999987751246,5,12258.4388053521,3827.48767132975,584.019586022378,691.802915552162,53.7417721992169,2.93349147136318,31010.5195753807,-0.0490799303153967,-3.60373528089331,3.60400028898142,12213.1877864277,55.9547210693359,311.231528387823,125.691671065431,293.641848400063,1223.85530044377
55.0199987702072,5,12369.5945502217,3892.04453405415,588.569949191496,696.605898063435,53.5845916515027,2.94683403778403,30830.1904375598,-0.0490832365572713,-3.60950013109703,3.60975450761939,12324.061919549,55.7974548339844,312.738492554721,126.471497297555,293.732440208437,1230.98724886027
55.2399987652898,5,12481.4414146492,3957.37452016238,593.151897022554,701.439734487746,53.4274111037885,2.9598855275249,30646.203109591,-0.049095089793759,-3.61527471899192,3.61558081908315,12435.6257563623,55.6409820556641,314.243822311058,127.247395798981,293.821112546393,1238.14324477044
55.4599987603724,5,12593.9827607317,4023.46249701241,597.764821839361,706.303818713516,53.2702310329114,2.97267677821687,30458.5348761234,-0.0490958425086456,-3.62106494006207,3.62130584842559,12547.8827095609,55.4852966308594,315.74750988424,128.019949138091,293.907897384445,1245.32338185356
55.679998755455,5,12707.2218752522,4090.35640034868,602.408648370453,711.198064269261,53.1130504851972,2.9854249488433,30267.2129225594,-0.0490874188406886,-3.62685392924454,3.62713522768188,12660.8360880086,55.3304138183594,317.249547653058,128.789043008919,293.992827775795,1252.5277525341
55.8999987505376,5,12821.162077863,4158.04105890892,607.083709607873,716.122782185482,52.9558699374829,2.99831430628509,30072.3064474362,-0.0490786201431504,-3.63264971486451,3.63294448325271,12774.4891909186,55.1763397216797,318.749928351517,129.554423262068,294.075935445083,1259.75645205276
56.1199987456203,5,12935.8067446933,4226.56432694425,611.790307346491,721.078257344019,52.7986898666059,3.01134104342338,29873.8753884691,-0.0490767600094108,-3.63845606179378,3.63869065661333,12888.8453728981,55.0230651855469,320.24864501992,130.315931092047,294.157251180279,1267.00957720037
56.3399987407029,5,13051.1592916725,4295.83787362342,616.528642924136,726.064674419915,52.6415093188916,3.02446388859015,29671.9635602317,-0.0490764045803541,-3.64427587911937,3.64454598730665,13003.9080347941,54.87060546875,321.745690980996,131.07347195636,294.23680648692,1274.28722356603
56.5599987357855,5,13167.2231662419,4365.9681746659,621.298905047277,731.082207664739,52.4843309169446,3.0376743673119,29466.6194773281,-0.0490752288516159,-3.65009878497251,3.65037048337523,13119.6806110066,54.7189453125,323.241059812591,131.826952654251,294.314631591254,1281.58949031921
56.7799987308681,5,13284.0018452965,4436.91038107699,626.101280709873,736.131029080746,52.3271482234632,3.05097210182137,29257.8633811883,-0.0490662397168877,-3.65592820828315,3.6561857067851,13236.1665672965,54.5681121826172,324.734745354688,132.576280725549,294.390756346291,1288.91647761253
56.9999987259507,5,13401.4988365822,4508.65434947773,630.935964987507,741.211319497254,52.1699676757489,3.06435939851974,29045.6956181661,-0.0490632014434967,-3.66177279848016,3.66203448820007,13353.3693977286,54.4180755615234,326.226741706186,133.321364025644,294.465210237522,1296.26828659925
57.2199987210333,5,13519.7176771869,4581.24783452971,635.803145755558,746.32325382369,52.0127897506391,3.07783576613843,28829.933207439,-0.0490559808508211,-3.66761824915665,3.66790598314274,13471.2926279868,54.2688659667969,327.717043207571,134.062108434421,294.538022884512,1303.64501959865
57.439998716116,5,13638.6619369559,4654.67058215631,640.70302256991,751.467018023929,51.8556092029248,3.09140343661383,28610.5501768769,-0.0490455332573537,-3.67347613066819,3.6737414467127,13589.9398140235,54.1204833984375,329.205644453408,134.798414901136,294.609222199683,1311.04678350992
57.6599987111986,5,13758.3352208085,4728.94133998514,645.635793722314,756.64279753586,51.6984286552106,3.1050648046132,28387.6749947297,-0.0490261550617801,-3.67933910772924,3.67957832117289,13709.3145466151,53.9729187011719,330.692540282454,135.530186844923,294.678836823077,1318.47368413411
57.8799987062812,5,13878.7411636142,4804.05433772316,650.601656536562,761.850776581552,51.5412481074964,3.11881799299497,28161.455086413,-0.0490027632589847,-3.68520598943133,3.6854537935547,13829.4204484605,53.8261871337891,332.177725781971,136.257330875754,294.746894885346,1325.92582876624
58.0999987013638,5,13999.8834340117,4880.01381124443,655.600810052245,767.09114290781,51.3840680366193,3.13266278578999,27932.0227213916,-0.0490004350181383,-3.69108889327142,3.69136234768597,13950.2611742259,53.6802520751953,333.661196270481,136.979757729843,294.81342370119,1333.40332585697
58.3199986964464,5,14121.7657330256,4956.82846950523,660.633438128517,772.364070101755,51.226887488905,3.1465966473513,27699.5052172944,-0.0489797699941906,-3.69697586207506,3.69725088637662,14071.8404115085,53.5351776123047,335.142947287063,137.697380596181,294.878450220585,1340.90628583892
58.539998691529,5,14244.3917952148,5034.53640983793,665.699736884962,777.669743921688,51.0697047954236,3.16062068428202,27464.0394949064,-0.0489482231550976,-3.70287431356528,3.70315124328843,14194.1618817367,53.3909088134766,336.622974591435,138.410115430831,294.942000958197,1348.43481988991
58.7599986866117,5,14367.6737700449,5112.88988929039,669.304836793562,781.522660504412,50.9877979999219,2.40956357949081,27129.7931872758,-0.0480843931122105,-3.71744639178969,3.71772602654118,14317.2016293476,53.2469848632812,338.100953832941,139.115751915409,294.979560839092,1352.98337180036
58.9799986816943,5,14491.1713518228,5191.67407174305,670.758647286395,783.237430882814,50.922914290968,1.48316692818407,26604.7802150287,-0.0489818967078242,-3.74197559692222,3.74222743454052,14440.6406616835,53.1052764892578,339.576346131769,139.810462232374,295.010999903376,1356.86002766998
59.1999986767769,4,14614.9352825296,5271.15986079608,672.286532312345,785.025461446773,45.7780348418091,1.54560135465625,26088.0812051617,-0.0491391478681472,-3.7628219514954,3.76310642020536,14564.2400520396,52.9669891357422,341.049158096934,140.404179980607,295.043226247197,1360.89962379819
59.4199986718595,4,14738.9420050224,5350.82089523729,674.313840422407,787.30620047994,45.7131532786225,1.71150860637702,25618.9290650158,-0.0595706704911791,-3.79007625160226,3.7905228817466,14688.2518427056,52.8211029052734,342.519529271045,140.89250177927,295.07702742823,1365.22058046826
59.6399986669421,4,14862.9276124882,5430.98844107149,676.464092360261,789.711976778059,45.6482717154358,1.8021141734548,25167.8406697067,-0.061173025464531,-3.81226518297199,3.8126728449635,14812.1869301187,52.6783538818359,343.987464745081,141.374633464111,295.110228163392,1369.54902275102
59.8599986620247,4,14987.1423567429,5511.64323010587,678.68310461438,792.183253251724,45.5833901522492,1.82904911566131,24727.8563782077,-0.0253074354300299,-3.83168332516082,3.83178371975534,14936.306781608,52.5396453857422,345.452997253165,141.849138304037,295.142872004854,1373.88493981013
60.0799986571074,4,15111.5925887184,5592.78544852854,680.892800988345,794.644686149852,45.5185085890625,1.8229228349571,24293.9190955928,0.0156333597478577,-3.85747546621873,3.85744685233466,15060.6610575435,52.394775390625,346.916126303996,142.317263321282,295.174902783573,1378.22832354575
60.29999865219,4,15236.269386627,5674.43085522756,683.068747797761,797.072178653585,45.4536248801087,1.8070394113744,23862.9266313266,0.00483563670530705,-3.88125433826086,3.88119400932512,15185.245717397,52.25234375,348.376840201481,142.778421879429,295.206344181709,1382.57916530384
60.5199986472726,4,15361.1720549197,5756.57860336024,685.262118341011,799.516523425379,45.3887454626893,1.81370453499658,23439.0538297475,-0.00352815415681812,-3.90216071875915,3.90212731067442,15310.0558333822,52.1129547119141,349.835141441726,143.23293350229,295.237228211074,1386.93745649099
60.7399986423552,3,15486.5045599048,5839.61247846848,687.541166665374,802.045657168609,40.2438638677631,1.8903702924196,23022.6540989215,-0.00982471171975416,-3.91988049489665,3.91981843372574,15435.1432230903,51.9765625,351.291044642049,143.583186568147,295.268964210385,1391.50364557648
60.9599986374378,3,15612.2342173199,5922.84814179327,690.425694791664,805.173307598061,40.1789823045765,2.09027500142646,22652.5072713894,-0.0108880591544106,-3.95120241725214,3.95118322242175,15560.841214875,51.8251098632812,352.74470402576,143.818132080253,295.302354532169,1396.42931530225
61.1799986325204,3,15738.026646204,6006.69639188974,693.424916430399,808.415540232639,40.1141007413898,2.1831354942925,22295.8474017526,-0.0162106275658833,-3.98558152303143,3.98553508529292,15686.5345072845,51.6699157714844,354.19614155285,144.051443812455,295.334901064013,1401.36424998208
61.3999986276031,3,15864.183718199,6091.13223438132,696.441459017301,811.675231866039,40.0492191782032,2.18911933965814,21943.1999585015,-0.0245647597485758,-4.01419101333901,4.01422790517092,15812.5422928311,51.5204864501953,355.64534978551,144.282983165789,295.366673968545,1406.30844977203
61.6199986226857,3,15990.7066232025,6176.19808666827,699.470060044194,814.946514398021,39.9843376150166,2.19431674769721,21594.3118630381,-0.0302254286934732,-4.03957616219177,4.039613464413,15938.9155159112,51.3745758056641,357.092326524443,144.512491003414,295.39771575829,1411.261916715
61.8399986177683,3,16117.5954837717,6261.85988613294,702.51086613576,818.229618144112,39.9194560518299,2.19792946372762,21236.1159193817,-0.0343954900566357,-4.06232916610001,4.06242712929014,16065.6546152182,51.2315277099609,358.537069180993,144.739655416224,295.428061058331,1416.22465252145
62.0599986128509,3,16244.8511435491,6348.1507478661,705.566433386201,821.52699732782,39.8545744886433,2.20335596072923,20880.2661043065,-0.0379164104606054,-4.08230607850781,4.08240867493928,16192.7601377911,51.091552734375,359.979576483683,144.964229929745,295.457745159528,1421.19666043759
62.2799986079335,3,16372.4745978237,6435.05564889459,708.636949335661,824.838756187877,39.7896929254566,2.20885260193431,20529.0703155102,-0.0409743842387268,-4.09983617494736,4.10001031128811,16320.2330409,50.9543395996094,361.419848028115,145.186081903154,295.486799666253,1426.17794368501
62.4999986030161,3,16500.4669173969,6522.5740088368,711.722554472924,828.164963933507,39.72481136227,2.21439603137929,20182.4025134739,-0.0436200715681177,-4.11519713273684,4.11537675799638,16448.0743651294,50.8196594238281,362.857884152505,145.405103135451,295.51525259574,1431.16850701337
62.7199985980988,3,16628.8292355091,6610.73409343587,714.82336424341,831.505676520305,39.6599297990833,2.21997814669442,19840.1231107941,-0.0459173714168274,-4.12865120002726,4.12886034894189,16576.2852194524,50.6872650146484,364.293685824723,145.621205228683,295.543129250316,1436.1683553289
62.9399985931814,3,16757.5627367555,6699.48727329177,717.939474318545,834.860937159152,39.5950503816639,2.22559161932966,19502.1066338059,-0.0479420692072422,-4.14042828979517,4.14064964576638,16704.8667680684,50.5569549560547,365.727254571619,145.834317864572,295.570452204626,1441.17749436309
63.159998588264,3,16886.6686542698,6788.88103545252,721.070962112625,838.23078079266,39.53016667271,2.23123055246604,19168.3387078482,-0.0496937870039708,-4.15072120508914,4.15096204632658,16833.8202248467,50.4285491943359,367.158592389023,146.044385039473,295.59724185893,1446.19593054809
63.3799985833466,3,17016.1482567561,6878.91953827538,724.217889555337,841.615230168365,39.4652851095234,2.23688902206895,18838.8535952021,-0.0512119512676396,-4.15971039243982,4.16000150591953,16963.1468444741,50.3019012451172,368.58770170263,146.251364751621,295.623516821624,1451.22367023311
63.5999985784292,3,17146.0028470037,6969.5782669831,727.380302583335,845.014300998988,39.4004035463367,2.24256280447229,18513.6958163864,-0.0525489512002111,-4.16756330385515,4.16783739575658,17092.8479163304,50.1768463134766,370.014585287144,146.45522890684,295.649293298282,1456.26072135878
63.8199985735118,3,17276.2337545312,7060.87581711551,730.558237648541,848.428003380974,39.3355219831501,2.24824767034334,18192.9080615144,-0.0537216223116915,-4.17441403387951,4.17472511858863,17222.9247593727,50.0532623291016,371.439246223246,146.655959351796,295.674586727495,1461.30709057766
64.0399985685945,3,17406.8423319202,7152.81632228036,733.751718499983,851.856339764771,39.2706404199635,2.25393976946348,17876.5080735029,-0.0547288879813131,-4.18038909263677,4.18068813026348,17353.3787173936,49.9310302734375,372.861687852719,146.853547038264,295.699410578942,1466.36278635304
64.2599985636771,3,17537.8299463289,7245.38974337419,736.960755494108,855.299304843391,39.2057588567768,2.2596347973224,17564.5361020026,-0.0556182014468223,-4.18558911944087,4.18593622416006,17484.2111518887,49.8100738525391,374.281913721915,147.047992193854,295.723777786555,1471.42781611968
64.4799985587597,3,17669.1979807285,7338.61932926196,740.185356280267,858.7568905247,39.1408772935902,2.26533073316565,17257.0033845644,-0.0563848454238883,-4.19011489960546,4.1904393806311,17615.4234393428,49.6902862548828,375.699927578322,147.239301565006,295.747699715144,1476.50218863883
64.6999985538423,3,17800.94782939,7432.46627274017,743.425519125082,862.229085358373,39.0759978761707,2.2710261033685,16953.9306613878,-0.0570529969497493,-4.19405864610218,4.1943774267772,17747.0169698783,49.5715881347656,377.115733318395,147.427487522142,295.771186949043,1481.58591298208
64.9199985489249,3,17933.0808923164,7526.98257968055,746.681236270772,865.715873351042,39.0111141672169,2.27671775291212,16655.3271971895,-0.05764796783759,-4.19748737009207,4.19784059464786,17878.9931416537,49.4539001464844,378.52933496822,147.612568632135,295.794249649123,1486.67899790753
65.1399985440075,3,18065.59857551,7622.13415401595,749.952493957311,869.217234847626,38.9462347497974,2.28240375449595,16361.2087110565,-0.0581539367773883,-4.2004705526619,4.2008114247567,18011.3533579507,49.3371917724609,379.940736661101,147.794567474863,295.816896650163,1491.78145345658
65.3599985390902,3,18198.5022906363,7717.96824815221,753.239273859143,872.733148519284,38.8813510408436,2.28808315672052,16071.5577490006,-0.0586011234827871,-4.203075284502,4.20340741999187,18144.0990282566,49.2213653564453,381.349942610156,147.973510750566,295.839136573856,1496.89328959508
65.5799985341728,3,18331.7934495879,7814.41735415032,756.541555260902,876.263590904883,38.8164716234242,2.29375454611722,15786.3796858212,-0.0589816364998706,-4.20534007489012,4.20567586562283,18277.2315649488,49.1064086914063,382.756957103828,148.149427868197,295.860977558881,1502.01451626874
65.7999985292554,3,18465.4734627712,7911.54775377775,759.859314444035,879.808537562839,38.7515879144703,2.29941752656767,15505.6654741689,-0.0593272901494007,-4.20732117883598,4.207645207787,18410.7523792574,48.9922424316406,384.161784487536,148.322351745326,295.882426936621,1507.14514484361
66.019998524338,3,18599.5437379918,8009.3253963958,763.192523589014,883.36796203262,38.6867084970509,2.30507073053567,15229.3862112473,-0.0596029318062126,-4.20904686573369,4.20943217430341,18544.6628795974,48.8788543701172,385.564429143972,148.49231681763,295.903492309533,1512.28518542149
66.2399985194206,3,18734.0056831668,8107.7640691081,766.541155079159,886.941837918263,38.621824788097,2.31071386487659,14957.5324694183,-0.0598520456867124,-4.21056053260945,4.21094399446382,18678.9644740381,48.7662048339844,386.964895489603,148.659359623307,295.924179921308,1517.43465079517
66.4599985145032,3,18868.8607036931,8206.86776763449,769.905178272861,890.530137890325,38.5569453706776,2.31634631460745,14690.0537208182,-0.0600727685086103,-4.2118958057439,4.21228789223585,18813.6585694035,48.654248046875,388.363187961247,148.823518469171,295.944496428987,1522.59355253312
66.6799985095859,3,19004.1101977351,8306.63124908774,773.284562094017,894.132832907942,38.4920638074909,2.32196813104105,14426.9254414705,-0.0602630358013264,-4.2130748780888,4.21345009239798,18948.7465666455,48.5429748535156,389.759311020858,148.984833052008,295.964447829068,1527.76190346589
66.8999985046685,3,19139.7555618702,8407.08723807852,776.679273548982,897.749895414634,38.4271822443043,2.3275786749035,14168.0990124406,-0.060405518786018,-4.21413013351527,4.21450973469244,19084.2298629909,48.4323425292969,391.153269127269,149.143343386218,295.984039881338,1532.93971671816
67.1199984997511,3,19275.7981844204,8508.18738320893,780.08927905307,901.381295274726,38.3623006811176,2.33317752237498,13913.5127944132,-0.0605464857019255,-4.21506831602891,4.2154297375687,19220.1098505639,48.3223480224609,392.545066750816,149.299089918242,296.003278231961,1538.12700578364
67.3399984948337,3,19412.2394494171,8609.97874358253,783.514547839588,905.027007493349,38.297419117931,2.3387660519697,13663.1099553892,-0.060648441022541,-4.21592655487617,4.21625663678981,19356.3879147995,48.2129516601563,393.934708359041,149.452114170582,296.022168145074,1543.32378520665
67.5599984899163,3,19549.0807342224,8712.42736930659,786.955045431245,908.687002865122,38.2325375547443,2.3443433285805,13416.8178022429,-0.0607370254279366,-4.21671182550859,4.21707873115566,19493.0654357601,48.1041442871094,395.322198409031,149.602457143484,296.040715256098,1548.53006842193
67.7799984849989,3,19686.3234097137,8815.56591341017,790.410739428192,912.361254532103,38.1676559915577,2.3499096181709,13174.5555984513,-0.0607868931693256,-4.21743533120175,4.21779851589402,19630.1437873011,47.9959136962891,396.707541357925,149.750159316694,296.05892447884,1553.74587087084
67.9999984800816,3,19823.968843755,8919.37481312402,793.881599458555,916.049736976105,38.1027722826038,2.35546614887977,12936.2392291241,-0.060849025476679,-4.21810869010388,4.21846246254331,19767.6243379455,47.8882476806641,398.090741657893,149.89526195,296.076800648614,1558.97120841618
68.2199984751642,3,19962.0183951941,9023.87231835755,797.367592889685,919.752425097677,38.0378928651844,2.36101255851555,12701.7640197087,-0.0608917822827164,-4.21875634467756,4.21913559023601,19905.5084512456,47.7811187744141,399.471803738811,150.037805547013,296.094348705024,1564.2060967113
68.4399984702468,3,20100.4734160865,9129.05774715623,800.868690153932,923.469294255615,37.9730113019978,2.36654941854597,12471.0167711498,-0.060924732343917,-4.21937270253211,4.21976219940697,20043.7974809213,47.6745330810547,400.850732028478,150.17782926613,296.11157338491,1569.4505522891
68.6599984653294,3,20239.3352549791,9234.91157758911,804.384862799199,927.200321649817,37.9081297388111,2.37207738532179,12243.8886292724,-0.0609380841260288,-4.21996621618113,4.22038407337312,20182.4927775708,47.5684814453125,402.227530946375,150.315371723265,296.128479341569,1574.70459250866
68.879998460412,3,20378.6052542429,9341.46636946426,807.916085715937,930.945488652707,37.8432481756245,2.37759843773076,12020.2405892375,-0.0609497494748912,-4.22055476473528,4.22092233874297,20321.5956859971,47.462939453125,403.602204899196,150.450470410729,296.145070632383,1579.96823594503
69.0999984554946,3,20518.2847507943,9448.721428149,811.462333282714,934.704775734376,37.7783666124378,2.38311186695284,11799.9287748471,-0.0609538672323796,-4.2211341288094,4.22151156726519,20461.1075451544,47.3579010009766,404.974758281512,150.583161543665,296.161351919504,1585.24150040426
69.3199984505773,3,20658.3750768888,9556.66170952774,815.023579419123,938.478161766794,37.7134850492512,2.38861824730539,11582.8063762312,-0.0609492567324863,-4.22171615757256,4.22212390774912,20601.0296888407,47.2533813476563,406.345195486017,150.713479645679,296.177327792924,1590.52440432327
69.5399984456599,3,20798.8775632259,9665.28209325862,818.599803622059,942.265634148713,37.6486034860645,2.39411944477309,11368.6995775238,-0.0609331557128421,-4.22230329139343,4.22268514218061,20741.3634492005,47.1493438720703,407.71352087548,150.841457981925,296.193001998902,1595.81696850985
69.7599984407425,3,20939.79353054,9774.61505031012,822.190987332141,946.067177520782,37.5837219228779,2.39961607427806,11157.4364623326,-0.0609203865279986,-4.22288784940801,4.2232787628844,20882.1101506704,47.0458160400391,409.079738832302,150.967127847444,296.208379036783,1601.11921252255
69.9799984358251,3,21081.1243014212,9884.6311802196,825.797114757127,949.882781390358,37.5188403596912,2.40510963358707,10948.8180341973,-0.0609003166201985,-4.2234880510405,4.22385375367537,21023.2711144306,46.9427673339844,410.443853736436,151.090518466612,296.223462856266,1606.43115785447
70.1999984309077,3,21222.8711949768,9995.37282385472,829.418171479879,953.71243861835,37.4539587965046,2.41060134980765,10742.7585471736,-0.0608648516866335,-4.2241072710015,4.22447502829561,21164.8476618485,46.8402008056641,411.805869943661,151.211657489857,296.238257644205,1611.75282570449
70.4199984259903,3,21365.0355259363,10106.7962408124,833.054144700449,957.55614046329,37.3890772333179,2.41609147495917,10539.3561065771,-0.0608328413732108,-4.2247387228858,4.22511938715667,21306.841108803,46.7381134033203,413.165791821006,151.330573130777,296.252767493262,1617.08423772582
70.639998421073,3,21507.6186085252,10218.9437512261,836.705022752813,961.413879352304,37.3241978158985,2.42157972477534,10338.6566178904,-0.0607937532962677,-4.22538028003161,4.22579608911287,21449.2527700423,46.6365142822266,414.523623742356,151.447293848288,296.266996491573,1622.42541580466
70.8599984161556,3,21650.6217551093,10331.7815968055,840.370791243557,965.285648055262,37.2593141069447,2.4270664896196,10140.6999638937,-0.0607548619294102,-4.22604443739784,4.22644951622401,21592.0839583008,46.5353820800781,415.879370063349,151.561849298212,296.2809483051,1627.77638278526
71.0799984112382,3,21794.0462754205,10445.3321397521,844.051433715924,969.171434186168,37.194432543758,2.43255015866488,9945.51969067564,-0.0607069448846962,-4.22672473564568,4.22711673992553,21735.3359852169,46.4347137451172,417.233035144015,151.674269336593,296.294626819075,1633.13716111695
71.2999984063208,3,21937.8934754989,10559.6046200346,847.746937921158,973.071230726242,37.1295509805714,2.43803164381632,9753.14643200762,-0.0606474474561545,-4.2274299369726,4.22779775459106,21879.0101573066,46.3345184326172,418.584623344702,151.784583911533,296.308035852236,1638.50777343138
71.5199984014034,3,22082.1646612117,10674.5983059898,851.457287762124,976.985027929311,37.0646715631519,2.44351087796712,9563.61321990696,-0.0606010000034106,-4.2281549308326,4.22854813608467,22023.1077814476,46.2347961425781,419.93413901128,151.892823925087,296.321179437298,1643.88824249038
71.739998396486,3,22226.861132666,10790.2981426421,855.182467364673,980.912815004244,36.9997878541981,2.44898667794194,9376.9498726957,-0.060557158281617,-4.22890118578132,4.22928449033297,22167.6301595423,46.1355255126953,421.281586485587,151.999020372423,296.334061080096,1649.2785919803
71.9599983915687,3,22371.9841896756,10906.7177263567,858.922459881487,984.854581274289,36.9349084367786,2.45446016233637,9193.18082484334,-0.0605043733445065,-4.22967257402132,4.23004387034454,22312.5785914842,46.0367218017578,422.626970098322,152.103204496843,296.346684537066,1654.67884541128
72.1799983866513,3,22517.5351290307,11023.8563258963,862.677254743358,988.810320427897,36.8700247278248,2.45993193035813,9012.32505235734,-0.0604675717374434,-4.23045951152816,4.2308771749311,22457.9543757802,45.9383758544922,423.970294183457,152.205408080657,296.359053791977,1660.08902594527
72.3999983817339,3,22663.5152443392,11141.7131990025,866.446833872519,992.780020886342,36.8051453104054,2.46540067682225,8834.40341123497,-0.0604158940356297,-4.23127829669433,4.2316732936866,22603.7588069447,45.840478515625,425.311563061335,152.305662553602,296.371172073977,1665.50915849942
72.6199983768165,3,22809.9258263123,11260.3061785361,870.231183321786,996.76367283952,36.7402616014515,2.47086694785066,8659.43817451015,-0.0603515264119852,-4.23212121859387,4.23250165283093,22749.9931769228,45.7430419921875,426.650781056993,152.403999760488,296.383042961546,1670.9392675309
72.8399983718991,3,22956.7681640982,11379.5973637009,874.030288979081,1000.76126949568,36.6753821840321,2.47633162923382,8487.43520651823,-0.0603024486153243,-4.23298941716172,4.23335297837733,22896.6587756505,45.6460479736328,427.987952470372,152.500452089197,296.394669990171,1676.37937758348
73.0599983669817,3,23104.0435436141,11499.651760398,877.844135492026,1004.77279974109,36.6105006208454,2.48179318521555,8318.4046279365,-0.060244125702778,-4.23387926426121,4.23425964260881,23043.7568903133,45.5495025634766,429.323081606876,152.595051761325,296.406056964607,1681.82951321251
73.2799983620644,3,23251.7532489547,11620.4214186326,881.672704500581,1008.79825174215,36.5456190576588,2.48725145637594,8152.35567341178,-0.060194759914354,-4.23479539414479,4.23518460913357,23191.2888055988,45.4533996582031,430.656172753722,152.687831007287,296.417207214433,1687.28970004221
73.499998357147,3,23399.8985605207,11741.9383965212,885.515983752879,1012.83761695385,36.4807374944721,2.49270793424212,7989.28612871281,-0.0601512524788562,-4.23573377977115,4.23610937400681,23339.2558033754,45.3577514648438,431.987230207395,152.778822445771,296.428124089181,1692.75996379869
73.7199983522296,3,23548.4807571941,11864.1834001497,889.373961182645,1016.89089054059,36.4158559312855,2.49816334526205,7829.19783772255,-0.0600815488334694,-4.23670427415777,4.23705704827018,23487.6591636808,45.2625396728516,433.316258239139,152.868058191602,296.438810947691,1698.2403305021
73.9399983473122,3,23697.5011171247,11987.1699660944,893.246622289221,1020.95806258869,36.3509743680988,2.50361674146294,7672.07973701478,-0.0600311106900623,-4.23770037172778,4.23810155624491,23636.5001641436,45.1677673339844,434.64326112234,152.955570764897,296.449271524725,1703.73082566506
74.1599983423948,3,23846.960913928,12110.9014852836,897.133954082136,1025.03912550382,36.2860928049122,2.50906841630924,7517.92319414194,-0.0599781713225329,-4.23871884004424,4.23909498541673,23785.7800807464,45.0734405517578,435.968243121615,153.041392305078,296.459508737682,1709.2314767113
74.3799983374774,3,23996.8614216655,12235.3586928092,901.035942436934,1029.13407015561,36.2212112417255,2.51451807389054,7366.71004324542,-0.0599094535691977,-4.23976281377744,4.24013437659818,23935.5001873578,44.9795349121094,437.29120849895,153.125554817051,296.469526145683,1714.74230994962
74.5999983325601,3,24147.2039094667,12360.5694126244,904.952575702502,1033.24289029077,36.1563296785389,2.51996650353682,7218.42448385875,-0.0598641377768103,-4.24082899270357,4.24117812775775,24085.6617549842,44.8860748291016,438.612161507306,153.208090247878,296.479326825497,1720.26335316893
74.8199983276427,3,24297.9896464106,12486.5226860071,908.88384358897,1037.36558095241,36.0914481153523,2.5254147889028,7073.03382453505,-0.0597993377323935,-4.2419261862587,4.24226778866867,24236.266052598,44.7930450439453,439.931106394609,153.289030129881,296.488914092945,1725.79463370069
75.0399983227253,3,24449.2199015069,12613.2462643315,912.829734815994,1041.5021362728,36.0265665521656,2.53086265695347,6930.51201316535,-0.0597484360050109,-4.24304681815139,4.24341716999542,24387.3143495437,44.7004516601562,441.248047397413,153.368405798327,296.498291370632,1731.33617916377
75.2599983178079,3,24600.8959411112,12740.7066411265,916.790238618923,1045.65255009562,35.961684988979,2.5363094778367,6790.82137648921,-0.0596849831406513,-4.24419514822564,4.2445201010596,24538.8079127212,44.6082794189453,442.562988754893,153.446248166717,296.507461414607,1736.88801857779
75.4799983128905,3,24753.0190292236,12868.9030277198,920.765343015018,1049.81681524629,35.8968034257923,2.54175528199608,6653.91868960682,-0.0596382978051936,-4.24536068115844,4.24571500596332,24690.7480079004,44.5165374755859,443.875934701482,153.522587786495,296.5164278311,1742.4501798795
75.6999983079731,3,24905.5904286592,12997.8672644877,924.755038831343,1053.99492820996,35.8319218626057,2.5472013955479,6519.75575666106,-0.0595905076739467,-4.24655688964827,4.24693724375247,24843.1358974561,44.4252166748047,445.186889461147,153.597454694732,296.525193655841,1748.02269215909
75.9199983030558,3,25058.6114050912,13127.5984993519,928.759318309072,1058.18688661263,35.767040299419,2.55264843433142,6388.28095105488,-0.0595330728933151,-4.24778702889715,4.24813146319799,24995.9728464809,44.3343139648438,446.49585724929,153.670878345746,296.53376152555,1753.60558562753
76.1399982981384,3,25212.0832184922,13258.0775697086,932.778176014111,1062.39268868071,35.7021587362324,2.55809676962815,6259.43147769512,-0.0594820046739235,-4.24902946750775,4.2493714453522,25149.2601171668,44.2438446044922,447.802842289199,153.742887263757,296.542134901013,1759.19888938141
76.359998293221,3,25366.0071322084,13389.3219651052,936.811605304704,1066.61233250316,35.6372771730457,2.56354664844479,6133.13884767527,-0.0594189578432516,-4.25029627424344,4.25064792281098,25302.9989708967,44.1537933349609,449.107848802307,153.81350955056,296.550316663624,1764.8026341012
76.5799982883036,3,25520.3844092279,13521.3308269282,940.859598786889,1070.84581628992,35.5723956098591,2.5689976342685,6009.33072574504,-0.0593670486005911,-4.25158782869643,4.25197007915907,25457.1906718098,44.0641662597656,450.410880999543,153.882772438124,296.558310052557,1770.416849678
76.7999982833862,3,25675.216311713,13654.0993011494,944.922153331737,1075.09314047437,35.5075140466724,2.5744513302447,5887.92732150115,-0.0593081900793087,-4.25289884042277,4.2532365683228,25611.8364814327,43.9749572753906,451.711943100235,153.950702207966,296.566117575097,1776.04156831507
77.0199982784688,3,25830.5041040467,13787.6305455809,948.999287895604,1079.35432747958,35.4426324834858,2.5799197520468,5760.33704591792,-0.0592444244097318,-4.25423181452329,4.25459474951094,25766.9376633726,43.8861633300781,453.011039335604,154.017279613668,296.573742701685,1781.67682027909
77.2399982735515,3,25986.249062725,13921.9522248479,953.091058959194,1083.62943332248,35.3777509202992,2.58541248311501,5634.97512729163,-0.0592071496804029,-4.25558358177046,4.25591108359879,25922.4954880896,43.7977996826172,454.30817399496,154.082488984265,296.581187760928,1787.32263873495
77.4599982686341,3,26142.4524742328,14057.0167178744,957.197474876242,1087.91847048028,35.3128693571125,2.59091589939306,5512.00115688493,-0.0591677019891111,-4.25694972782804,4.25727761287166,26078.5112388582,43.7098571777344,455.603351375118,154.146355691134,296.588455891068,1792.97905560086
77.6799982637167,3,26299.1156272231,14192.8881111269,961.318536811444,1092.22144404908,35.2479877939259,2.5964239879512,5391.30143573074,-0.0591073225736001,-4.25833464573401,4.25866669729241,26234.9862041497,43.6223236083984,456.896575777636,154.208903934245,296.595550169043,1798.64610304245
77.8999982587993,3,26456.2398102496,14329.5148496087,965.454247460785,1096.53836093936,35.1831062307392,2.60193740431686,5272.75267611789,-0.0590665947243849,-4.25973725504153,4.26010130347332,26391.921671727,43.5352264404297,458.187851505904,154.270156585454,296.60247348099,1804.32381447318
78.1199982538819,3,26613.8263170186,14466.9285180042,969.604609199249,1100.86922723975,35.1182257404362,2.60745619020731,5156.22562656359,-0.0590073656197812,-4.26114716935855,4.26152624100501,26549.3189338544,43.4485473632813,459.477182870633,154.330135019359,296.609228544682,1810.01222374214
78.3399982489645,3,26771.8764425599,14605.1139649438,973.769627479615,1105.21405153213,35.0533431043659,2.61298158593336,5041.58141729704,-0.0589603857320756,-4.26257809646136,4.26297366967916,26707.1792845789,43.3622863769531,460.764574197644,154.388859252516,296.615818155546,1815.71136502229
78.5599982440472,3,26930.3914854028,14744.0845450435,977.949311176946,1109.57284780355,34.9884626140629,2.61851524211696,4928.66871740727,-0.0589009673676376,-4.26402972182301,4.26437008873529,26865.5040213767,43.2764312744141,462.050029804677,154.446347664739,296.622244615228,1821.42127370443
78.7799982391298,3,27089.3727464865,14883.8355073664,982.143669471328,1113.94562767565,34.9235810508762,2.62405711630461,4817.55354701285,-0.0588435607438144,-4.26549358122169,4.26583491759406,27024.2944434229,43.1910003662109,463.333554028594,154.502617638054,296.628510868883,1827.14198466262
78.9999982342124,3,27248.8215336786,15024.3736718122,986.352711785947,1118.33240431203,34.8586994876896,2.62960729063908,4708.38897273289,-0.0587898371377042,-4.26696722145341,4.26730383892514,27183.5518563031,43.1059814453125,464.615151214802,154.557688605976,296.63461985951,1832.87353250534
79.219998229295,3,27408.7391562252,15165.7084984714,990.576445729002,1122.7331884556,34.7938179245029,2.63516499743182,4601.19032717977,-0.0587379670497152,-4.26845793248494,4.26879977885064,27343.277568966,43.0213836669922,465.894825722022,154.611580750639,296.640574077812,1838.61595298615
79.4399982243776,3,27569.1269279169,15307.8210232981,994.814877552541,1127.14799137491,34.7289352884327,2.64073024088632,4495.97273831366,-0.0586828142242393,-4.26996413076755,4.27030437351855,27503.4728926344,42.9371887207031,467.172581900119,154.664314534764,296.64637619142,1844.36928144913
79.6599982194602,3,27729.9861665877,15450.7322015523,999.068016294066,1131.57682504548,34.6640547981297,2.64630323593178,4392.74547095398,-0.0586494468485881,-4.27147853511392,4.27184053200051,27664.1391440416,42.8534149169922,468.448424113118,154.715910542771,296.652029028718,1850.13355346398
79.8799982145429,3,27891.3181924182,15594.4515192956,1003.33586781267,1136.01969832691,34.5991743078266,2.65188333587362,4291.52013083704,-0.0586036852408707,-4.27300745648019,4.27335779811243,27825.2776422107,42.7700531005859,469.722356738782,154.766389559612,296.65753483014,1855.9088057289
80.0999982096255,3,28053.124329364,15738.9495784868,1007.61843951566,1140.47662413927,34.53429274464,2.65747136367878,4192.30130465817,-0.0585589658550329,-4.27455497997413,4.27492493183301,27986.8897095197,42.6870941162109,470.994384141319,154.815772209977,296.662896440021,1861.69507416787
80.3199982047081,3,28215.405905845,15884.2539157367,1011.91573950925,1144.94761239339,34.4694101085697,2.66306672187824,4095.09582635209,-0.0584883741270617,-4.27611367433083,4.27647317266961,28148.9766725031,42.6045318603516,472.264510709769,154.864079454506,296.668116097433,1867.4923958952
80.5399981997907,3,28378.1642538575,16030.3493640964,1016.22777539258,1149.43267544644,34.4045296182667,2.66866966626327,3999.90493141597,-0.0584528956517762,-4.27768117148954,4.27805747962297,28311.5398621121,42.5224029541016,473.532740827822,154.911332346887,296.673196555404,1873.30080738933
80.7599981948733,3,28541.4007080662,16177.2492080844,1020.55455593818,1153.93182473186,34.3396469821964,2.67428134387226,3906.73110352627,-0.0583920597581971,-4.27926500705211,4.27959543506001,28474.5806111076,42.4406677246094,474.79907889442,154.957552009471,296.678139926554,1879.12034663033
80.979998189956,3,28705.1166092473,16324.9704244141,1024.89608966185,1158.44507378094,34.2747664918934,2.67990080413419,3815.56995390064,-0.0583418576076044,-4.28086513779148,4.28121518084883,28638.1002586506,42.3593353271484,476.063529299093,155.002759595476,296.682948875228,1884.95105069683
81.1999981850386,3,28869.3133000009,16473.4619845901,1029.25238450864,1162.97243291993,34.2098849287067,2.68552778614564,3726.41881579493,-0.0583136475075468,-4.2824763789661,4.28283888927781,28802.1001458103,42.2783996582031,477.326096448993,155.046976363934,296.687625926495,1890.79295714466
81.4199981801212,3,29033.9921280478,16622.7871987066,1033.62345186591,1167.51391838681,34.1450033655201,2.69116490731426,3639.26935263782,-0.0582614360261756,-4.28410344723753,4.28448941542504,28966.5816189834,42.1978729248047,478.586784743853,155.090223423087,296.692173492813,1896.64610394538
81.6399981752038,3,29199.1544435709,16772.9271811727,1038.00930190696,1172.0695433603,34.0801218023335,2.6968102080938,3554.11328484422,-0.0582199832010797,-4.28574133703144,4.28607990394029,29131.5460266624,42.1177398681641,479.845598593892,155.132521869776,296.696593531819,1902.51053049457
81.8599981702864,3,29364.8016039235,16923.8846017242,1042.40994253547,1176.63931841178,34.0152391662632,2.70246333179673,3470.9373426332,-0.0581686937395969,-4.28739155467104,4.28771547504009,29296.9947235223,42.0380096435547,481.102542424561,155.173892631439,296.700888441388,1908.38627520379
82.079998165369,3,29530.9349695028,17075.6406172868,1046.82538309246,1181.22325812148,33.9503586759602,2.70812572301454,3389.72862529946,-0.0581191397896021,-4.28905355530187,4.28937326196605,29462.9290686156,41.9586791992188,482.357620646839,155.214356673443,296.705060612279,1914.27337689341
82.2999981604517,3,29697.5559046627,17228.2226708222,1051.25563424463,1185.82137608893,33.8854771127735,2.71379681285456,3310.46737615573,-0.0580755087243553,-4.29073019123368,4.29104865822684,29629.3504249306,41.879736328125,483.610837683513,155.253934797091,296.70911252867,1920.17187458954
82.5199981555343,3,29864.6657785952,17381.6013771368,1055.70070730162,1190.43368637426,33.8205955495869,2.71947648703063,3233.13492872902,-0.0580273692843695,-4.292415596431,4.2927553435561,29796.2601595056,41.8011993408203,484.862197969057,155.292647664892,296.713046414885,1926.08180795456
82.7399981506169,3,30032.2659658508,17535.8219324382,1060.16061372234,1195.06020489591,33.7557139864002,2.72516646876834,3157.70740496058,-0.0579797887257174,-4.29410897905006,4.29443398786324,29963.6596445019,41.7230560302734,486.111705934433,155.330515569927,296.716864450406,1932.00321740331
82.9599981456995,3,30200.3578433822,17690.8690920503,1064.63536503374,1199.70094653341,33.6908324232136,2.73086562585981,3084.15801979199,-0.0579400032669243,-4.29581886995465,4.29614389085715,30131.550256263,41.6453033447266,487.359366013727,155.367558877423,296.720568776708,1937.93614294463
83.1799981407821,3,30368.9427963534,17846.7205487203,1069.12497180306,1204.35592509578,33.6259508600269,2.73657407098933,3012.45701527181,-0.0579086181110387,-4.29754096991916,4.29789868378321,30299.933376287,41.5679412841797,488.605182649878,155.403797638082,296.724161810852,1943.88062490476
83.3999981358647,3,30538.0222119303,18003.4284970424,1073.62944863492,1209.02515868462,33.5610692968403,2.74229303668099,2942.57378232043,-0.0578611580741956,-4.29926967675831,4.29964364882426,30468.810391004,41.4909729003906,489.849160288029,155.43925126609,296.727645732548,1949.83670419036
83.6199981309474,3,30707.597483053,18160.9245599211,1078.14881022082,1213.70866502339,33.4961877336536,2.74802274904334,2874.47104602998,-0.0578118226129218,-4.30100939159404,4.30135148310615,30638.1826909019,41.4144073486328,491.091303382101,155.473939025082,296.731022349384,1955.80442274353
83.83999812603,3,30877.6700105665,18319.2891886994,1082.68307134225,1218.40646268558,33.431306170467,2.7537635646238,2808.11056984035,-0.0577710272531379,-4.30276257532638,4.30310870957005,30808.0516737777,41.3382080078125,492.331616386327,155.507879917092,296.734293836441,1961.78382222141
84.0599981211126,3,31048.2411993917,18478.4541161927,1087.23224591982,1223.11856830704,33.3664246072804,2.75951503883669,2743.45023776202,-0.0577275887905493,-4.30453204530015,4.30485156772504,30978.4187425348,41.2624053955078,493.570103767823,155.541092447241,296.737462120192,1967.7749446306
84.2799981161952,3,31219.3124593386,18638.4854656529,1091.79635223998,1227.84500403285,33.3015441169773,2.76527879582353,2680.44448398625,-0.0576862255867477,-4.30630879628409,4.30664829484079,31149.2853052323,41.1869903564453,494.806769990286,155.573594594889,296.740529692502,1973.77783160212
84.4999981112778,3,31390.8852076132,18799.3327034796,1096.37540610702,1232.58578962789,33.2366614809071,2.77105450643641,2619.04357933637,-0.0576412534275222,-4.30809658896949,4.30845336529041,31320.6527761406,41.1119537353516,496.041619517504,155.605403929731,296.743498479283,1979.79252602582
84.7199981063604,3,31562.9608666306,18961.0231653516,1100.96942624794,1237.34094520367,33.1717799177204,2.7768420979508,2559.19464387995,-0.0576057697944716,-4.30989514256544,4.31024405460319,31492.52257497,41.0373138427734,497.274656835979,155.636537391358,296.746370364146,1985.81907148543
84.9399981014431,3,31735.54086695,19123.5450448763,1105.57842920123,1242.11049206454,33.1068983545338,2.78264223006729,2500.84229653593,-0.0575588429520635,-4.31169971575765,4.31203853721778,31664.8961296355,40.9630493164062,498.505886421117,155.667011333562,296.749147269547,1991.85751142968
85.1599980965257,3,31908.6267142137,19286.9252142215,1110.20254076982,1246.89441082886,33.0420178642307,2.78845256561873,2443.925727236,-0.0575497875639714,-4.31484765147718,4.31517106015211,31837.7748925455,40.8879089355469,499.735314308689,155.696846524557,296.75182748804,1997.90788946802
85.3799980916083,3,32082.2203062913,19451.1471589817,1114.84182398397,1251.69266388559,32.9771363010441,2.79426079418792,2388.38068815145,-0.057666679132142,-4.32889731110162,4.32922891283088,32011.1606122054,40.8023864746094,500.962948017939,155.726114627056,296.754381301849,2003.97024967469
85.5999980866909,3,32256.322995873,19616.206507028,1119.49586498191,1256.50534988203,32.9122536649738,2.80005864582593,2334.13949805723,-0.0579345157472678,-4.35623602344302,4.35657576005676,32185.0549477031,40.7038299560547,502.188789267291,155.754907379852,296.756772294875,2010.04463679933
85.8199980817735,3,32430.9356691088,19782.1056990413,1124.1645129104,1261.33247155569,32.8473721017872,2.80584401415338,2281.12704242988,-0.0583397969797277,-4.39545864065531,4.39579760582436,32359.458924757,40.5935760498047,503.412837908927,155.783302691665,296.758971804461,2016.13109549695
86.0399980768561,3,32606.0589875962,19948.8720996584,1128.84764779085,1266.17403601807,32.7824905386005,2.81162208839718,2229.26831991372,-0.0588823364383893,-4.44537231149454,4.4457090068484,32534.3732945708,40.4727722167969,504.635092340979,155.811366380418,296.760958504178,2022.22967151959
86.2599980719388,3,32781.6934100735,20116.4872531322,1133.54516799119,1271.03005483944,32.7176111211811,2.81739762761874,2178.48298261416,-0.0595296299570425,-4.50497310767807,4.50531702298791,32709.7985976477,40.3423461914063,505.855549665391,155.839153872863,296.762718325349,2028.34041029819
86.4799980670214,3,32957.8392114083,20284.9709002697,1138.2569854264,1275.90054196544,32.6527284851109,2.82317478371926,2128.68560286517,-0.0602920206787163,-4.57343599663901,4.57376388436191,32885.7351823786,40.2030731201172,507.074205814562,155.866711646539,296.764243654,2034.46335845231
86.699998062104,3,33134.4964955388,20454.3012854116,1142.98302498079,1280.78551427316,32.5878479948078,2.82895705401773,2079.78786633876,-0.0611568635375492,-4.65003124503549,4.65038657068374,33062.183221598,40.0556335449219,508.291055662935,155.894078459507,296.76553326933,2040.59856221703
86.9199980571866,3,33311.6652084,20624.4774095472,1147.72322038171,1285.68498871333,32.5229653587376,2.83474702216886,2031.69746342201,-0.0621343799235193,-4.73419477971895,4.73456135202176,33239.1427250765,39.9005706787109,509.506093127053,155.921286321275,296.766591878782,2046.74606832837
87.1399980522692,3,33489.3451464963,20795.5471236962,1152.47751694448,1290.59898781163,32.4580848684345,2.84054958768404,1984.31324053635,-0.063192714247537,-4.82547434012407,4.82586211712549,33416.6135496411,39.7382751464844,510.719311232936,155.948361350306,296.767429281899,2052.90592466461
87.3599980473518,3,33667.5359640516,20967.4919283231,1157.24586468929,1295.52753288731,32.3932022323643,2.84636641803948,1937.61802062889,-0.0643484321634886,-4.92352076880573,4.92387738738086,33594.5954069949,39.5690826416016,511.930702179671,155.97532476076,296.768060640367,2059.07817954351
87.5799980424345,3,33846.2371799262,21140.2792411211,1162.02821509972,1300.47064501437,32.3283217420612,2.85219870250141,1891.78060800414,-0.0655875437786179,-5.02806979107796,5.02843779513175,33773.0878713468,39.3931945800781,513.140257361497,156.002196139795,296.76850671606,2065.26288057064
87.7999980375171,3,34025.4481709421,21313.9677356249,1166.82451720184,1305.4283402246,32.2634401788746,2.85804695498809,1846.81377357425,-0.0669312027766269,-5.13885222473954,5.13924850514148,33952.0903782082,39.2108795166016,514.347967388276,156.028993344046,296.768793265402,2071.46007557959
88.0199980325997,3,34205.1681821267,21488.5107185096,1171.63472249425,1310.40063211514,32.1985575428043,2.86391274769877,1802.71993902338,-0.0683278013914313,-5.2556461120234,5.25602708837163,34131.6022250606,39.0222991943359,515.553822143997,156.055731705999,296.768950819599,2077.66981381912
88.2399980276823,3,34385.3963257218,21663.9557710385,1176.45878847657,1315.38753709819,32.1336759796177,2.86979786826356,1759.50260044175,-0.0697964806310387,-5.37823809833973,5.37865976120009,34311.6225789875,38.8276428222656,516.757810817886,156.082424402723,296.769015656018,2083.89214333891
88.4599980227649,3,34566.1315888103,21840.2813380557,1181.29666697394,1320.3890638107,32.0687954893147,2.87570241074627,1717.16540988989,-0.0713394719989168,-5.50649508452276,5.506909673337,34492.1504778016,38.6270263671875,517.959921929018,156.109082941515,296.769028427617,2090.12711415129
88.6799980178475,3,34747.3728280466,22017.5207466728,1186.14831175247,1325.40522024761,32.003913926128,2.88162766034396,1675.70767211364,-0.0729688096889218,-5.64028775191221,5.64070876119655,34673.1848314495,38.4205322265625,519.160143351051,156.135717300684,296.769035440349,2096.37477537951
88.8999980129302,3,34929.1187725312,22195.6211896998,1191.01367321379,1330.43601093237,31.9390323629414,2.88757477358849,1635.13107548357,-0.0746641366500388,-5.77950717387052,5.7799344091958,34854.7244213877,38.208251953125,520.358462311352,156.162336187766,296.769088109351,2102.63517690933
89.1199980080128,3,35111.3680266515,22374.6472526649,1195.89270436256,1335.48143847596,31.8741507997547,2.89354433010965,1595.43497877884,-0.0764256692713031,-5.92409778302617,5.92454972082452,35036.7679029258,37.9902099609375,521.554865440563,156.188947148456,296.769243318701,2108.90836861838
89.3399980030954,3,35294.1190641042,22554.5805322867,1200.78535087302,1340.54150019072,31.8092692365681,2.89953649797685,1556.61894972794,-0.0782560834154604,-6.07398664110271,6.07445288740794,35219.313803663,37.7664703369141,522.749338745814,156.215556886328,296.769563213398,2115.19440117827
89.559997998178,3,35477.3702303173,22735.4027086723,1205.69155959846,1345.61619067993,31.7443876733814,2.90555262030525,1518.680598927,-0.0801529156738821,-6.22914974983444,6.22961100205265,35402.3605207363,37.5370086669922,523.941867655071,156.242171336292,296.770115392088,2121.49332588596
89.7799979932606,3,35661.1197424288,22917.1438660338,1210.61127228724,1350.70550143475,31.6795061101948,2.91159401204425,1481.61763639969,-0.0821285843814427,-6.38955493002619,6.39003605102355,35585.9063247524,37.3018432617188,525.132436986496,156.268795758861,296.770973828696,2127.80519333343
89.9999979883432,3,35845.3656830645,23099.785712465,1215.54442662258,1355.80941719201,31.6146245470081,2.91765976619192,1445.42497782293,-0.0841503340742007,-6.55518102537728,6.55567360109963,35769.9493532598,37.0609619140625,526.321030978554,156.295434810671,296.772218006409,2134.13005530722
90.2199979834259,3,36030.1060020686,23283.3582645726,1220.49095509268,1360.92791646751,31.5497429838215,2.92374984684984,1410.10064504275,-0.0862531609080927,-6.72603708832545,6.72655820978877,35954.487610109,36.8143402099609,527.507633299841,156.322092774606,296.773933963715,2140.46796323208
90.4399979785085,3,36215.3385151967,23467.8744022844,1225.45078562022,1366.06097536659,31.4848614206348,2.92986635925099,1375.63595783347,-0.0884171315882775,-6.90212078950575,6.90264985812335,36139.5189669608,36.5619384765625,528.692227017947,156.348773509218,296.776213773028,2146.81896970823
90.6599979735911,3,36401.0608984307,23653.3046804552,1230.42384670005,1371.20856700171,31.4199798574482,2.93601023966296,1342.02688315443,-0.0906313259875365,-7.08343644930162,7.08397924706296,36325.0411564975,36.3037445068359,529.874794639968,156.375480486665,296.779156369486,2153.18312726606
90.8799979686737,3,36587.2706874013,23839.6731743977,1235.41005605315,1376.37065456771,31.3550982942616,2.9421800613406,1309.26353171306,-0.0929145057987533,-7.27000169264122,7.27053820563349,36511.0517723001,36.0397064208984,531.055318097083,156.402216967749,296.782867187187,2159.56048938945
91.0999979637563,3,36773.9652753357,24026.9815762714,1240.40932558183,1381.54719507199,31.2902167310749,2.94837682212801,1277.33905925675,-0.0952638826359549,-7.46181690919888,7.46239115280664,36697.5482658607,35.7698059082031,532.233778742077,156.428985928756,296.787459890395,2165.95110809035
91.3199979588389,3,36961.1419094708,24215.2257804242,1245.421563272,1386.73814118484,31.2253362407719,2.95460107688028,1246.24344240732,-0.0976863592620314,-7.65891353378049,7.65949256276611,36884.5279446708,35.4939819335938,533.410157357436,156.455790163052,296.793054201155,2172.35503778385
91.5399979539216,3,37148.7976904196,24404.4356064847,1250.44667033298,1391.94343831248,31.1604536047016,2.96085290722526,1215.96572098659,-0.100150683106744,-7.86129943114917,7.86189902820666,37071.9879692675,35.2122009277344,534.584434151488,156.482632263915,296.799778416412,2178.77233207958
91.7599979490042,3,37336.9295636595,24594.5787942644,1255.48454161215,1397.16302461524,31.0955731143986,2.96713342500321,1186.49466018409,-0.102688419809217,-8.06900079244364,8.0696324343116,37259.9253493129,34.9244079589844,535.756588764101,156.509514646957,296.80776847934,2185.20304509574
91.9799979440868,3,37525.5343237438,24785.699191383,1260.53507122681,1402.39683768265,31.0306915512119,2.97344446833476,1157.81611428918,-0.105268966028432,-8.2820419988755,8.28266192278791,37448.3369405953,34.63056640625,536.926600263966,156.536439590281,296.81716797471,2191.64723254833
92.1999979391694,3,37714.6048878883,24977.7693083573,1265.51101949897,1407.55942476918,30.968490051273,2.91126946566211,1129.81403602614,-0.111163822615764,-8.48028538050958,8.48097271584423,37637.2186043793,34.3500823974609,538.094424413643,156.56337993315,296.827546804163,2197.8378912081
92.419997934252,3,37904.0686450553,25170.6766058741,1269.67273335127,1411.90946543705,30.917533444408,2.56311778365778,1102.4716035574,-0.130815548121422,-8.40904208673598,8.40999856656858,37826.5327335395,34.3399597167969,539.259996006613,156.58969475411,296.83593824437,2202.91857747931
92.6399979293346,3,38093.7891617206,25364.2255689406,1272.73696476641,1415.14759109391,30.8771565427814,2.05442370359999,1075.4405277651,-0.148120456098726,-7.9795749078542,7.98088528637538,38016.159489066,34.6975860595703,540.423427001712,156.614363759526,296.841129187656,2206.95033785362
92.8599979244173,3,38283.6505715189,25558.2341998697,1274.89755275145,1417.46736371344,30.8454249372517,1.62140359583888,1047.6895046691,-0.162958602925058,-7.26259771901042,7.26435265128571,38205.9720628845,35.3519714355469,541.584849268209,156.636589846936,296.843535387162,2210.12262623441
93.0799979194999,3,38473.565801174,25752.5817237903,1276.28267964,1418.99279465666,30.8212410678898,1.25397074163424,1019.54814283196,-0.175966830831444,-6.47131818584532,6.47363734393949,38395.871759248,36.0917419433594,542.74444942089,156.65612258961,296.844311900366,2212.54238589939
93.2999979145825,3,38663.4631839926,25947.1370657808,1277.08572033036,1419.9280169839,30.8020890226398,0.973810387001752,991.384675457758,-0.187315069626718,-5.80269354454599,5.80563370115404,38585.7823243661,36.7141143798828,543.902305250702,156.673359816235,296.844496674151,2214.46013178368
93.5199979096651,3,38853.2824689167,26141.815619743,1277.46133924593,1420.43204012212,30.7868851890598,0.772439060461276,963.501267023549,-0.197326478978311,-5.23155211546052,5.2351970783523,38775.6381737261,37.2417419433594,545.058443214832,156.688655659577,296.844516987524,2215.98332134524
93.7399979047477,3,39042.9757758562,26336.5768226187,1277.49977672948,1420.59634099345,30.7747862806355,0.613557313397144,936.056402589048,-0.205072763890075,-4.73853132766445,4.7429134164477,38965.3867237792,37.6932281494141,546.212879475278,156.702292360422,296.844543964463,2217.19601287271
93.9599978998303,3,39232.5046983723,26531.391274179,1277.27224529665,1420.49299647408,30.7651389112507,0.488292824222284,909.159367647518,-0.210838692898836,-4.30857769398106,4.31364503032994,39154.9858653194,38.0830596923828,547.36562311518,156.714497650359,296.84463202992,2218.16325500525
94.179997894913,3,39421.8384502055,26726.187267229,1276.83434779945,1420.17818071109,30.7574345340763,0.389172363647786,882.883423700641,-0.216656768522324,-3.92994757397159,3.93584672815306,39344.401841524,38.4224945068359,548.516678949803,156.72546298186,296.844785769718,2218.93591170473
94.3999978899956,3,39610.9523529014,26920.9518198544,1276.22973563924,1419.69592366805,30.7512740364109,0.310533243990884,857.271267571278,-0.222381290249206,-3.59349202963687,3.60030089351695,39533.6075912368,38.7204010009766,549.666049281815,156.735346251102,296.844991016117,2219.55391881025
94.6199978850782,3,39799.8266287995,27115.6858473849,1275.49282020654,1419.08089039223,30.7463419904743,0.248013185642374,832.344406345324,-0.227951009384677,-3.29202712623923,3.29983981096965,39722.5814259659,38.9837646484375,550.813734972465,156.744278821901,296.845229171305,2220.04878675303
94.8399978801608,3,39988.4454364481,27310.3454655128,1274.65082950023,1418.36048049549,30.74238948727,0.198230126820188,808.110141214328,-0.233294918677752,-3.01983392555233,3.02871302399375,39911.3059679894,39.2181762695312,551.95973609016,156.752370834229,296.845483122932,2220.44545297142
95.0599978752434,3,40176.7962001357,27504.9009196514,1273.72892850461,1417.55997573433,30.7390903701817,0.161809480791877,784.564381306404,-0.238412440143731,-2.77227324018149,2.78240221986475,40099.7673255468,39.4281433105469,553.104052462365,156.759715392216,296.845750285963,2220.77653874204
95.279997870326,3,40364.8718481909,27699.3838940388,1272.78287356211,1416.73522854267,30.7358470430408,0.147988438626444,761.735151403471,-0.243303155306028,-2.54368574420901,2.5551608234534,40287.9557516911,39.6191955566406,554.246685296166,156.766389189594,296.846068364829,2221.10215630086
95.4999978654087,3,40552.6718439038,27893.797453274,1271.83899974532,1415.9125542397,30.7326026430164,0.147902794449877,739.614775682704,-0.248001357005038,-2.3294570135208,2.34247346882817,40475.868470648,39.7958831787109,555.387637329508,156.772453830379,296.846442793677,2221.42780943902
95.7199978604913,3,40740.196689117,28088.1089704414,1270.89744106252,1415.09208679772,30.729358242992,0.148176980640337,718.159309022709,-0.252508088595819,-2.12863410622057,2.14339928137164,40663.5058352109,39.9591705322266,556.526911348719,156.777964595064,296.846874262976,2221.75349811001
95.9399978555739,3,40927.4468575996,28282.3353955919,1269.95813667834,1414.27377612883,30.7261138429676,0.148429300509427,697.323738380309,-0.256801145594948,-1.94039718003982,1.95716376237072,40850.8683316152,40.1098663330078,557.664509996464,156.782971546636,296.847362898454,2222.07922231025
96.1589895542711,3,41103.259286646,28475.5453552931,1268.90394459803,1413.33352068309,30.7261138429676,0.0683629144098736,677.751160787701,-0.260762842752611,-1.77872242253197,1.79759580711472,41022.6925815874,40.2364532470703,557.664509996464,156.787507027947,296.847362898454,2222.07922231025
96.3682376015931,3,41265.941110156,28660.0489140236,1267.80517579508,1412.34051765232,30.7261138429676,0.0120369056874651,660.555510501924,-0.26400597867676,-1.64805059673979,1.66897334216265,41172.9319885159,40.3347229003906,557.664509996464,156.791486712281,296.847362898454,2222.07922231025
96.5805923379958,3,41430.7855264654,28847.1725849309,1266.6916573963,1411.3343628286,30.7261138429676,0.0190312150348162,643.480395222529,-0.267051384437936,-1.52215573700198,1.54534954759032,41324.1030490402,40.4276763916016,557.664509996464,156.79520266873,296.847362898454,2222.07922231025
96.7875710967928,3,41591.211416092,29029.4139154061,1265.60782861948,1410.35520694774,30.7261138429676,0.0189759701592138,627.168660950336,-0.269861119920503,-1.40482552600302,1.43049758077245,41471.2397042439,40.512841796875,557.664509996464,156.798534607716,296.847362898454,2222.07922231025
97.0198660157621,3,41771.5216135785,29233.8287844801,1264.38945598897,1409.25470334372,30.7261138429676,0.0180883951630874,609.151706277643,-0.272857010641712,-1.27897763841739,1.30777832387053,41636.6895012685,40.6024230957031,557.664509996464,156.801958718608,296.847362898454,2222.07922231025
97.2598660103977,3,41968.5378713124,29444.8554380931,1263.05793692908,1408.05224063278,30.7261138429676,0.0129655088051006,590.524369345031,-0.27593741652726,-1.14820057720947,1.18088816604911,41821.2730662388,40.6934234619141,557.664509996464,156.805170707665,296.847362898454,2222.07922231025
97.4998660050333,3,42170.4526226565,29655.7323813604,1261.69302178414,1406.81987997489,30.7261138429676,0.007816023612582,572.292493634077,-0.278943415178543,-1.02124839256535,1.05852914844146,42019.1882848988,40.779443359375,557.664509996464,156.80807853877,296.847362898454,2222.07922231025
97.7398659996688,3,42372.0544843689,29866.4299056767,1260.32990558312,1405.58941061964,30.7261138429676,0.0026708203005089,554.588699426474,-0.281806602544199,-0.901558103951816,0.944464657254979,42220.8451748554,40.85810546875,557.664509996464,156.810709097585,296.847362898454,2222.07922231025
97.9798659943044,3,42573.2768944663,30076.9789367582,1258.96901287263,1404.36121418111,30.7261138429676,0.00172617417203895,537.402610682797,-0.284508725691318,-0.788759452561972,0.838433837931287,42422.3521790278,40.9297790527344,557.664509996464,156.81308718292,296.847362898454,2222.07922231025
98.21986598894,3,42774.1201036183,30287.3660328673,1257.61031860557,1403.13526624362,30.7261138429676,0.00162359910831262,520.722287647676,-0.287062453960224,-0.682451324612087,0.740406028053238,42623.4797941584,40.9948791503906,557.664509996464,156.815235527874,296.847362898454,2222.07922231025
98.4598659835756,3,42974.5843570287,30497.6057811338,1256.25379978959,1401.91154428269,30.7261138429676,0.00153264114490048,504.536526430968,-0.289464864805839,-0.582260960212694,0.650280886693393,42824.2282695909,41.0537719726563,557.664509996464,156.817174947935,296.847362898454,2222.07922231025
98.6998659782112,3,43174.6698931316,30707.6987483661,1254.89943536514,1400.69002757,30.7261138429676,0.00145223263232341,488.83355554561,-0.291744744120177,-0.487829731975137,0.568291425310703,43024.5978486671,41.1068115234375,557.664509996464,156.818924466312,296.847362898454,2222.07922231025
98.9398659728467,3,43374.3863887529,30917.6777674336,1253.78418785646,1399.70684430763,30.7143174877201,0.150012603494374,473.688902787973,-0.294242481736155,-0.399050507910178,0.495767907350798,43224.5900291066,41.1540588378906,557.867100215786,156.820502189599,296.851444125457,2223.26423290849
99.1798659674823,3,43573.8185479477,31127.6372998925,1253.14502309002,1399.19807620585,30.7143174877201,0.150087665901857,459.422707368528,-0.294928273932847,-0.315601935728891,0.432003864727733,43424.2388924422,41.1958160400391,557.867100215786,156.821923986179,296.851444125457,2223.26423290849
99.4198659621179,3,43772.9539254611,31337.4534264347,1252.03399870358,1398.21910244538,30.7143174877201,0.150156160771059,445.322087189547,-0.295554502117797,-0.236437403991196,0.379061558537269,43623.598422651,41.2333404541016,557.867100215786,156.823202190195,296.851444125457,2223.26423290849
99.6598659567535,3,43971.7147360136,31547.1108023194,1250.68807885936,1397.00611054384,30.7143174877201,0.150218466878037,431.399992194904,-0.297542982356186,-0.161852483060184,0.339525025716406,43822.6362586721,41.2662567138672,557.867100215786,156.824351202619,296.851444125457,2223.26423290849
99.8998659513891,3,44170.0981421085,31756.610015531,1249.34423077094,1395.79524137207,30.7143174877201,0.00117614619227934,417.90558423359,-0.299379608543083,-0.0916126238070863,0.313716070361815,44021.3027226802,41.2947357177734,557.867100215786,156.825383051417,296.851444125457,2223.26423290849
100.139865946025,3,44368.1043611427,31965.9516169073,1248.00244130044,1394.58648164365,30.7143174877201,0.0011403158955545,404.828364356444,-0.301105678752848,-0.025387974980925,0.302861876656294,44219.5918365571,41.3191070556641,557.867100215786,156.826313163147,296.851444125457,2223.26423290849
100.37986594066,3,44565.7336061126,32175.1501449676,1246.66266926074,1393.37979008377,30.7143174877201,0.00111650937334593,392.157025667616,-0.302740483808175,0.0370485984819182,0.306045082759152,44417.50381666,41.3395874023438,557.867100215786,156.82724277302,296.851444125457,2223.26423290849
100.619865935296,3,44762.9860772313,32384.1761866914,1245.32483464209,1392.17508665754,30.7143174877201,0.00110557359616572,379.881181819952,-0.304280088894623,0.0959289955622315,0.319842270111859,44615.0388724642,41.3564361572266,557.867100215786,156.828209646037,296.851444125457,2223.26423290849
100.859865929931,3,44959.8619651733,32593.060294975,1243.9889081649,1390.97234178595,30.7143174877201,0.0011053866482855,367.989795187552,-0.305744300143536,0.151455475076627,0.341351045593838,44812.1972017491,41.3698486328125,557.867100215786,156.829207361406,296.851444125457,2223.26423290849
101.099865924567,3,45156.3614603129,32801.8049683147,1242.65489467765,1389.77155987995,30.7143174877201,0.00111050625269873,356.472282432878,-0.307136134814726,0.203818131467927,0.368343723327079,45008.9789954264,41.3799896240234,557.867100215786,156.830230908043,296.851444125457,2223.26423290849
101.339865919203,3,45352.4847544475,33010.3788674993,1241.32279865357,1388.5727449908,30.7143174877201,0.00111414403258585,345.318294904134,-0.308457942677667,0.253195872128514,0.398849504291402,45205.3844443299,41.3870513916016,557.867100215786,156.831275389856,296.851444125457,2223.26423290849
101.579865913838,3,45548.2320390027,33218.7984876967,1239.99262446991,1387.37590107946,30.7143174877201,0.00111643068249189,334.517267124496,-0.309707228047885,0.299776921674991,0.430960421036805,45401.4137400647,41.3912353515625,557.867100215786,156.832336100014,296.851444125457,2223.26423290849
101.819865908474,3,45743.6035053995,33427.0783392938,1238.66437613776,1386.18103175574,30.7143174877201,0.00111747407671168,324.059200473671,-0.310883370134334,0.343723544774332,0.463049875318164,45597.0670740781,41.3926849365234,557.867100215786,156.833408839321,296.851444125457,2223.26423290849
102.059865903109,3,45938.5993448719,33635.189148753,1237.33805726493,1384.98814022686,30.7143174877201,0.00111735648675083,313.933754715673,-0.311995460827814,0.385184442264158,0.495196487438595,45792.3446377108,41.3915557861328,557.867100215786,156.834489855284,296.851444125457,2223.26423290849
102.299865897745,3,46133.219749258,33843.1631542502,1236.01367104214,1383.79722928909,30.7143174877201,0.0011162280485223,304.130648660713,-0.313059605097694,0.424307184842324,0.526794390922212,45987.246622402,41.3879974365234,557.867100215786,156.835575830344,296.851444125457,2223.26423290849
102.53986589238,3,46327.4649111985,34050.9850261353,1234.69122021581,1382.60830130163,30.7143174877201,0.00111419062681088,294.639956198704,-0.314062357855592,0.461220514920063,0.557726438730396,46181.7732202073,41.3821380615234,557.867100215786,156.836663789473,296.851444125457,2223.26423290849
102.779865887016,3,46521.3350223984,34258.6534895557,1233.37070723177,1381.42135832081,30.7143174877201,0.00111137631885245,285.45172593972,-0.315011603055176,0.496061500301786,0.587546058034966,46375.9246234585,41.3741119384766,557.867100215786,156.837751105017,296.851444125457,2223.26423290849
103.019865881652,3,46714.8302741754,34466.1866643274,1232.05213421262,1380.23640208304,30.7143174877201,0.00110786758726274,276.556059834482,-0.315904719875216,0.528948372439581,0.615942196632927,46569.7010237458,41.3640441894531,557.867100215786,156.838835436768,296.851444125457,2223.26423290849
103.259865876287,3,46907.9508582871,34673.5535790018,1230.73550299629,1379.05343404149,30.7143174877201,0.00110377931639938,267.943521518725,-0.316755278911111,0.55999774867175,0.643274349808908,46763.102612658,41.3520385742188,557.867100215786,156.839914720965,296.851444125457,2223.26423290849
103.499865870923,3,47100.6969655545,34880.7705235268,1229.42081517942,1377.87245540463,30.7143174877201,0.00109916423414764,259.603780125858,-0.31756621901242,0.5893191070892,0.669169563943887,46956.1295815132,41.3382110595703,557.867100215786,156.840987134761,296.851444125457,2223.26423290849
103.739865865558,3,47293.0687876114,35087.8519632975,1228.10807217794,1376.69346719749,30.7143174877201,0.00109411394069665,251.527863120522,-0.318339986960155,0.617004312238592,0.693954824947245,47148.7821214745,41.32265625,557.867100215786,156.842051069565,296.851444125457,2223.26423290849
103.979865860194,3,47485.066515267,35294.7861798692,1226.79727513222,1375.51647017176,30.7143174877201,0.00108868437723565,243.706091730371,-0.319080041632988,0.643156991250848,0.717747667863354,47341.0604238917,41.3054779052734,557.867100215786,156.843105095075,296.851444125457,2223.26423290849
104.21986585483,3,47676.6903393039,35501.5702602243,1225.48842509444,1374.34146498434,30.7143174877201,0.00108292586432935,236.128874163429,-0.319781999165651,0.667863594388825,0.740276759435006,47532.9646796421,41.2867614746094,557.867100215786,156.844147960231,296.851444125457,2223.26423290849
104.459865849465,3,47867.9404491832,35708.2064581327,1224.18152294198,1373.16845211643,30.7143174877201,0.00107690650366839,228.786923397294,-0.320451211958011,0.691208954809035,0.761752722833732,47724.4950790594,41.2665893554688,557.867100215786,156.845178567866,296.851444125457,2223.26423290849
104.699865844101,3,48058.8170346321,35914.695284698,1222.87656935427,1371.99743185129,30.7143174877201,0.00107065832240431,221.671236230226,-0.321091528807931,0.713270377071754,0.782162550480207,47915.6518117833,41.2450378417969,557.867100215786,156.846195944563,296.851444125457,2223.26423290849
104.939865838736,3,48249.320285782,36121.0217087247,1221.57356496747,1370.82840442086,30.7143174877201,0.00106423670558653,214.772436062055,-0.321692013082263,0.734120867358114,0.801326344894563,48106.4350676502,41.2221801757812,557.867100215786,156.847199251123,296.851444125457,2223.26423290849
105.179865833372,3,48439.4503915766,36327.217371964,1220.27251027329,1369.66136991273,30.7143174877201,0.001057661528941,208.081425162087,-0.322274655716902,0.753837100180939,0.819651823373471,48296.8450364194,41.1980895996094,557.867100215786,156.84818775334,296.851444125457,2223.26423290849
105.419865828007,3,48629.2075398746,36533.2672099944,1218.97340568793,1368.49632833258,30.7143174877201,0.00105097326810907,201.589337633256,-0.322832760403333,0.77248572406764,0.83713810083469,48486.8819067257,41.1728393554688,557.867100215786,156.849160808145,296.851444125457,2223.26423290849
105.659865822643,3,48818.5919193912,36739.1856537866,1217.67625153358,1367.3332795919,30.7143174877201,0.00104419776113553,195.287204199429,-0.323352672094917,0.790127603352804,0.853462502824189,48676.545866769,41.1464935302734,557.867100215786,156.850117851708,296.851444125457,2223.26423290849
105.899865817279,3,49007.6037178313,36944.9453761937,1216.38104808498,1366.17222354922,30.7143174877201,0.00103736056913255,189.166270595432,-0.323849866198598,0.806822212590543,0.869072516640726,48865.8371049595,41.1191009521484,557.867100215786,156.85105841275,296.851444125457,2223.26423290849
106.139865811914,3,49196.2431215451,37150.5453750492,1215.0877955414,1365.01315998332,30.7143174877201,0.00103047399925365,183.217730833573,-0.324324594429205,0.822624190532902,0.884033589770202,49054.7558085751,41.0907257080078,557.867100215786,156.851982058234,296.851444125457,2223.26423290849
106.37986580655,3,49384.51031791,37356.0309532365,1213.79649410605,1363.85608866943,30.7143174877201,0.00102354959360126,177.43837146801,-0.324780221077137,0.837578737958655,0.898112094290161,49243.3021643707,41.0614074707031,557.867100215786,156.852888432142,296.851444125457,2223.26423290849
106.619865801185,3,49572.405493943,37561.3593405965,1212.50714390973,1362.70100931087,30.7143174877201,0.00101661247603903,171.828854722276,-0.325217152546249,0.851743828903647,0.911587139997632,49431.4763595781,41.0312072753906,557.867100215786,156.853777273166,296.851444125457,2223.26423290849
106.859865795821,3,49759.92883532,37766.5434961947,1211.21974494412,1361.54792146925,30.7143174877201,0.00100968523524281,166.385470650746,-0.3256359251405,0.865165302688179,0.924294374520597,49619.2785808294,41.0001586914062,557.867100215786,156.854648384413,296.851444125457,2223.26423290849
107.099865790457,3,49947.0805271606,37971.5868600308,1209.93429716707,1360.39682466701,30.7143174877201,0.00100279300526419,161.104281264678,-0.326039925232971,0.87788029950016,0.936202713263918,49806.7090136554,40.9683166503906,557.867100215786,156.855501629835,296.851444125457,2223.26423290849
107.339865785092,3,50133.860754491,38176.5023554136,1208.65080053715,1359.24771842204,30.7143174877201,0.00099594126001253,155.98182190856,-0.326424296880432,0.889939265699691,0.947670353167439,49993.767843225,40.9357116699219,557.867100215786,156.856336927456,296.851444125457,2223.26423290849
107.579865779728,3,50320.2697015928,38381.2473905372,1207.36925495625,1358.10060219238,30.7143174877201,0.000989142314925485,151.014326166574,-0.326793228586563,0.901377352354459,0.958533229061963,50180.4552543414,40.9023956298828,557.867100215786,156.857154238474,296.851444125457,2223.26423290849
107.819865774363,3,50506.3075522255,38585.8808655324,1206.08966030105,1356.9554754063,30.7143174877201,0.000982403193392834,146.19815396704,-0.327149686378219,0.912229960664833,0.968829767728585,50366.7714311594,40.8683990478516,557.867100215786,156.857953568265,296.851444125457,2223.26423290849
108.059865768999,3,50691.9744899289,38790.3449314991,1204.81201638025,1355.81233742304,30.7143174877201,0.000975750375442285,141.529640022399,-0.327492203363417,0.922530719929093,0.978597416470895,50552.7165573952,40.8337524414062,557.867100215786,156.858734965528,296.851444125457,2223.26423290849
108.299865763634,3,50877.2706980159,38994.6983794558,1203.53632301421,1354.67118760861,30.7143174877201,0.000969167482385844,137.005389296696,-0.327822522915182,0.932309654738125,0.988070085385943,50738.2908165427,40.7984924316406,557.867100215786,156.859498509817,296.851444125457,2223.26423290849
108.53986575827,3,51062.1963585111,39198.8986610452,1202.26258001819,1353.53202531657,30.7143174877201,0.000962681083385043,132.621678963278,-0.328143279673237,0.941602147337963,0.996963727683683,50923.4943915071,40.762646484375,557.867100215786,156.860244318344,296.851444125457,2223.26423290849
108.779865752906,3,51246.7516529937,39402.9449853598,1200.99078712171,1352.39484981649,30.7143174877201,0.000956295622794135,128.375144372349,-0.328443730304905,0.950432458620849,1.00534888339956,51108.327464271,40.7262512207031,557.867100215786,156.86097253034,296.851444125457,2223.26423290849
109.019865747541,3,51430.9367627778,39606.8821009188,1199.72094408781,1351.25966040524,30.7143174877201,0.000950003794959705,124.262281532492,-0.328735421363849,0.958833228006698,1.01343408199543,51292.7902163656,40.6893218994141,557.867100215786,156.861683314461,296.851444125457,2223.26423290849
109.259865742177,3,51614.751868963,39810.6675349054,1198.45305069027,1350.12645638294,30.7143174877201,0.000943816474919588,120.279676828187,-0.329014420566434,0.966823209510083,1.02105174856564,51476.882829027,40.6518768310547,557.867100215786,156.862376860128,296.851444125457,2223.26423290849
109.499865736812,3,51798.1971521094,40014.3005619179,1197.18710665826,1348.99523700633,30.7143174877201,0.000937734794983641,116.423825304902,-0.329289588905642,0.974429593984283,1.02842359784335,51660.6054832388,40.6139587402344,557.867100215786,156.863053381364,296.851444125457,2223.26423290849
109.739865731448,3,51981.2727914281,40217.811900709,1195.92311172714,1347.86600153256,30.7143174877201,0.000931754688178413,112.691379933798,-0.329554458377415,0.981677100603818,1.03534574687085,51843.9583591624,40.5755859375,557.867100215786,156.863713110833,296.851444125457,2223.26423290849
109.979865726084,3,52163.9789669558,40421.1730428698,1194.6610656494,1346.73874922952,30.7143174877201,0.000925889827182737,109.079028604625,-0.329809812357163,0.98857965507673,1.04194012766909,52026.9416362966,40.536767578125,557.867100215786,156.864356289973,296.851444125457,2223.26423290849
110.219865720719,3,52346.3158574604,40624.4122196408,1193.40096812721,1345.61347931686,30.7143174877201,0.00092013402393521,105.583450021282,-0.330057973275217,0.995163477396945,1.04836229548094,52209.5554942995,40.4975341796875,557.867100215786,156.864983178159,296.851444125457,2223.26423290849
110.459865715355,3,52528.283640261,40827.4871693858,1192.14281886251,1344.49019101083,30.7143174877201,0.000914494804151157,102.201317680662,-0.330294575864755,1.00144709409777,1.05443040532529,52391.8001115646,40.4579071044922,557.867100215786,156.865594047813,296.851444125457,2223.26423290849
110.69986570999,3,52709.8824932461,41030.456154077,1190.88661761893,1343.3688835786,30.7143174877201,0.000908971065734925,98.9294413883557,-0.330521486443542,1.00745087396907,1.0600941687673,52573.6756656183,40.4179016113281,557.867100215786,156.866189178678,296.851444125457,2223.26423290849
110.939865704626,3,52891.1125945159,41233.2768961601,1189.63236409517,1342.24955622626,30.7143174877201,0.000903576204841081,95.7645157706219,-0.330750818855195,1.01318164477634,1.06556266724636,52755.182334412,40.3775238037109,557.867100215786,156.866768859185,296.851444125457,2223.26423290849
111.179865699261,3,53071.9741202547,41435.9637469564,1188.38005802008,1341.13220818221,30.7143174877201,0.00089827384860803,92.7034313582686,-0.330970411680348,1.01866148091827,1.07085692765136,52936.3202954671,40.3367950439453,557.867100215786,156.867333386727,296.851444125457,2223.26423290849
111.419865693897,3,53252.4672468998,41638.517186212,1187.12969914165,1340.01683869015,30.7143174877201,0.000893106850241153,89.7428670917126,-0.331185068701543,1.02390619452428,1.07588903268721,53117.0897250866,40.2957366943359,557.867100215786,156.867883058955,296.851444125457,2223.26423290849
111.659865688533,3,53432.59214996,41840.9238446319,1185.88128718772,1338.90344697393,30.7143174877201,0.000888033367461181,86.8798362964747,-0.331394743191048,1.02893125222966,1.08077038258005,53297.4907994995,40.2543579101563,557.867100215786,156.868418182735,296.851444125457,2223.26423290849
111.899865683168,3,53612.3490038208,42043.2129357171,1184.63482196665,1337.79203232727,30.7143174877201,0.000883077491791203,84.1111957810912,-0.331606907706963,1.03374707236789,1.08541407403864,53477.5236938889,40.2126770019531,557.867100215786,156.868939064706,296.851444125457,2223.26423290849
112.139865677804,3,53791.7379836966,42245.3690072171,1183.39030325209,1336.68259400917,30.7143174877201,0.000878211552637042,81.4337702163675,-0.331815833181983,1.03836263547047,1.08989383552422,53657.1885829433,40.1706878662109,557.867100215786,156.869446012451,296.851444125457,2223.26423290849
112.379865672439,3,53970.7592638649,42447.3797452181,1182.1477308037,1335.57513126339,30.7143174877201,0.000873461961234802,78.8445815500121,-0.332016609292536,1.04279341815942,1.09412321582919,53836.4856415726,40.1284210205078,557.867100215786,156.8699393317,296.851444125457,2223.26423290849
112.619865667075,3,54149.4130170077,42649.2456303253,1180.90710441331,1334.46964335981,30.7143174877201,0.000868805714727078,76.3406141118212,-0.332213632141204,1.04705305132936,1.09824681050008,54015.4150435245,40.0858856201172,557.867100215786,156.87041933129,296.851444125457,2223.26423290849
112.859865661711,3,54327.6994170261,42851.0096122574,1179.66842391689,1333.36612960784,30.7143174877201,0.000864256438573074,73.9188041984578,-0.332413098187274,1.05114952080781,1.1022131162844,54193.9769620091,40.0430786132813,557.867100215786,156.870886313284,296.851444125457,2223.26423290849
113.099865656346,3,54505.6186363375,43052.6148915152,1178.43168912369,1332.26458929037,30.7143174877201,0.000859806359321954,71.5762914183773,-0.33260234116052,1.05508812660843,1.10612984638289,54372.1715704418,40.0000274658203,557.867100215786,156.871340577423,296.851444125457,2223.26423290849
113.339865650982,3,54683.1708471119,43254.1053303069,1177.19689989337,1331.16502173339,30.7143174877201,0.00085543983920265,69.3100051950462,-0.332780337156886,1.05888448516187,1.10982130617285,54549.99904122,39.9567321777344,557.867100215786,156.871782419836,296.851444125457,2223.26423290849
113.579865645617,3,54860.3562207967,43455.4527872293,1175.964056079,1330.06742625443,30.7143174877201,0.000851179802324951,67.1171362119661,-0.332961775758657,1.06254152226551,1.11325429287434,54727.4595463204,39.9132019042969,557.867100215786,156.872212134989,296.851444125457,2223.26423290849
113.819865640253,3,55037.1749275401,43656.6707073968,1174.73315752251,1328.97180215807,30.7143174877201,0.000847005811379973,64.994720523608,-0.333138262360797,1.06607771747294,1.1167291871933,54904.5532568234,39.8694396972656,557.867100215786,156.872630011186,296.851444125457,2223.26423290849
114.059865634888,3,55213.6271379433,43857.7613085632,1173.5042041621,1327.87814883593,30.7143174877201,0.000842914851108056,62.9399474093938,-0.333307357247343,1.06949758095943,1.12008857603543,55081.2803430233,39.8254608154297,557.867100215786,156.873036326545,296.851444125457,2223.26423290849
114.299865629524,3,55389.7130228194,44058.7103531425,1172.2771959116,1326.786465656,30.7143174877201,0.000838908446850789,60.9499562254674,-0.333475611829291,1.07280069228166,1.1232464969712,55257.6409756398,39.7812774658203,557.867100215786,156.87343135448,296.851444125457,2223.26423290849
114.53986562416,3,55565.4327512378,44259.5459625197,1171.05213270497,1325.69675200169,30.7143174877201,0.000834978592758354,59.0219147094295,-0.333641836069264,1.07599749544385,1.1262387835333,55433.6353249235,39.7368804931641,557.867100215786,156.873815362561,296.851444125457,2223.26423290849
114.779865618795,3,55740.7864916173,44460.2409573866,1169.82901449643,1324.60900727297,30.7143174877201,0.000831133622543107,57.1531157720056,-0.333807112429595,1.07909074119486,1.12931019378829,55609.2635598407,39.69228515625,557.867100215786,156.874188641445,296.851444125457,2223.26423290849
115.019865613431,3,55915.7744130269,44660.8242108767,1168.60784114517,1323.52323077387,30.7143174877201,0.000827373272294333,55.3407687481431,-0.333965520066369,1.08208617675861,1.13225193394303,55784.5258490033,39.6474853515625,557.867100215786,156.874551688876,296.851444125457,2223.26423290849
115.259865608066,3,56090.3966837085,44861.2531918008,1167.38861240385,1322.43942169602,30.7143174877201,0.000823723503750239,53.5821327851866,-0.334125940678414,1.08499772040964,1.1351002990564,55959.4223612335,39.6025054931641,557.867100215786,156.874905050164,296.851444125457,2223.26423290849
115.499865602702,3,56264.6534710197,45061.5567881595,1166.17132804292,1321.35757924286,30.7143174877201,0.000820166630118589,51.8745382049061,-0.334288903297906,1.08782503019227,1.13773473749727,56133.9532645566,39.5573455810547,557.867100215786,156.875249218874,296.851444125457,2223.26423290849
115.739865597337,3,56438.5449415381,45261.7499805178,1164.95598786943,1320.27770265231,30.7143174877201,0.000816707974043552,50.2152678772224,-0.334449033777857,1.09057584067609,1.14043191266228,56308.1187261417,39.5120025634766,557.867100215786,156.875584637981,296.851444125457,2223.26423290849
115.979865591973,3,56612.0712616534,45461.8048626149,1163.74259169311,1319.19979116592,30.7143174877201,0.000813346537525568,48.6019505390437,-0.334604703372521,1.09325345105134,1.14312254990265,56481.9189125382,39.4664855957031,557.867100215786,156.875911708665,296.851444125457,2223.26423290849
116.219865586609,3,56785.2325971305,45661.7357133035,1162.53113940721,1318.12384410177,30.7143174877201,0.000810084780788616,47.0365800233258,-0.334754027820071,1.09585944469619,1.14570472610073,56655.3539899405,39.4207946777344,557.867100215786,156.87623080021,296.851444125457,2223.26423290849
116.459865581244,3,56958.0291132136,45861.5291906424,1161.32163093981,1317.04986081117,30.7143174877201,0.000806915025427412,45.5196358146924,-0.334908169346179,1.0983966492583,1.14811045008594,56828.4241240327,39.3749389648438,557.867100215786,156.876542266832,296.851444125457,2223.26423290849
116.69986557588,3,57130.4609747382,46061.1995614897,1160.11406628939,1315.97784070801,30.7143174877201,0.000803807264453864,44.0499520967481,-0.335060349870472,1.10087711227401,1.15049415163338,57001.129479929,39.3289215087891,557.867100215786,156.876846432661,296.851444125457,2223.26423290849
116.939865570515,3,57302.5283460943,46260.7472883004,1158.90844547562,1314.90778322448,30.7143174877201,0.000800771573405005,42.6263263685564,-0.335216390309305,1.10330169632138,1.15292368128932,57173.4702223407,39.2827484130859,557.867100215786,156.877143594927,296.851444125457,2223.26423290849
117.179865565151,3,57474.2313910895,46460.1590350325,1157.70476858448,1313.83968785542,30.7143174877201,0.000797787507747146,41.2200842421284,-0.33537088198903,1.10567202552631,1.1552637613565,57345.4465155213,39.2364227294922,557.867100215786,156.877433963084,296.851444125457,2223.26423290849
117.419865559787,3,57645.5702730597,46659.4634190012,1156.50303579223,1312.77355418369,30.7143174877201,0.000794862675519656,39.8443918239391,-0.335519877605793,1.10799365918712,1.15746369196807,57517.0585231415,39.1899444580078,557.867100215786,156.877717670225,296.851444125457,2223.26423290849
117.659865554422,3,57816.5451547394,46858.6327035138,1155.30324728805,1311.70938180123,30.7143174877201,0.000791965623450994,38.5061200231917,-0.335677749635593,1.11026792635298,1.15972685384251,57688.3064084421,39.143310546875,557.867100215786,156.877994914035,296.851444125457,2223.26423290849
117.899865549058,3,57987.1561986243,47057.6668254464,1154.10540333934,1310.64717036764,30.7143174877201,0.000789117493296627,37.2051683731503,-0.335820001215215,1.11249537032387,1.16186785355431,57859.1903340552,39.0965362548828,557.867100215786,156.878265875075,296.851444125457,2223.26423290849
118.139865543693,3,58157.4035668966,47256.581108363,1152.90950414347,1309.58691947783,30.7143174877201,0.000786303817568414,35.9414479830566,-0.335960820083181,1.11468408824907,1.16402169594739,58029.7104624326,39.0496185302734,557.867100215786,156.878530721086,296.851444125457,2223.26423290849
118.379865538329,3,58327.2874209832,47455.3897324367,1151.71554990847,1308.528628733,30.7143174877201,0.000783534665717432,34.7146881811048,-0.33610321373106,1.11683670676196,1.16605399157566,58199.8669555489,39.0025665283203,557.867100215786,156.878789606891,296.851444125457,2223.26423290849
118.619865532964,3,58496.8079220837,47654.0645834894,1150.52354090218,1307.47229778732,30.7143174877201,0.000780809735628107,33.5245896180352,-0.33624766107664,1.11895544603226,1.16818342268599,58369.659974749,38.95537109375,557.867100215786,156.879042673694,296.851444125457,2223.26423290849
118.8598655276,3,58665.9652306184,47852.606630725,1149.33347747489,1306.4179263687,30.7143174877201,0.000778111635749293,32.3707669580162,-0.336389831287805,1.12103379493468,1.1702419360986,58539.0896810429,38.9080383300781,557.867100215786,156.879290052242,296.851444125457,2223.26423290849
119.099865522236,3,58834.7595061235,48051.0305422898,1148.14535993126,1305.3655141619,30.7143174877201,0.000775436415265561,31.2527757990333,-0.336530064512026,1.12308292363887,1.17219682035041,58708.156234637,38.8605651855469,557.867100215786,156.879531864491,296.851444125457,2223.26423290849
119.339865516871,3,59003.1909080382,48249.3362980559,1146.95918861076,1304.31506088192,30.7143174877201,0.000772789512795481,30.1701190076381,-0.336667184179964,1.1250992762471,1.1740983599064,58876.85979504,38.8129699707031,557.867100215786,156.879768222907,296.851444125457,2223.26423290849
119.579865511507,3,59171.2595966398,48447.5105778266,1145.77496388848,1303.26656627466,30.7143174877201,0.000770177953477649,29.1222453964713,-0.336800237872637,1.12708443103344,1.17609661130684,59045.2005220168,38.7652404785156,557.867100215786,156.879999233052,296.851444125457,2223.26423290849
119.819865506142,3,59338.965730029,48645.5676083634,1144.5926861573,1302.22003009913,30.7143174877201,0.00076758393925004,28.1085105270047,-0.336937546387845,1.12905053462342,1.17815798232233,59213.1785751209,38.7173797607422,557.867100215786,156.880224995181,296.851444125457,2223.26423290849
120.059865500778,3,59506.3094663135,48843.5078389545,1143.41235579623,1301.17545209762,30.7143174877201,0.000765021645532734,27.1282846394546,-0.337076138131903,1.13099148167862,1.18006658876849,59380.7941125137,38.6693939208984,557.867100215786,156.880445604463,296.851444125457,2223.26423290849
120.299865495414,3,59673.290963748,49041.31828594,1142.23397321794,1300.13283204294,30.7143174877201,0.00076247884858453,26.1808693769852,-0.33720770098108,1.13290969515672,1.18180650101384,59548.0472924324,38.6212921142578,557.867100215786,156.880661150416,296.851444125457,2223.26423290849
120.539865490049,3,59839.9103791293,49239.0124780115,1141.05753886748,1299.09216973491,30.7143174877201,0.000759961594082759,25.2655171033117,-0.337347013769374,1.13480580079171,1.18369257591498,59714.9382725963,38.5730499267578,557.867100215786,156.880871720475,296.851444125457,2223.26423290849
120.779865484685,3,60006.1678693017,49436.5777539976,1139.88305321311,1298.05346499219,30.7143174877201,0.000757466033030515,24.3814591832863,-0.337485572170302,1.13668312996557,1.18549319293151,59881.4672099255,38.5246917724609,557.867100215786,156.881077398575,296.851444125457,2223.26423290849
121.01986547932,3,60172.0635906588,49634.0279885865,1138.71051669472,1297.0167176045,30.7143174877201,0.000754995276817343,23.5279192211652,-0.337625858774412,1.13854813129966,1.1873570059533,60047.6342611358,38.476220703125,557.867100215786,156.881278266729,296.851444125457,2223.26423290849
121.259865473956,3,60337.5976994762,49831.3636224122,1137.53992980107,1295.98192740307,30.7143174877201,0.000752538228602769,22.7040314869045,-0.337761358346725,1.14038990309002,1.18920128779396,60213.4395826411,38.4276245117187,557.867100215786,156.881474403483,296.851444125457,2223.26423290849
121.499865468591,3,60502.7703511099,50028.5853390971,1136.37129306385,1294.94909425739,30.7143174877201,0.000750104636711409,21.9089928365302,-0.337893939829948,1.1422136754533,1.19107583268806,60378.8833303759,38.3788970947266,557.867100215786,156.881665885681,296.851444125457,2223.26423290849
121.739865463227,3,60667.5817009236,50225.6795586786,1135.20460697635,1293.91821799783,30.7143174877201,0.000747687453362812,21.1418924081445,-0.338027621085991,1.14402021081123,1.19279959850362,60543.9656598408,38.3300506591797,557.867100215786,156.881852789869,296.851444125457,2223.26423290849
121.979865457863,3,60832.0319032022,50422.6327812342,1134.03987206232,1292.88929847966,30.7143174877201,0.000745283305348655,20.4018794605874,-0.338164873589646,1.14581264249841,1.19460287430347,60708.6867259866,38.2810913085938,557.867100215786,156.882035192258,296.851444125457,2223.26423290849
122.219865452498,3,60996.1211121561,50619.5010417655,1132.877088897,1291.86233560292,30.7143174877201,0.000742897557560548,19.6880440647372,-0.338293879203549,1.14759720605337,1.19625623660648,60873.046683134,38.2320159912109,557.867100215786,156.882213167568,296.851444125457,2223.26423290849
122.459865447134,3,61159.8494816955,50816.2429421997,1131.71625801477,1290.83732922691,30.7143174877201,0.000740530863896395,18.9994847045192,-0.338428903815044,1.1493652379118,1.19798883456489,61037.0456854408,38.1828216552734,557.867100215786,156.882386789033,296.851444125457,2223.26423290849
122.699865441769,3,61323.2171651002,51012.8453839697,1130.55737992938,1289.81427918953,30.7143174877201,0.000738188575660999,18.3352864791626,-0.338562825239849,1.15112305082735,1.19970280515619,61200.6838866523,38.1335174560547,557.867100215786,156.882556130143,296.851444125457,2223.26423290849
122.939865436405,3,61486.2243156884,51209.3501630298,1129.40045522877,1288.7931853941,30.7143174877201,0.000735871398771292,17.6945438466724,-0.338698166037092,1.15287226066605,1.20143049296719,61363.9614400573,38.0840942382813,557.867100215786,156.882721262622,296.851444125457,2223.26423290849
123.179865431041,3,61648.8710861157,51405.7438101603,1128.24548451563,1287.77404775382,30.7143174877201,0.000733576187990805,17.0763214602026,-0.338831666641684,1.15460842344561,1.20318824977249,61526.8784988123,38.0345520019531,557.867100215786,156.882882256874,296.851444125457,2223.26423290849
123.419865425676,3,61811.1576274547,51602.0130310978,1127.09246839664,1286.75686618352,30.7143174877201,0.000731286253320048,16.4797154644599,-0.338958186474335,1.1563358217659,1.20497599368502,61689.4352150936,37.9848937988281,557.867100215786,156.883039183458,296.851444125457,2223.26423290849
123.659865420312,3,61973.0840914489,51798.1720647469,1125.94140749198,1285.74164060697,30.7143174877201,0.000729015997287613,15.9037887570791,-0.339080127145472,1.15805247177492,1.20655029187266,61851.6317402707,37.9351287841797,557.867100215786,156.883192109716,296.851444125457,2223.26423290849
123.899865414947,3,62134.6506293704,51994.1937411229,1124.7923024413,1284.72837096288,30.7143174877201,0.000726757691389079,15.3476423531103,-0.339210978271168,1.15976030204471,1.20817096790984,62013.4682258969,37.8852508544922,557.867100215786,156.883341104208,296.851444125457,2223.26423290849
124.139865409583,3,62295.8573919532,52190.1197999699,1123.64515390523,1283.71705720702,30.7143174877201,0.000724516496061517,14.8085966119938,-0.339343828445011,1.16146096755075,1.20970877622732,62174.9448231197,37.83525390625,557.867100215786,156.883486228936,296.851444125457,2223.26423290849
124.379865404218,3,62456.7045293633,52385.9094274755,1122.49996253329,1282.70769928297,30.7143174877201,0.000722290601241067,14.2775614082248,-0.339470336974092,1.16315794920312,1.21148666827095,62336.0616825755,37.7851470947266,557.867100215786,156.883627495668,296.851444125457,2223.26423290849
124.619865398854,3,62617.1921915581,52581.6042462151,1121.35672906479,1281.70029721726,30.7143174877201,0.000720077338255725,13.7536558768899,-0.339594748368229,1.16484453997037,1.21323000851735,62496.818954318,37.7349273681641,557.867100215786,156.883764885767,296.851444125457,2223.26423290849
124.85986539349,3,62777.3205281324,52777.1772032883,1120.21545427441,1280.69485106846,30.7143174877201,0.000717878830652042,13.2371430652837,-0.339720034131765,1.16652810151994,1.2148096791295,62657.2167881871,37.6845977783203,557.867100215786,156.883898382046,296.851444125457,2223.26423290849
125.099865388125,3,62937.0896882569,52972.6424553396,1119.07613892504,1279.69136087928,30.7143174877201,0.000715690845085606,12.7283271806484,-0.339836984878535,1.16820723218716,1.21633899761996,62817.2553338047,37.6341583251953,557.867100215786,156.884027969864,296.851444125457,2223.26423290849
125.339865382761,3,63096.4998197246,53167.9867106052,1117.93878380303,1278.68982671207,30.7143174877201,0.000713513052129469,12.2274354921335,-0.339966271345999,1.16988130757904,1.21801094988962,62976.9347398479,37.5836120605469,557.867100215786,156.884153638197,296.851444125457,2223.26423290849
125.579865377396,3,63255.5510710414,53363.2104139382,1116.80338968892,1277.69024861991,30.7143174877201,0.000711347469661147,11.7346855394222,-0.340097964981851,1.17154903104774,1.21964861413583,63136.2551543409,37.5329437255859,557.867100215786,156.88427537969,296.851444125457,2223.26423290849
125.819865372032,3,63414.2435901939,53558.3413150971,1115.66995740519,1276.69262669187,30.7143174877201,0.000709193851635428,11.2503018869938,-0.340228125271871,1.17321756064457,1.22134809250607,63295.2167257078,37.482177734375,557.867100215786,156.884393189293,296.851444125457,2223.26423290849
126.059865366668,3,63572.5775239502,53753.3387760685,1114.53848778581,1275.6969610244,30.7143174877201,0.000707051263157451,10.7744801341692,-0.340358821191514,1.1748860443275,1.22304532019895,63453.8196015749,37.4313049316406,557.867100215786,156.884507065528,296.851444125457,2223.26423290849
126.299865361303,3,63730.5530195345,53948.2306556083,1113.40898163262,1274.70325167955,30.7143174877201,0.000704915348801539,10.3073914984675,-0.340495387869422,1.176548671871,1.22459634203879,63612.0639288744,37.3803192138672,557.867100215786,156.884617010983,296.851444125457,2223.26423290849
126.539865355939,3,63888.1702235093,54143.0036762557,1112.28143977417,1273.71149874104,30.7143174877201,0.000702795432735919,9.84915636909049,-0.340632828373258,1.17821128780787,1.22624106610349,63769.9498546045,37.3292236328125,557.867100215786,156.884723030251,296.851444125457,2223.26423290849
126.779865350574,3,64045.4292818387,54337.6854949941,1111.15586305931,1272.72170230771,30.7143174877201,0.000700685456994419,9.39959176663602,-0.340760758230162,1.17987089794829,1.22789961130227,63927.4775252189,37.2780212402344,557.867100215786,156.884825129855,296.851444125457,2223.26423290849
127.01986534521,3,64202.3303404971,54532.2355721242,1110.03225234519,1271.73386248297,30.7143174877201,0.000698584525915187,8.95877429868514,-0.3408853749496,1.18153131606249,1.22947637080953,64084.6470866776,37.2267120361328,557.867100215786,156.884923318723,296.851444125457,2223.26423290849
127.259865339845,3,64358.8735445362,54726.6817482708,1108.91060848672,1270.74797936501,30.7143174877201,0.00069649830162267,8.52680615800573,-0.341015549740976,1.18319309287644,1.23111459288907,64241.4586846812,37.1752990722656,557.867100215786,156.885017609202,296.851444125457,2223.26423290849
127.499865334481,3,64515.0590387711,54921.0107451793,1107.79093233432,1269.76405304434,30.7143174877201,0.000694426299895489,8.10382557335267,-0.341141345204932,1.18485288467319,1.23278242741317,64397.9124643022,37.1237823486328,557.867100215786,156.885108017062,296.851444125457,2223.26423290849
127.739865329117,3,64670.8869671106,55115.2364357811,1106.67322477993,1268.78208364594,30.7143174877201,0.000692370296761609,7.6899431902127,-0.341274368403588,1.18651064537256,1.2344639115329,64554.008570026,37.0721496582031,557.867100215786,156.885194561483,296.851444125457,2223.26423290849
127.979865323752,3,64826.3574740364,55309.3457685428,1105.55748666543,1267.80207124456,30.7143174877201,0.000690335057473303,7.28529509410706,-0.341400121551857,1.18815911671192,1.23598477994996,64709.7471460278,37.0203948974609,557.867100215786,156.885277265246,296.851444125457,2223.26423290849
128.219865318388,3,64981.4707033079,55503.3391730006,1104.4437188945,1266.82401597038,30.7143174877201,0.000688314622297277,6.89000709679067,-0.341529293165708,1.18980656729755,1.23756694223968,64865.1283365866,36.9685394287109,557.867100215786,156.885356155652,296.851444125457,2223.26423290849
128.459865313023,3,65136.2267973046,55697.2441415717,1103.33192242688,1265.84791799979,30.7143174877201,0.00068629863623656,6.50419088889025,-0.34166301511012,1.191453253019,1.23916297163763,65020.1522850099,36.9165740966797,557.867100215786,156.885431264142,296.851444125457,2223.26423290849
128.699865307659,3,65290.6258990557,55891.0203076337,1102.22209816307,1264.87377745094,30.7143174877201,0.000684290647837492,6.1280075315838,-0.341793091309372,1.19309787589574,1.24085149552823,65174.819133924,36.8644989013672,557.867100215786,156.885502626344,296.851444125457,2223.26423290849
128.939865302294,3,65444.668150839,56084.6954705921,1101.11424698315,1263.9015944199,30.7143174877201,0.000682294846307932,5.76156253428083,-0.341925510307412,1.19474159191286,1.24260075072858,65329.1290261666,36.8123168945313,557.867100215786,156.885570282358,296.851444125457,2223.26423290849
129.17986529693,3,65598.3536947946,56278.2563697632,1100.00836980984,1262.93136903921,30.7143174877201,0.00068032871913506,5.40499988673297,-0.342059160214446,1.19638701510701,1.24417463725326,65483.0821039364,36.7600280761719,557.867100215786,156.885634277308,296.851444125457,2223.26423290849
129.419865291566,3,65751.6826726861,56471.7167221815,1098.90446757516,1261.96310144647,30.7143174877201,0.000678367316300319,5.05847343805253,-0.342189815851881,1.19803393199066,1.24574644210087,65636.6785093365,36.7076324462891,557.867100215786,156.885694675184,296.851444125457,2223.26423290849
129.659865286201,3,65904.6552249975,56665.0636191331,1097.80254120484,1260.99679176558,30.7143174877201,0.000676427940916283,4.72209476332926,-0.342324086304148,1.19968198348818,1.24741036734522,65789.9183837711,36.655126953125,557.867100215786,156.885751574413,296.851444125457,2223.26423290849
129.899865280837,3,66057.2714924585,56858.3107376261,1096.70259159607,1260.03244009045,30.7143174877201,0.000674496942287006,4.39602259446716,-0.34245935175905,1.20133143283624,1.2490408583095,65942.8018678323,36.6025207519531,557.867100215786,156.885805090487,296.851444125457,2223.26423290849
130.139865275472,3,66209.5316155516,57051.4319765838,1095.60461965489,1259.07004651943,30.7143174877201,0.000672580633788807,4.08038092081436,-0.342590205940483,1.20298226984305,1.25073163502757,66095.3291021072,36.5498077392578,557.867100215786,156.885855345666,296.851444125457,2223.26423290849
130.379865270108,3,66361.4357338617,57244.4679116814,1094.50862628178,1258.10961114136,30.7143174877201,0.000670682510673362,3.77532574182166,-0.342718283030032,1.20462874569406,1.25232661503225,66247.5002269084,36.4969818115234,557.867100215786,156.885902462268,296.851444125457,2223.26423290849
130.619865264744,3,66512.9839864753,57437.3915556823,1093.41461238042,1257.15113404326,30.7143174877201,0.000668799547622834,3.48098633661525,-0.342844517619438,1.20627221944826,1.25384132225602,66399.3153816845,36.4440368652344,557.867100215786,156.885946557805,296.851444125457,2223.26423290849
130.859865259379,3,66664.176512787,57630.1906086545,1092.32257888269,1256.19461533715,30.7143174877201,0.000666937031570631,3.19752012461153,-0.342974854491938,1.2079215192278,1.25543228908053,66550.7747056573,36.3909881591797,557.867100215786,156.885987742079,296.851444125457,2223.26423290849
131.099865254015,3,66815.0134512348,57822.9055148577,1091.23252671393,1255.24005512635,30.7143174877201,0.000665088385191332,2.92506808939773,-0.343104779426717,1.20957383193795,1.25714556102254,66701.8783378929,36.337841796875,557.867100215786,156.886026114331,296.851444125457,2223.26423290849
131.33986524865,3,66965.4949398099,58015.5092942838,1090.14445683952,1254.28745354742,30.7143174877201,0.000663266056465524,2.6637520762347,-0.343238838951083,1.21122958346408,1.25879454942913,66852.6264167413,36.2845916748047,557.867100215786,156.886061762951,296.851444125457,2223.26423290849
131.579865243286,3,67115.6211164048,58208.0034260064,1089.05837026356,1253.33681077134,30.7143174877201,0.000661453873442739,2.41375517733757,-0.343366032486366,1.21288571257109,1.26045680358617,67003.0190802143,36.2312347412109,557.867100215786,156.886094765773,296.851444125457,2223.26423290849
131.819865237921,3,67265.39211803,58400.3872329154,1087.97426805492,1252.38812702472,30.7143174877201,0.000659643918529065,2.17519492201947,-0.343492055021467,1.21454252722653,1.2619774296928,67153.0564659274,36.1777587890625,557.867100215786,156.886125191428,296.851444125457,2223.26423290849
132.059865232557,3,67414.8080819533,58592.6753285024,1086.89215123362,1251.44140248712,30.7143174877201,0.000657847759642688,1.94821797945712,-0.343617794937524,1.21619570648898,1.26357348734854,67302.7387109955,36.1241729736328,557.867100215786,156.886153101439,296.851444125457,2223.26423290849
132.299865227193,3,67563.8691452282,58784.8538579624,1085.81202082282,1250.49663733768,30.7143174877201,0.000656055277614418,1.73298078612281,-0.343744909862059,1.21785351121957,1.26524496561694,67452.0659526271,36.0704833984375,557.867100215786,156.886178552538,296.851444125457,2223.26423290849
132.539865221828,3,67712.5754432479,58976.9374668766,1084.73387794297,1249.55383184234,30.7143174877201,0.000654277038136095,1.5296169569296,-0.343869286425216,1.21950985424119,1.26685246507875,67601.0383273687,36.0166839599609,557.867100215786,156.886201599579,296.851444125457,2223.26423290849
132.779865216464,3,67860.9271116378,59168.9129109624,1083.65772364769,1248.61298620139,30.7143174877201,0.000652509783675396,1.33827315047644,-0.344000184382341,1.22116910147956,1.2684732859942,67749.6559708024,35.9627838134766,557.867100215786,156.886222298548,296.851444125457,2223.26423290849
133.019865211099,3,68008.9242856258,59360.7799404273,1082.58355901521,1247.67410063544,30.7143174877201,0.000650747733483364,1.15909853903165,-0.344133318932155,1.22283018826289,1.2701537599818,67897.9190184157,35.9087677001953,557.867100215786,156.886240709887,296.851444125457,2223.26423290849
133.259865205735,3,68156.5671001097,59552.539597688,1081.51138516771,1246.73717540117,30.7143174877201,0.000649005993005063,0.992231039759563,-0.344268938420938,1.2244937509933,1.27180114391362,68045.8276053543,35.8546447753906,557.867100215786,156.886256901099,296.851444125457,2223.26423290849
133.499865200371,3,68303.8556897117,59744.2059444943,1080.44120317874,1245.8022107067,30.7143174877201,0.000647270100822916,0.837818099697594,-0.344404758212528,1.22616159960253,1.27352332695316,68193.3818664484,35.8004119873047,557.867100215786,156.88627094991,296.851444125457,2223.26423290849
133.739865195006,3,68450.7901883506,59935.7650223502,1079.37301418885,1244.86920681737,30.7143174877201,0.000645536606294696,0.695985738144392,-0.344535958884362,1.22782619952793,1.27510502405406,68340.5819361083,35.7460784912109,557.867100215786,156.886282946573,296.851444125457,2223.26423290849
133.979865189642,3,68597.3707294227,60127.2315685462,1078.30681931274,1243.93816396971,30.7143174877201,0.000643817204663054,0.566897216547824,-0.344665850582438,1.22949113280471,1.27659279572659,68487.427948131,35.6916290283203,557.867100215786,156.886292996151,296.851444125457,2223.26423290849
134.219865184277,2,68743.5101921703,60318.3020440864,1077.24258571955,1243.00897783863,29.4397622069155,0.000393915668524355,0.450671074974689,-0.344778553031643,1.23140478954743,1.27852225014729,68633.8982202315,35.6373413085937,557.867100215786,156.886364429625,296.851444125457,2223.26423290849
134.459865178913,2,68889.2524631975,60509.5564796638,1076.18028918242,1242.081658903,29.4397622069155,0.000394126787582493,0.3468844039812,-0.344713297389428,1.23241593107088,1.27957838831725,68779.9383932128,35.5820648193359,557.867100215786,156.886448974017,296.851444125457,2223.26423290849
134.699865173548,2,69034.7721772685,60700.7196714857,1075.12000770853,1241.15642547941,29.4397622069155,0.000394018285003909,0.256529897740933,-0.344653377310763,1.23306812563568,1.28014417417568,68925.6381206557,35.5262725830078,557.867100215786,156.886513572105,296.851444125457,2223.26423290849
134.939865168184,2,69179.9384558998,60891.7646127861,1074.06174180902,1240.2331709445,29.4397622069155,0.000639715566500945,0.179687811204508,-0.344763431060145,1.23453778857975,1.28167179930298,69071.0563822947,35.4711822509766,557.867100215786,156.886560570879,296.851444125457,2223.26423290849
135.17986516282,2,69324.7514327605,61082.7182043954,1073.00549107668,1239.31189400473,29.4397622069155,0.000637143161968685,0.1164081526936,-0.344853518549313,1.23596236647087,1.28307582249426,69216.1343382682,35.4159332275391,557.867100215786,156.886592520625,296.851444125457,2223.26423290849
135.419865157455,2,69469.211240431,61273.5543724653,1071.95125417352,1238.39259242754,29.4397622069155,0.000634841821718196,0.0667518937379136,-0.344950901169283,1.23739736693085,1.28441719496407,69360.8590255825,35.3605865478516,557.867100215786,156.886612158508,296.851444125457,2223.26423290849
135.659865152091,2,69613.3180117772,61464.3135539578,1070.89902955249,1237.47526376623,29.4397622069155,0.000632728175649892,0.0307811593079738,-0.345042090315164,1.23884502813823,1.28572683016064,69505.2305769807,35.3051544189453,557.867100215786,156.886622709555,296.851444125457,2223.26423290849
135.899865146726,2,69757.0718778013,61654.9697182499,1069.84881517161,1236.55990508051,29.4397622069155,0.000630774044249928,0.00854258737780006,-0.34514678179282,1.24031360199609,1.28721739404586,69649.2491247508,35.2496246337891,557.867100215786,156.886627374207,296.851444125457,2223.26423290849
136.139865141362,2,69900.4729694668,61845.5096456682,1068.80060961142,1235.6465140456,29.4397622069155,0.000628941739532932,8.69432599297711E-05,-0.345254535510656,1.24179631389154,1.28867609638852,69792.9147999179,35.1939910888672,557.867100215786,156.886628126095,296.851444125457,2223.26423290849
136.379865135998,2,70043.5214171217,62035.9737005857,1067.75441173162,1234.73508860812,29.4397622069155,0.000627211382508118,0,-0.345349860646049,1.24329180485636,1.29001165129559,69936.2277333085,35.1382690429688,557.867100215786,156.886628126095,296.851444125457,2223.26423290849
136.60362001881,2,70183.6278779627,62213.4475517031,1066.72918437178,1233.84213988529,29.4397622069155,0.00258132298900226,0,-0.345216430138608,1.24113330680947,1.28792277259593,70078.6024576694,35.0798248291016,557.867100215786,156.886628126095,296.851444125457,2223.26423290849
136.832592185587,2,70332.4221132367,62394.9702091325,1065.63981087017,1232.89354622654,29.4397622069155,0.00646365559070829,0,-0.343703624702132,1.20539294659047,1.25327283343136,70237.4506797024,34.9840301513672,557.867100215786,156.886628126095,296.851444125457,2223.26423290849
137.057540915906,2,70478.420698961,62573.2002980343,1064.57033013221,1231.96250452943,29.4397622069155,0.0111395728455377,0,-0.341432565138035,1.10491283994273,1.15628166791607,70397.6940629327,34.824365234375,557.867100215786,156.886628126095,296.851444125457,2223.26423290849
137.270736716688,2,70616.4519824488,62742.0530819381,1063.55868640451,1231.08202351926,29.4397622069155,0.0119708068617361,0,-0.339583814831907,0.944994846258917,1.00411026430373,70549.3189140965,34.6082489013672,557.867100215786,156.886628126095,296.851444125457,2223.26423290849
137.473742084578,2,70743.9247311502,62902.7612931531,1062.62396954332,1230.26867824596,29.4397622069155,0.00841984950928824,0,-0.338023542370733,0.740668809325866,0.814349717819519,70688.3146299679,34.3517974853516,557.867100215786,156.886628126095,296.851444125457,2223.26423290849
137.69374207966,2,70873.3092218351,63076.8498958215,1061.67477046822,1229.44291230782,29.4397622069155,0.00152899757103672,0,-0.336259361562265,0.476426514349951,0.584345655147503,70820.4619762054,34.0344360351562,557.867100215786,156.886628126095,296.851444125457,2223.26423290849
137.913742074743,2,71002.2577625915,63250.8462009442,1060.72830537403,1228.61970450495,29.4397622069155,0.000304689529221927,0,-0.334591047241684,0.156418244837529,0.377903358805788,70949.5316952552,33.6612823486328,557.867100215786,156.886628126095,296.851444125457,2223.26423290849
138.133742069826,2,71130.9106727989,63424.7758697893,1059.78353352902,1227.79814846949,29.4397622069155,0.000303956576487994,0,-0.333032803815103,-0.219590182492228,0.408157520862347,71078.3055936616,33.2320251464844,557.867100215786,156.886628126095,296.851444125457,2223.26423290849
138.353742064908,2,71259.2684869453,63598.6132138335,1058.84045617135,1226.97824473257,29.4397622069155,0.000303237043146969,0,-0.331621419339293,-0.651603438960601,0.732971373023171,71206.7840648645,32.7466735839844,557.867100215786,156.886628126095,296.851444125457,2223.26423290849
138.573742059991,2,71387.329558186,63772.3723870641,1057.89907375092,1226.15999287729,29.4397622069155,0.000303887604060378,0,-0.3303472897233,-1.13961062349101,1.18692901638214,71334.9667562995,32.2052307128906,557.867100215786,156.886628126095,296.851444125457,2223.26423290849
138.793742055073,2,71515.0947098813,63946.0528551568,1056.95938770486,1225.34339365109,29.4397622069155,0.000303174072748778,0,-0.329215539070491,-1.68362622175229,1.71556637298857,71462.8526315572,31.6076812744141,557.867100215786,156.886628126095,296.851444125457,2223.26423290849
139.013742050156,2,71642.56650624,64119.6426802406,1056.02139989904,1224.5284483523,29.4397622069155,0.000301783286895767,0,-0.328232669025219,-2.28363360019632,2.30705721049466,71590.4445170232,30.954052734375,557.867100215786,156.886628126095,296.851444125457,2223.26423290849
139.233742045239,2,71769.7424312615,64293.1560991169,1055.08511060763,1223.71515630999,29.4397622069155,0.000301078970808908,0,-0.327430067227408,-2.93964031009523,2.95775888987125,71717.7415075407,30.2443298339844,557.867100215786,156.886628126095,296.851444125457,2223.26423290849
139.453742040321,2,71896.6231613047,64466.6062114507,1054.1505211874,1222.90351816958,29.4397622069155,0.000301031631841677,0,-0.326775779149048,-3.65165745719922,3.66614727190022,71844.7432058161,29.4785034179687,557.867100215786,156.886628126095,296.851444125457,2223.26423290849
139.673742035404,2,72023.2082116172,64639.9540213371,1053.21763263154,1222.09353412185,29.4397622069155,0.000300978267294908,0,-0.326299799806523,-4.41967426707629,4.43158264047756,71971.4489967965,28.6565765380859,557.867100215786,156.886628126095,296.851444125457,2223.26423290849
139.893742030486,2,72149.4985475095,64813.2410462846,1052.28644629486,1221.28520482859,29.4397622069155,0.000300274438378044,0,-0.326000939247047,-5.24368104463655,5.25370077883321,72097.8598893922,27.778564453125,557.867100215786,156.886628126095,296.851444125457,2223.26423290849
140.113742025569,2,72275.4942642699,64986.4396378561,1051.35696327615,1220.47853062992,29.4397622069155,0.000299588202817188,0,-0.325876675211331,-6.12369427012756,6.13219608359082,72223.9761239363,26.8444549560547,557.867100215786,156.886628126095,296.851444125457,2223.26423290849
140.333742020652,2,72401.1954561013,65159.565342385,1050.42918473096,1219.67351191591,29.4397622069155,0.000298898991077488,0,-0.325947136115496,-7.05970699409935,7.06704969252266,72349.7977950366,25.854248046875,557.867100215786,156.886628126095,296.851444125457,2223.26423290849
140.553742015734,2,72526.6022178736,65332.6053813321,1049.50311194586,1218.87014919517,29.4397622069155,0.000298189030178697,0,-0.32624389672033,-8.05171206764571,8.05811824811733,72475.3249972361,24.8079620361328,557.867100215786,156.886628126095,296.851444125457,2223.26423290849
140.773742010817,2,72651.7146432246,65505.560605188,1048.57874604184,1218.0684428235,29.4397622069155,0.000297504033642665,0,-0.326775600393189,-9.09972420323494,9.10537708006666,72600.5578248828,23.7055725097656,557.867100215786,156.886628126095,296.851444125457,2223.26423290849
140.9937420059,2,72776.5328265521,65678.4442244035,1047.65608817937,1217.26839318409,29.4397622069155,0.000296822561347112,0,-0.327548947016082,-10.2037354908502,10.2087689140313,72725.4963717588,22.5470764160156,557.867100215786,156.886628126095,296.851444125457,2223.26423290849
141.213742000982,2,72901.0620670203,65851.2448542841,1046.73514101333,1216.4700025723,29.4397622069155,0.000304068361092226,0,-0.328600788443768,-11.3637272828622,11.3682179952791,72850.1424671433,21.3325164794922,557.867100215786,156.886628126095,296.851444125457,2223.26423290849
141.433741996065,2,73025.3078084868,66023.9756250593,1045.81590714535,1215.67327324787,29.4397622069155,0.000296109489457918,0,-0.329948328369002,-12.5797405982871,12.5837682041525,72974.5054590139,20.0618499755859,557.867100215786,156.886628126095,296.851444125457,2223.26423290849
141.653741991147,2,73149.2597327563,66196.6252602941,1044.89838487557,1214.87820189277,29.4397622069155,0.000294807454864095,0,-0.331604537845485,-13.851693977247,13.855349349345,73098.5776323637,18.7351287841797,557.867100215786,156.886628126095,296.851444125457,2223.26423290849
141.87374198623,2,73272.9177883984,66369.1969761616,1043.98257450296,1214.0847882119,29.4397622069155,0.000295238510588128,0,-0.333399215141337,-15.1571441608327,15.1604612390067,73222.3558989102,17.3748291015625,557.867100215786,156.886628126095,296.851444125457,2223.26423290849
142.093741981313,2,73396.2820674789,66541.6932532697,1043.06847704493,1213.29303243329,29.4397622069155,0.000295658668966806,0,-0.33508080139054,-16.425120257981,16.4281615222766,73345.8403513785,16.0519073486328,557.867100215786,156.886628126095,296.851444125457,2223.26423290849
142.313741976395,2,73519.3526621292,66714.1152171889,1042.15609440971,1212.50293545361,29.4397622069155,0.00029499862046666,0,-0.336834913833652,-17.6370761860304,17.6398977272885,73469.0310816032,14.7849182128906,557.867100215786,156.886628126095,296.851444125457,2223.26423290849
142.533741971478,2,73642.1296640945,66886.4475944501,1041.24542780249,1211.7144976803,29.4397622069155,0.000294288072103547,0,-0.338666041430186,-18.7928673700124,18.7954969193817,73591.9281818744,13.5739959716797,557.867100215786,156.886628126095,296.851444125457,2223.26423290849
142.75374196656,2,73764.6131648677,67058.717209895,1040.33647853941,1210.92771962127,29.4397622069155,0.000293563656684162,0,-0.340535367905144,-19.8924782619669,19.8949421358013,73714.5317431586,12.4191558837891,557.867100215786,156.886628126095,296.851444125457,2223.26423290849
142.973741961643,2,73886.8032572926,67230.898006527,1039.42924785139,1210.1426017076,29.4397622069155,0.000292864620783588,0,-0.342429170634557,-20.9359249073589,20.9382477833653,73836.8418583288,11.3203826904297,557.867100215786,156.886628126095,296.851444125457,2223.26423290849
143.193741956726,2,74008.7000322537,67403.0154627943,1038.52373698137,1209.35914437448,29.4397622069155,0.000292152236089939,0,-0.344305436582349,-21.9231976337282,21.9253965386595,73958.8586189702,10.2776947021484,557.867100215786,156.886628126095,296.851444125457,2223.26423290849
143.413741951808,2,74130.303580494,67575.0557370997,1037.61994718363,1208.57734806722,29.4397622069155,0.000291434445680029,0,-0.346182610537569,-22.8542892460905,22.85638709214,74080.5821157347,9.2910888671875,557.867100215786,156.886628126095,296.851444125457,2223.26423290849
143.633741946891,2,74251.613992511,67747.0064749849,1036.71787980505,1207.79721331159,29.4397622069155,0.000290706494671473,0,-0.347995812206055,-23.7292036431997,23.7312094177956,74202.0124391964,8.36055603027344,557.867100215786,156.886628126095,296.851444125457,2223.26423290849
143.853741941974,2,74372.6313591783,67918.8931620848,1035.81753607857,1207.01874052141,29.4397622069155,0.000289939566898058,0,-0.34978983899921,-24.5482422995667,24.5501654630476,74323.1496801761,7.4858154296875,557.867100215786,156.886628126095,296.851444125457,2223.26423290849
144.073741937056,2,74493.3557708543,68090.7033833191,1034.91891746671,1206.24193032063,29.4397622069155,0.000289128581102014,0,-0.351593854839261,-25.3164134585657,25.3182654688555,74443.9939293297,6.6618408203125,557.867100215786,156.886628126095,296.851444125457,2223.26423290849
144.293741932139,2,74613.7873176678,68262.447556688,1034.02202508863,1205.46678302711,29.4397622069155,0.000288355570970188,0,-0.3533623490336,-26.0394716040821,26.0412679905507,74564.5452765622,5.88288269042969,557.867100215786,156.886628126095,296.851444125457,2223.26423290849
144.513741927221,2,74733.9260898247,68434.0894282345,1033.12686033463,1204.69329919836,29.4397622069155,0.000287600487838167,0,-0.355104165000146,-26.7197282156785,26.7214633499162,74684.8038124711,5.14662780761719,557.867100215786,156.886628126095,296.851444125457,2223.26423290849
144.733741922304,2,74853.7721762198,68605.6786612257,1032.2334244483,1203.92147925707,29.4397622069155,0.00028686631454295,0,-0.356809411580857,-27.359467997748,27.3611541821243,74804.7696262432,4.45079650878906,557.867100215786,156.886628126095,296.851444125457,2223.26423290849
144.953741917387,2,74973.3256661158,68777.1911714378,1031.34171869413,1203.15132363572,29.4397622069155,0.000286145268177938,0,-0.35845552111941,-27.9608335420074,27.9624704634521,74924.4428068911,3.79324645996094,557.867100215786,156.886628126095,296.851444125457,2223.26423290849
145.173741912469,2,75092.586649092,68948.6390010453,1030.45174442963,1202.38283285801,29.4397622069155,0.000285420446254492,0,-0.36005686872971,-28.5258755316534,28.5274772842515,75043.8234440753,3.17191772460937,557.867100215786,156.886628126095,296.851444125457,2223.26423290849
145.393741907552,2,75211.5552134224,69119.9966595696,1029.56350300144,1201.61600742624,29.4397622069155,0.000284684750486593,0,-0.361631872540064,-29.0565595542215,29.0581241527171,75162.9116265848,2.58485107421875,557.867100215786,156.886628126095,296.851444125457,2223.26423290849
145.613741902635,2,75330.2314476118,69291.2762051498,1028.67699571175,1200.85084780756,29.4397622069155,0.000283967260887687,0,-0.363195314123406,-29.5547097647597,29.5562458102327,75281.7074426626,2.03021850585937,557.867100215786,156.886628126095,296.851444125457,2223.26423290849
145.833741897717,2,75448.6154399996,69462.4928956069,1027.79222388504,1200.0873544812,29.4397622069155,0.000283254881248874,0,-0.364666396792845,-30.0220749295232,30.0235781251523,75400.2109809097,1.50628356933594,557.867100215786,156.886628126095,296.851444125457,2223.26423290849
146.0537418928,2,75566.7072785382,69633.6316918009,1026.90918886795,1199.32552794474,29.4397622069155,0.000282545340212887,0,-0.36609784413137,-30.4603005608462,30.461771352607,75518.4223292756,1.01139526367188,557.867100215786,156.886628126095,296.851444125457,2223.26423290849
146.273741887882,2,75684.5070510942,69804.6927108905,1026.02789196424,1198.56536865684,29.4397622069155,0.000281850878028786,0,-0.367477322728412,-30.8709159592101,30.8723608417138,75636.3415757893,0.544012451171875,557.867100215786,156.886628126095,296.851444125457,2223.26423290849
146.493741882965,2,75802.0148452765,69975.7031871819,1025.14833461627,1197.80687720142,29.4397622069155,0.000281147771613874,0,-0.368830523853756,-31.2553961486448,31.2568227739408,75753.9688080334,0.102663455437869,557.867100215786,156.886628126095,296.851444125457,2223.26423290849
146.713741878048,2,75919.230747955,70146.6124430494,1024.27051812741,1197.05005402497,29.4397622069155,0.000280438432598657,0,-0.370118299915665,-31.6151346819445,31.6165350143944,75871.3041133851,-0.314032691717148,557.867100215786,156.886628126095,296.851444125457,2223.26423290849
146.93374187313,2,76036.154846317,70317.4698251531,1023.39444387232,1196.29489964299,29.4397622069155,0.000279739318021946,0,-0.371351086335559,-31.9514496680784,31.9528319717256,75988.3475786713,-0.707402271032333,557.867100215786,156.886628126095,296.851444125457,2223.26423290849
147.153741868213,2,76152.7872268969,70488.2382483413,1022.52011323506,1195.54141457697,29.4397622069155,0.000279038871097512,0,-0.372533564832223,-32.265585338439,32.2669505832193,76105.0992908422,-1.07869088053703,557.867100215786,156.886628126095,296.851444125457,2223.26423290849
147.373741863295,2,76269.1279759662,70658.9568436105,1021.64752759237,1194.78959933767,29.4397622069155,0.000278351518313005,0,-0.373668160549023,-32.5587221767843,32.5600735787443,76221.5593362462,-1.42907567024231,557.867100215786,156.886628126095,296.851444125457,2223.26423290849
147.593741858378,2,76385.1771799052,70829.5869210151,1020.77668830468,1194.03945441786,29.4397622069155,0.000277675399739963,0,-0.374752338034005,-32.8319684506883,32.8333057097342,76337.7278011457,-1.75966981649399,557.867100215786,156.886628126095,296.851444125457,2223.26423290849
147.813741853461,2,76500.9349249197,71000.1405010502,1019.9075968009,1193.29098037372,29.4397622069155,0.00027699223019402,0,-0.375792639002885,-33.0864012010502,33.08771951034,76453.6047718612,-2.07154409885406,557.867100215786,156.886628126095,296.851444125457,2223.26423290849
148.033741848543,2,76616.4012967488,71170.6448667309,1019.04025446191,1192.54417771026,29.4397622069155,0.000276308094438524,0,-0.37678002545962,-33.3229877137824,33.324292872857,76569.1903344552,-2.36566827297211,557.867100215786,156.886628126095,296.851444125457,2223.26423290849
148.253741843626,2,76731.5763805648,71341.0614069862,1018.17466270099,1191.79904696169,29.4397622069155,0.000275631862588356,0,-0.377734923601512,-33.5426843176112,33.5439851085577,76684.484574115,-2.64300570487976,557.867100215786,156.886628126095,296.851444125457,2223.26423290849
148.473741838709,2,76846.4602612265,71511.4156467709,1017.31082289763,1191.05558862737,29.4397622069155,0.000274958874109584,0,-0.378638893309819,-33.7464058181081,33.7476955239016,76799.4875760244,-2.90445930957794,557.867100215786,156.886628126095,296.851444125457,2223.26423290849
148.693741833791,2,76961.0530240579,71681.6825621019,1016.4487364665,1190.31380323812,29.4397622069155,0.0002742886168779,0,-0.379495816201404,-33.9349962379377,33.9362780706856,76914.1994250844,-3.15088007450104,557.867100215786,156.886628126095,296.851444125457,2223.26423290849
148.913741828874,2,77075.3547538948,71851.9011827875,1015.58840488485,1189.57369138122,29.4397622069155,0.000273619948161435,0,-0.38031235129803,-34.1092673690745,34.1105352585422,77028.6202065508,-3.38307793140411,557.867100215786,156.886628126095,296.851444125457,2223.26423290849
149.133741823956,2,77189.3655352713,72022.0329940167,1014.72982956989,1188.83525358455,29.4397622069155,0.000272953070018503,0,-0.381082947413603,-34.2699654986227,34.271228807571,77142.7500049885,-3.6018012046814,557.867100215786,156.886628126095,296.851444125457,2223.26423290849
149.353741819039,2,77303.0854519073,72192.1015839574,1013.87301192752,1188.09849035926,29.4397622069155,0.000272285904537106,0,-0.381823197404051,-34.4178162303651,34.4190774951087,77256.5889044386,-3.80777802467346,557.867100215786,156.886628126095,296.851444125457,2223.26423290849
149.573741814122,2,77416.5145879896,72362.0992821735,1013.01795343705,1187.36340228844,29.4397622069155,0.000271623923056714,0,-0.382530215949022,-34.5535089663256,34.5547599650094,77370.1369889378,-4.00168659687042,557.867100215786,156.886628126095,296.851444125457,2223.26423290849
149.793741809204,2,77529.653026913,72532.0226053807,1012.16465552687,1186.62998990209,29.4397622069155,0.000270968857810255,0,-0.383192443510515,-34.6776858067049,34.6789334586074,77483.3943421784,-4.18417840003967,557.867100215786,156.886628126095,296.851444125457,2223.26423290849
150.013741804287,2,77642.5008524678,72701.8853088835,1011.31311966373,1185.89825376261,29.4397622069155,0.00027031322443246,0,-0.383823341390855,-34.7909513543408,34.7921889282928,77596.3610477954,-4.35585508346558,557.867100215786,156.886628126095,296.851444125457,2223.26423290849
150.233741799369,2,77755.0581478072,72871.6741080891,1010.46334731533,1185.16819443078,29.4397622069155,0.00026965582964151,0,-0.384437196570888,-34.8938751678492,34.895115353949,77709.0371891808,-4.51728925704956,557.867100215786,156.886628126095,296.851444125457,2223.26423290849
150.453741794452,2,77867.3249955799,73041.3911953253,1009.61533996229,1184.43981247755,29.4397622069155,0.000268994798295045,0,-0.385001680685897,-34.9870250595249,34.9882561371425,77821.4228492509,-4.6690447807312,557.867100215786,156.886628126095,296.851444125457,2223.26423290849
150.673741789535,2,77979.3014787114,73211.0368603682,1008.76909907004,1183.71310845868,29.4397622069155,0.000268343386013045,0,-0.385531802803118,-35.0709080320011,35.0721414403593,77933.5181107414,-4.81163620948792,557.867100215786,156.886628126095,296.851444125457,2223.26423290849
150.893741784617,2,78090.9876794196,73380.6344576926,1007.92462612587,1182.98808294582,29.4397622069155,0.000267703463244868,0,-0.38603192145751,-35.1460209309237,35.1472528751918,78045.3230562065,-4.94554967880249,557.867100215786,156.886628126095,296.851444125457,2223.26423290849
151.1137417797,2,78202.3836801625,73550.1476229745,1007.08192259873,1182.2647364879,29.4397622069155,0.000267050922264669,0,-0.386513805281603,-35.2128335170882,35.2140606372361,78156.837768003,-5.07125945091248,557.867100215786,156.886628126095,296.851444125457,2223.26423290849
151.333741774783,2,78313.4895627575,73719.5901707244,1006.24098999727,1181.54306967289,29.4397622069155,0.000266399992737041,0,-0.386947646057322,-35.271753369855,35.2729820723626,78268.0623281784,-5.18917632102966,557.867100215786,156.886628126095,296.851444125457,2223.26423290849
151.553741769865,2,78424.3054088687,73888.9738675633,1005.40182984296,1180.82308310025,29.4397622069155,0.000265760351145315,0,-0.387364067457188,-35.3232287771044,35.3244538568462,78378.9968185521,-5.29974746704102,557.867100215786,156.886628126095,296.851444125457,2223.26423290849
151.773741764948,2,78534.831299853,74058.2739783724,1004.56444363465,1180.10477734003,29.4397622069155,0.000265122050145597,0,-0.387762747311766,-35.3676480061558,35.3688695652096,78489.6413204165,-5.40335731506348,557.867100215786,156.886628126095,296.851444125457,2223.26423290849
151.99374176003,2,78645.0673171295,74227.5272077288,1003.72883287348,1179.38815296396,29.4397622069155,0.000264478206035672,0,-0.388132132161054,-35.405377033,35.4066001183741,78599.9959153856,-5.50037598609924,557.867100215786,156.886628126095,296.851444125457,2223.26423290849
152.213741755113,2,78755.0135414653,74396.6859383252,1002.89499908424,1178.67321056151,29.4397622069155,0.000263833236692302,0,-0.388491232158712,-35.4367694069225,35.4379915910861,78710.060684371,-5.59115362167358,557.867100215786,156.886628126095,296.851444125457,2223.26423290849
152.433741750196,2,78864.6700537691,74565.8117783244,1002.06294380066,1177.95995073357,29.4397622069155,0.000263204121564878,0,-0.388816408007506,-35.4621685719039,35.4633894542782,78819.8357082246,-5.67603611946106,557.867100215786,156.886628126095,296.851444125457,2223.26423290849
152.653741745278,2,78974.036934445,74734.8551045686,1001.23266856195,1177.24837407985,29.4397622069155,0.000262576202743876,0,-0.389108490433473,-35.4818707735271,35.4830914256589,78929.3210675984,-5.75532116889954,557.867100215786,156.886628126095,296.851444125457,2223.26423290849
152.873741740361,2,79083.1142635652,74903.8162106469,1000.4041748937,1176.53848118249,29.4397622069155,0.000261946965129026,0,-0.389378051855894,-35.4961929886574,35.497416297548,79038.5168426905,-5.82932343482971,557.867100215786,156.886628126095,296.851444125457,2223.26423290849
153.093741735443,2,79191.9021212872,75072.7202643268,999.57746434156,1175.83027264231,29.4397622069155,0.000261310771508297,0,-0.38964611668116,-35.5054016815399,35.506634332042,79147.4231135733,-5.89831113815308,557.867100215786,156.886628126095,296.851444125457,2223.26423290849
153.313741730526,2,79300.3954824937,75241.5674493461,998.752538080231,1175.12374809583,29.4397622069155,0.000253980265897005,0,-0.389874862731286,-35.509776589058,35.5110006302982,79256.0382585924,-5.96255650520325,557.867100215786,156.886628126095,296.851444125457,2223.26423290849
153.533741725609,2,79408.5905979507,75410.3467797044,997.929397359597,1174.41890739852,29.4397622069155,0.000258943741953958,0,-0.390095434333701,-35.509566101652,35.5107924981264,79364.354189492,-6.02232284545898,557.867100215786,156.886628126095,296.851444125457,2223.26423290849
153.753741720691,2,79516.4970461557,75579.056356386,997.108044538474,1173.71575304615,29.4397622069155,0.000267766139514102,0,-0.390300579331989,-35.5050096114322,35.5062362546605,79472.3778345292,-6.07783250808716,557.867100215786,156.886628126095,296.851444125457,2223.26423290849
153.973741715774,2,79624.1263834911,75747.7098249369,996.288481970236,1173.0142877764,29.4397622069155,0.000261018481279847,0,-0.390484908058287,-35.4963382520378,35.4975662911686,79580.1207654604,-6.12933216094971,557.867100215786,156.886628126095,296.851444125457,2223.26423290849
154.193741710857,2,79731.4680624517,75916.282695059,995.470710442247,1172.31451018409,29.4397622069155,0.000258180730959018,0,-0.390647654189802,-35.4837708799458,35.4850000222752,79687.5806390382,-6.17702836990356,557.867100215786,156.886628126095,296.851444125457,2223.26423290849
154.413741705939,2,79838.5207445735,76084.7887603163,994.654731417898,1171.6164206063,29.4397622069155,0.000257565963842631,0,-0.390809275784342,-35.4674982173429,35.4687274864861,79794.7515403114,-6.22111821174622,557.867100215786,156.886628126095,296.851444125457,2223.26423290849
154.633741701022,2,79945.2845082918,76253.2507988271,993.840546488325,1170.92001966531,29.4397622069155,0.000256935020263776,0,-0.390946206158516,-35.4477302220978,35.4489691875834,79901.6334911783,-6.26181292533875,557.867100215786,156.886628126095,296.851444125457,2223.26423290849
154.853741696104,2,80051.7594312818,76421.6330458789,993.028157282116,1170.22530802166,29.4397622069155,0.00025631602469567,0,-0.391075806982702,-35.4246326475549,35.425869701552,80008.2265694523,-6.29927124977112,557.867100215786,156.886628126095,296.851444125457,2223.26423290849
155.073741691187,2,80157.945591537,76589.9492943829,992.217565400315,1169.53228630545,29.4397622069155,0.000255694788816882,0,-0.391200608060019,-35.3983747399929,35.3996232063393,80114.5308532656,-6.33367533683777,557.867100215786,156.886628126095,296.851444125457,2223.26423290849
155.29374168627,2,80263.843066397,76758.197526152,991.408772428289,1168.8409551283,29.4397622069155,0.000255080828214098,0,-0.391296475625633,-35.3691525984014,35.3703929246703,80220.5464199092,-6.36520318984985,557.867100215786,156.886628126095,296.851444125457,2223.26423290849
155.513741681352,2,80369.451933539,76926.3914791515,990.601779971249,1168.15131512041,29.4397622069155,0.000254469472413918,0,-0.391391460693372,-35.3370922756604,35.338342464204,80326.2733471603,-6.3939959526062,557.867100215786,156.886628126095,296.851444125457,2223.26423290849
155.733741676435,2,80474.7722699372,77094.5202302041,989.796589652636,1167.46336692179,29.4397622069155,0.000253854628876159,0,-0.391465498476958,-35.3023399991914,35.3035933678191,80431.7117121803,-6.42019147872925,557.867100215786,156.886628126095,296.851444125457,2223.26423290849
155.953741671517,2,80579.8041521828,77262.5817194209,988.99320309997,1166.77711118074,29.4397622069155,0.000253253256800602,0,-0.391551379104165,-35.2650471814429,35.2662972065371,80536.8615917571,-6.44394397735596,557.867100215786,156.886628126095,296.851444125457,2223.26423290849
156.1737416666,2,80684.5476568238,77430.5896754267,988.191621920301,1166.0925485165,29.4397622069155,0.000252640632068426,0,-0.391620689224942,-35.2253274185727,35.2265848736319,80641.7230624465,-6.46537089347839,557.867100215786,156.886628126095,296.851444125457,2223.26423290849
156.393741661683,2,80789.0028602716,77598.5197372972,987.391847762894,1165.40967959031,29.4397622069155,0.000252036971816,0,-0.391696864060092,-35.1833252556939,35.1845867360634,80746.296200667,-6.48461389541626,557.867100215786,156.886628126095,296.851444125457,2223.26423290849
156.613741656765,2,80893.1698387492,77766.3967786801,986.593882283987,1164.7285050678,29.4397622069155,0.000251435676028096,0,-0.391754651844893,-35.1391491474024,35.140419640836,80850.5810827197,-6.50178260803223,557.867100215786,156.886628126095,296.851444125457,2223.26423290849
156.833741651848,2,80997.0486682177,77934.2099533488,985.797727111267,1164.04902558039,29.4397622069155,0.000250820364484276,0,-0.391783862561266,-35.0929215180339,35.0941964192065,80954.5777848078,-6.51699328422546,557.867100215786,156.886628126095,296.851444125457,2223.26423290849
157.053741646931,2,81100.6394240368,78101.9571240812,985.003383894191,1163.37124178313,29.4397622069155,0.00025022522535884,0,-0.391807259417016,-35.044733147775,35.0460128387329,81058.2863823489,-6.53034296035767,557.867100215786,156.886628126095,296.851444125457,2223.26423290849
157.273741642013,2,81203.9421819162,78269.6385330201,984.210854288452,1162.69515433075,29.4397622069155,0.000249620421985184,0,-0.391846020157616,-34.9946770298736,34.9959541086911,81161.7069510175,-6.54191870689392,557.867100215786,156.886628126095,296.851444125457,2223.26423290849
157.493741637096,2,81306.9570163774,78437.2568685461,983.420139933904,1162.02076386112,29.4397622069155,0.000249022320628831,0,-0.391870728653843,-34.942856932672,34.9441377754128,81264.8395659127,-6.55183191299438,557.867100215786,156.886628126095,296.851444125457,2223.26423290849
157.713741632178,2,81409.6840027264,78604.8234244856,982.63124250964,1161.34807105057,29.4397622069155,0.000248430877452006,0,-0.391891126700331,-34.88935998787,34.890648905086,81367.6843017262,-6.5601692199707,557.867100215786,156.886628126095,296.851444125457,2223.26423290849
157.933741627261,2,81512.1232157833,78772.3249630654,981.844163711054,1160.67707658131,29.4397622069155,0.000247827652619324,0,-0.39189901991385,-34.8342779430358,34.8355680189449,81470.2412337932,-6.56701211929321,557.867100215786,156.886628126095,296.851444125457,2223.26423290849
158.153741622344,2,81614.2747299895,78939.7642184388,981.058905210323,1160.00778111935,29.4397622069155,0.000247238462791308,0,-0.39190455064792,-34.7776836407855,34.7789860470293,81572.5104365203,-6.57245082855225,557.867100215786,156.886628126095,296.851444125457,2223.26423290849
158.373741617426,2,81716.1386192702,79107.138954504,980.27546865353,1159.3401852957,29.4397622069155,0.000246639616502593,0,-0.391893420166765,-34.7196590584735,34.7209618813924,81674.4919841411,-6.57654595375061,557.867100215786,156.886628126095,296.851444125457,2223.26423290849
158.593741612509,2,81817.7149576822,79274.4519472978,979.493855787202,1158.67428983868,29.4397622069155,0.000246042368305821,0,-0.391876008585936,-34.6602711543327,34.6615737963383,81776.1859505711,-6.57938027381897,557.867100215786,156.886628126095,296.851444125457,2223.26423290849
158.813741607592,2,81919.0038190532,79441.7009198543,978.71406825689,1158.01009537695,29.4397622069155,0.000245451272107023,0,-0.391869335977596,-34.599577721525,34.6008901666845,81877.5924097873,-6.58100805282593,557.867100215786,156.886628126095,296.851444125457,2223.26423290849
159.033741602674,2,82020.005276816,79608.8995919656,977.936107765192,1157.34760259227,29.4397622069155,0.000244861944496534,0,-0.391864698686021,-34.5376795755349,34.5389910760341,81978.7114353905,-6.58152737617493,557.867100215786,156.886628126095,296.851444125457,2223.26423290849
159.253741597757,2,82120.7194039973,79776.0238276925,977.159976043716,1156.68681219033,29.4397622069155,0.000244275381442028,0,-0.391843751700641,-34.4745984571997,34.4759171835652,82079.5431006271,-6.58096513748169,557.867100215786,156.886628126095,296.851444125457,2223.26423290849
159.473741592839,2,82221.1462735884,79943.0982559505,976.385674796232,1156.02772484904,29.4397622069155,0.000243690453684222,0,-0.39182017444472,-34.4104051384215,34.411738894489,82180.0874782789,-6.57938976287842,557.867100215786,156.886628126095,296.851444125457,2223.26423290849
159.753741588444,2,82316.7323378781,80170.8127033618,975.648329244336,1155.40023286628,29.4397622069155,0,0,-0.391775917982101,-34.3475545453769,34.3488878924321,82271.6960327251,-6.57639937400818,557.867100215786,156.886628126095,296.851444125457,2223.26423290849
159.953741587698,2,82354.8564453624,80322.5816374007,975.354095873755,1155.14989110184,29.4397622069155,0,0,-0.391753371880429,-34.3194960270654,34.3208308550407,82293.6166540583,-6.57232351303101,557.867100215786,156.886628126095,296.851444125457,2223.26423290849
160.153741586953,2,82407.4220118941,80474.2803731467,974.948298082939,1154.80466822893,29.4397622069155,0,0,-0.391716828555398,-34.2794722856689,34.2808093905305,82321.6845940946,-6.56544585227966,557.867100215786,156.886628126095,296.851444125457,2223.26423290849
160.353741586208,2,82474.3835078271,80625.9387344557,974.431227548617,1154.3648349729,29.4397622069155,0,0,-0.391666198630194,-34.2274751220236,34.2288153475526,82358.7832136393,-6.5557765007019,557.867100215786,156.886628126095,296.851444125457,2223.26423290849
160.553741585463,2,82555.6954132387,80777.5542682372,973.803176205138,1153.83066216087,29.4397622069155,0,0,-0.391605774547911,-34.163495934972,34.1648404834831,82407.7867689737,-6.54331903457642,557.867100215786,156.886628126095,296.851444125457,2223.26423290849
160.753741584718,2,82646.7740981806,80929.1028971226,973.09946141026,1153.23222080256,29.4397622069155,0,0,-0.391534870973947,-34.0911060836072,34.092456125472,82470.652789688,-6.52880783081055,557.867100215786,156.886628126096,296.851444125457,2223.26423290849
160.953741583973,2,82736.7073131304,81080.6090582339,972.404276397844,1152.64115416925,29.4397622069155,0,0,-0.391463748963011,-34.0192401206951,34.0205955484438,82544.6162739692,-6.51432909965515,557.867100215786,156.886628126096,296.851444125457,2223.26423290849
161.153741583228,2,82826.4034934623,81232.0863741356,971.710612988304,1152.05149854179,29.4397622069155,0,0,-0.391392629953859,-33.9472972909919,33.9486586873511,82626.7392358524,-6.49985609054565,557.867100215786,156.886628126096,296.851444125457,2223.26423290849
161.353741582483,2,82915.8626927515,81383.4973642719,971.018472492259,1151.46325444511,29.4397622069155,0,0,-0.391321507272396,-33.8752786154686,33.8766462269677,82714.0928142157,-6.48538694381714,557.867100215786,156.886628126097,296.851444125457,2223.26423290849
161.553741581738,2,83005.0849652514,81534.8557104394,970.327856223154,1150.87642240567,29.4397622069155,0,0,-0.391250374926442,-33.8031844607006,33.8045570155925,82803.7572632087,-6.47092347145081,557.867100215786,156.886628126097,296.851444125457,2223.26423290849
161.753741580993,2,83094.0703641993,81686.1588525023,969.638765498143,1150.29100295147,29.4397622069155,0,0,-0.391179244239262,-33.731014141644,33.7323923519073,82893.2757621246,-6.45646514892578,557.867100215786,156.886628126098,296.851444125457,2223.26423290849
161.953741580248,2,83142.8820873982,81837.4327743111,969.260605511492,1149.96979951953,29.4397622069155,0,0,-0.39114011864559,-33.6912781979023,33.692659191979,82938.3869370482,-6.44851536750793,557.867100215786,156.886628126098,296.851444125457,2223.26423290849
162.153741579503,2,83196.0246981344,81988.6456711035,968.848755145454,1149.62003196288,29.4397622069155,0,0,-0.391097433630401,-33.647895962187,33.6492799327271,82984.3186755486,-6.4398440361023,557.867100215786,156.886628126099,296.851444125457,2223.26423290849
162.353741578758,2,83253.4804608849,82139.8279971529,968.40332953669,1149.24180651487,29.4397622069155,0,0,-0.39105119219702,-33.6008611339117,33.6022483956518,83031.5082187044,-6.43045253753662,557.867100215786,156.8866281261,296.851444125457,2223.26423290849
162.553741578013,2,83315.2316433899,82290.9479442798,967.924443939309,1148.83522945595,29.4397622069155,0,0,-0.391001389345467,-33.550168255066,33.551558980528,83080.3910336972,-6.42034077644348,557.867100215786,156.8866281261,296.851444125457,2223.26423290849
162.753741577268,2,83381.260517259,82442.0270545927,967.412213725593,1148.40040711384,29.4397622069155,0,0,-0.390948022071812,-33.4958110964456,33.4972060308642,83131.4008141783,-6.4095094203949,557.867100215786,156.886628126101,296.851444125457,2223.26423290849
162.953741576523,2,83451.5493604546,82593.0519784729,966.86675438474,1147.93744586363,29.4397622069155,0,0,-0.390891095711926,-33.4377848444175,33.4391838499234,83184.9694809486,-6.39795937538147,557.867100215786,156.886628126102,296.851444125457,2223.26423290849
163.153741575778,2,83526.0804533199,82744.0363920762,966.288181524703,1147.44645212794,29.4397622069155,0,0,-0.390830615264972,-33.3760829626392,33.3774866824579,83241.5271821118,-6.38568968772888,557.867100215786,156.886628126103,296.851444125457,2223.26423290849
163.353741575032,2,83604.8360815193,82894.9698363311,965.676610871388,1146.92753237704,29.4397622069155,0,0,-0.390766570736169,-33.3107001468905,33.3121093496761,83301.5022937386,-6.37270178794861,557.867100215786,156.886628126104,296.851444125457,2223.26423290849
163.553741574287,2,83687.7985359516,83045.8525707178,965.03215826969,1146.38079312894,29.4397622069155,0,0,-0.390698964790227,-33.2416305952174,33.2430453911355,83365.3214202511,-6.35899558067322,557.867100215786,156.886628126104,296.851444125457,2223.26423290849
163.753741573542,2,83774.9501105962,83196.6952997436,964.35493968352,1145.80634094958,29.4397622069155,0,0,-0.39062779674855,-33.168868600024,33.1702895178979,83433.4093948908,-6.34457063674927,557.867100215786,156.886628126105,296.851444125457,2223.26423290849
163.953741572797,2,83861.8652704242,83347.4847761997,963.679258311327,1145.23330604261,29.4397622069155,0,0,-0.390556625700345,-33.0960304564191,33.0974570560823,83505.3077131934,-6.33015108108521,557.867100215786,156.886628126107,296.851444125457,2223.26423290849
164.953741572797,2,83982.5542743424,84100.7631373686,962.739779621051,1144.43701733508,29.4397622069155,0,0,-0.390456961303444,-32.9937370855787,32.9951717023009,83583.9606708142,-6.30998258590698,557.867100215786,156.886628126113,296.851444125457,2223.26423290849
165.953741572797,2,84136.4510836837,84852.8940640489,961.540229123923,1143.42089085748,29.4397622069155,0,0,-0.390328789531034,-32.8618057393789,32.8632510666304,83672.2577330941,-6.28407549858093,557.867100215786,156.886628126121,296.851444125457,2223.26423290849
166.953741572797,2,84322.9902676142,85603.8927612958,960.084349492773,1142.18834956202,29.4397622069155,0,0,-0.390172094720716,-32.7000539647119,32.701512540771,83773.0335955165,-6.2524402141571,557.867100215786,156.88662812613,296.851444125457,2223.26423290849
167.953741572797,2,84541.6070271456,86353.7855863476,958.375900716288,1140.74282339379,29.4397622069155,0,0,-0.389986866201923,-32.5082990997593,32.5097738223414,83889.0682465052,-6.2150866985321,557.867100215786,156.88662812614,296.851444125457,2223.26423290849
168.953741572797,2,84791.7371393168,87102.5814637724,956.418660267358,1139.08774935694,29.4397622069155,0,0,-0.389773082279536,-32.2863589220956,32.2878529205542,84023.0870243914,-6.17202482223511,557.867100215786,156.886628126151,296.851444125457,2223.26423290849
169.953741572797,2,85072.8169765078,87850.2993993311,954.21642324098,1137.2265715759,29.4397622069155,0,0,-0.389530711289646,-32.0340524597572,32.0355680347835,84177.7606767102,-6.12326431274414,557.867100215786,156.886628126164,296.851444125457,2223.26423290849
170.953741572797,2,85384.2834912137,88596.971785968,951.773002493588,1135.16274135169,29.4397622069155,0,0,-0.389259744888935,-31.7511974407099,31.7527375789057,84355.7054176796,-6.06881585121155,557.867100215786,156.886628126178,296.851444125457,2223.26423290849
171.953741572797,2,85725.5742040081,89342.5971850429,949.092228770727,1132.89971721313,29.4397622069155,0,0,-0.388960156739264,-31.437613446482,31.4391807771531,84559.4829844853,-6.00868701934814,557.867100215786,156.886628126193,296.851444125457,2223.26423290849
172.953741572797,2,86096.1271868701,90087.2042163938,946.177950828351,1130.44096496309,29.4397622069155,0,0,-0.388631920142622,-31.0931211691266,31.0947182656456,84791.6006921127,-5.94288897514343,557.867100215786,156.88662812621,296.851444125457,2223.26423290849
173.953741572797,2,86495.3810863386,90830.8048631367,943.034035532468,1127.78995771961,29.4397622069155,0,0,-0.388275019110341,-30.7175394575867,30.7191714377336,85054.9522737041,-5.87142992019653,557.867100215786,156.886628126227,296.851444125457,2223.26423290849
174.953741572797,2,86888.7648541128,91573.4270267917,939.929703851609,1125.17484756697,29.4397622069155,0,0,-0.387917906971558,-30.3400693202698,30.3417361007709,85345.5733316811,-5.80007271766663,557.867100215786,156.886628126246,296.851444125457,2223.26423290849
175.953741572797,2,87276.2842889877,92315.0697666718,936.865135013047,1122.59570686962,29.4397622069155,0,0,-0.387560576043048,-29.9607145193683,29.9624181914966,85659.5566522115,-5.72881546020508,557.867100215786,156.886628126267,296.851444125457,2223.26423290849
176.953741572797,2,87657.9451058739,93055.7636868993,933.840509467159,1120.05260847963,29.4397622069155,0,0,-0.387203005002252,-29.5794807969561,29.5812211187305,85993.0521360375,-5.65765686035156,557.867100215786,156.886628126288,296.851444125457,2223.26423290849
177.953741572797,2,88033.7528905176,93795.5205129102,930.856008803151,1117.54562568623,29.4397622069155,0,0,-0.38684518317725,-29.1963739402458,29.1981513991584,86342.2667223747,-5.58659453392029,557.867100215786,156.886628126311,296.851444125457,2223.26423290849
178.953741572797,2,88403.7131607715,94534.3615058296,927.911815635463,1115.07483216515,29.4397622069155,0,0,-0.386487102542758,-28.8114000414306,28.8132159885238,86703.4643245202,-5.51562728881836,557.867100215786,156.886628126335,296.851444125457,2223.26423290849
179.953741572797,2,88767.8313378349,95272.301126484,925.008113508255,1112.64030192768,29.4397622069155,0,0,-0.386128757784144,-28.4245660398262,28.4264221382699,87072.9657606529,-5.4447539806366,557.867100215786,156.886628126361,296.851444125457,2223.26423290849
180.953741572797,2,89126.1127444338,96009.3474285228,922.145086798021,1110.24210926951,29.4397622069155,0,0,-0.385770130225538,-28.035879958493,28.0377775918688,87447.1486859749,-5.37397198677063,557.867100215786,156.886628126388,296.851444125457,2223.26423290849
181.953741572797,2,89478.5626135202,96745.5304542253,919.322920603473,1107.8803287195,29.4397622069155,0,0,-0.385411203859049,-27.6453500647177,27.6472898408643,87822.4475269261,-5.30328073501587,557.867100215786,156.886628126416,296.851444125457,2223.26423290849
182.953741572797,2,89825.1860980068,97480.8644835523,916.541800637469,1105.5550349881,29.4397622069155,0,0,-0.385051973709865,-27.252984710829,27.2549685030639,88195.3534180398,-5.23267817497253,557.867100215786,156.886628126446,296.851444125457,2223.26423290849
183.953741572797,2,90165.9882283931,98215.351947342,913.801913129733,1103.26630291583,29.4397622069155,0,0,-0.38469242035838,-26.8587943073947,26.8608222372882,88562.4141322452,-5.16216192245483,557.867100215786,156.886628126477,296.851444125457,2223.26423290849
184.953741572797,2,90500.9739793396,98949.034399448,911.103444699438,1101.01420742146,29.4397622069155,0,0,-0.384332536570073,-26.4627886448282,26.4648625775401,88923.6350447679,-5.09173135757446,557.867100215786,156.886628126509,296.851444125457,2223.26423290849
185.953741572797,2,90830.1482155301,99681.9008160905,908.446582256275,1098.79882345022,29.4397622069155,0,0,-0.383972311266832,-26.0649795518946,26.0670996679426,89279.0214374222,-5.02138500213623,557.867100215786,156.886628126542,296.851444125457,2223.26423290849
186.953741572797,2,91153.5157119727,100413.98978743,905.831512881866,1096.62022592188,29.4397622069155,0,0,-0.383611736074973,-25.6653779106092,25.6675466010128,89628.578498032,-4.95112037658691,557.867100215786,156.886628126577,296.851444125457,2223.26423290849
187.953741572797,2,91471.0811588827,101145.30390869,903.258423712319,1094.47848967881,29.4397622069155,0,0,-0.383250802986224,-25.2639967979588,25.2662160110029,89972.3113248685,-4.88093662261963,557.867100215786,156.886628126613,296.851444125457,2223.26423290849
188.953741572797,2,91782.8491556931,101875.859083284,900.727501821929,1092.37368943399,29.4397622069155,0,0,-0.382889494089858,-24.8608495882585,24.8631207168049,90310.2249243607,-4.8108323097229,557.867100215786,156.886628126651,296.851444125457,2223.26423290849
189.953741572797,2,92088.8242113449,102605.675719857,898.238934106422,1090.30589971907,29.4397622069155,0,0,-0.382527798739781,-24.455949874795,24.4582743953086,90642.3242117117,-4.74080514907837,557.867100215786,156.88662812669,296.851444125457,2223.26423290849
190.953741572797,2,92389.0107452736,103334.782591654,895.792907157331,1088.27519483244,29.4397622069155,0,0,-0.3821657054687,-24.0493122505006,24.0516919119573,90968.6140117957,-4.67085385322571,557.867100215786,156.88662812673,296.851444125457,2223.26423290849
191.953741572797,2,92683.413091979,104063.171151758,893.389607142544,1086.28164878738,29.4397622069155,0,0,-0.381803207072353,-23.6409524215871,23.643389298606,91289.0990596416,-4.60097751617432,557.867100215786,156.886628126772,296.851444125457,2223.26423290849
192.953741572797,2,92972.0354987884,104790.868215446,891.02921968164,1084.32533526029,29.4397622069155,0,0,-0.381440289406777,-23.230886090956,23.2333814771888,91603.7839997197,-4.53117361068726,557.867100215786,156.886628126815,296.851444125457,2223.26423290849
193.953741572797,2,93254.882119856,105517.895496856,888.711929722928,1082.40632753908,29.4397622069155,0,0,-0.381076944848375,-22.8191306900374,22.8216873675054,91912.673388866,-4.46144137382507,557.867100215786,156.886628126859,296.851444125457,2223.26423290849
194.953741572797,2,93531.9570235695,106244.264608239,886.43792141574,1080.5246984717,29.4397622069155,0,0,-0.380713162768517,-22.4057037388067,22.4083238588181,92215.771693289,-4.39177842140198,557.867100215786,156.886628126905,296.851444125457,2223.26423290849
195.953741572797,2,93803.2641933256,106969.983555154,884.207377981334,1078.68052041485,29.4397622069155,0,0,-0.380348932451891,-21.9906233385785,21.9933095102651,92513.0832910685,-4.3221839427948,557.867100215786,156.886628126952,296.851444125457,2223.26423290849
196.953741572797,2,94068.8075243716,107695.077407102,882.0204815883,1076.87386518294,29.4397622069155,0,0,-0.379984243226497,-21.5739095636491,21.5766637148019,92804.6124723084,-4.25265600681305,557.867100215786,156.886628127,296.851444125457,2223.26423290849
197.953741572797,2,94328.5908224068,108419.562064464,879.877413221816,1075.10480399731,29.4397622069155,0,0,-0.379619087088316,-21.1555813951597,21.1584069900313,93090.3634386608,-4.18319356441498,557.867100215786,156.88662812705,296.851444125457,2223.26423290849
198.953741572797,2,94582.6178159636,109143.440885786,877.778352550962,1073.37340743572,29.4397622069155,0,0,-0.379253448468471,-20.735659884481,20.7385588392384,93370.3403046879,-4.11379449367523,557.867100215786,156.886628127101,296.851444125457,2223.26423290849
199.953741572797,2,94830.8921394953,109866.740186497,875.723477802745,1071.67974538219,29.4397622069155,0,0,-0.378887315882224,-20.3141667687909,20.3171418435783,93644.5470975029,-4.04445791244507,557.867100215786,156.886628127154,296.851444125457,2223.26423290849
200.953741572797,2,95073.4173432206,110589.475633065,873.712965629031,1070.02388697721,29.4397622069155,0,0,-0.378520684367248,-19.891124040263,19.8941790668556,93912.9877572976,-3.97518239021301,557.867100215786,156.886628127208,296.851444125457,2223.26423290849
201.953741572797,2,95310.1968974092,111311.658535656,871.746990973125,1068.4059005683,29.4397622069155,0,0,-0.378153545963281,-19.4665548677426,19.4696928344806,94175.6661378407,-3.90596594810486,557.867100215786,156.886628127263,296.851444125457,2223.26423290849
202.953741572797,2,95541.2341729997,112033.308213228,869.825726943699,1066.82585366112,29.4397622069155,0,0,-0.377785884192523,-19.040483057443,19.0437082063541,94432.5860052618,-3.83680672645569,557.867100215786,156.88662812732,296.851444125457,2223.26423290849
203.953741572797,2,95766.5324775348,112754.437512165,867.949344673812,1065.28381287088,29.4397622069155,0,0,-0.377417697239129,-18.612932983234,18.6162490313619,94683.7510410297,-3.7677041053772,557.867100215786,156.886628127378,296.851444125457,2223.26423290849
204.953741572797,2,95986.095019142,113475.052247669,866.118013197428,1063.77984387447,29.4397622069155,0,0,-0.377048970950407,-18.183929741916,18.187340619487,94929.1648405869,-3.69865672588348,557.867100215786,156.886628127438,296.851444125457,2223.26423290849
205.953741572797,2,96199.9249192775,114195.185094871,864.33189931782,1062.31401136292,29.4397622069155,0,0,-0.376679690135536,-17.7535002753926,17.757010710697,95168.8309131821,-3.62966198921204,557.867100215786,156.886628127499,296.851444125457,2223.26423290849
206.953741572797,2,96408.0252209806,114914.842761413,862.591167469924,1060.88637899466,29.4397622069155,0,0,-0.376309849462894,-17.321670073139,17.3252857217739,95402.752682843,-3.56072008609772,557.867100215786,156.886628127561,296.851444125457,2223.26423290849
207.953741572797,2,96610.3988917107,115634.029286004,860.895979591546,1059.49700934921,29.4397622069155,0,0,-0.375939437827711,-16.8884679169304,16.8921936357448,95630.9334897734,-3.49182815551758,557.867100215786,156.886628127625,296.851444125457,2223.26423290849
208.953741572797,2,96807.0488023874,116352.77967204,859.246494999153,1058.14596388167,29.4397622069155,0,0,-0.375568446830748,-16.4539215340795,16.4577634085961,95853.3765884158,-3.42298557758331,557.867100215786,156.88662812769,296.851444125457,2223.26423290849
209.953741572797,2,96997.977741667,117071.097048132,857.642870253614,1056.83330287783,29.4397622069155,0,0,-0.375196871551126,-16.0180592344148,16.022023304526,96070.085148633,-3.35419020652771,557.867100215786,156.886628127756,296.851444125457,2223.26423290849
210.953741572797,2,97183.1884276734,117788.995411557,856.085259028978,1055.55908541008,29.4397622069155,0,0,-0.374824695958725,-15.5809116116016,15.5850035366688,96281.0622570782,-3.28544104099274,557.867100215786,156.886628127824,296.851444125457,2223.26423290849
211.953741572797,2,97362.6834792273,118506.500244847,854.573811994712,1054.32336929403,29.4397622069155,0,0,-0.374451911647809,-15.142508775671,15.1467359416494,96486.3109152601,-3.21673629283905,557.867100215786,156.886628127894,296.851444125457,2223.26423290849
212.953741572797,2,97536.4654477012,119223.616451083,853.108676680425,1053.12621104596,29.4397622069155,0,0,-0.37407851188831,-14.7028821046988,14.7072523532479,96685.8340427302,-3.14807553291321,557.867100215786,156.886628127964,296.851444125457,2223.26423290849
213.953741572797,2,97704.5367871678,119940.36343935,851.689997359604,1051.96766584116,29.4397622069155,0,0,-0.373704479373874,-14.2620636136232,14.2665856104508,96879.6344736935,-3.07945656776428,557.867100215786,156.886628128036,296.851444125457,2223.26423290849
214.953741572797,2,97866.8998768371,120656.752909497,850.317914921833,1050.84778747313,29.4397622069155,0,0,-0.373329809669728,-13.8200857801974,13.8247694242459,97067.714959463,-3.01087777614593,557.867100215786,156.88662812811,296.851444125457,2223.26423290849
215.953741572797,2,98023.5570181124,121372.797429702,848.992566752225,1049.76662831367,29.4397622069155,0,0,-0.372954501870118,-13.3769809283626,13.3818366100507,97250.0781693465,-2.94233801364899,557.867100215786,156.886628128184,296.851444125457,2223.26423290849
216.153741572052,2,98164.531612985,121515.971540694,847.799025460053,1048.79332796749,29.4397622069155,0,0,-0.372608861630051,-12.9686977814411,12.9737173471338,97425.7288085469,-2.87930314540863,557.867100215786,156.886628128199,296.851444125457,2223.26423290849
216.353741571307,2,98290.3722821485,121659.120667147,846.732855740863,1047.92418889439,29.4397622069155,0,0,-0.372292945869029,-12.5953561962325,12.6005318697573,97593.7261475907,-2.82176897525787,557.867100215786,156.886628128214,296.851444125457,2223.26423290849
216.553741570562,2,98401.6274010759,121802.271874577,845.789607736109,1047.15550798613,29.4397622069155,0,0,-0.372006820394751,-12.2570738291424,12.2623953306398,97753.1840074596,-2.76973097324371,557.867100215786,156.88662812823,296.851444125457,2223.26423290849
216.753741569817,2,98498.8451102334,121945.404843081,844.964817366628,1046.48357670276,29.4397622069155,0,0,-0.371750543444574,-11.9539651428294,11.9594214557044,97903.2707443162,-2.72318594455719,557.867100215786,156.886628128245,296.851444125457,2223.26423290849
216.953741569072,2,98582.5733092057,122088.519928416,844.254006679763,1045.90468121291,29.4397622069155,0,0,-0.371524177281123,-11.6861409977193,11.691722551946,98043.2092324694,-2.68212940692902,557.867100215786,156.88662812826,296.851444125457,2223.26423290849
217.153741568327,2,98653.3596772872,122231.623728591,843.652684201825,1045.41510253799,29.4397622069155,0,0,-0.371327780614865,-11.4537090636097,11.4594046993533,98172.2768522754,-2.64655747413635,557.867100215786,156.886628128275,296.851444125457,2223.26423290849
217.353741567582,2,98711.7516748484,122374.723523646,843.156345309241,1045.01111670039,29.4397622069155,0,0,-0.371161421896374,-11.2567731642577,11.2625693714785,98289.8054749901,-2.61646754741669,557.867100215786,156.886628128291,296.851444125457,2223.26423290849
217.553741566837,2,98758.296559129,122517.805656189,842.760472606028,1044.68899487531,29.4397622069155,0,0,-0.37102516118712,-11.0954345177458,11.1013162211969,98395.1814521863,-2.59185495376587,557.867100215786,156.886628128306,296.851444125457,2223.26423290849
217.753741566092,2,98793.541387616,122660.877186738,842.460536316036,1044.44500354628,29.4397622069155,0,0,-0.370919066493831,-10.9697902570734,10.9757423875149,98487.8456032642,-2.57271726131439,557.867100215786,156.886628128322,296.851444125457,2223.26423290849
217.953741565347,2,98818.0330232334,122803.931402696,842.251994686224,1044.27540466423,29.4397622069155,0,0,-0.370843195208187,-10.8799342635393,10.8859403492241,98567.2932037763,-2.55905137062073,557.867100215786,156.886628128337,296.851444125457,2223.26423290849
218.153741564602,2,98842.2969566784,122946.975476771,842.045355555141,1044.10736711648,29.4397622069155,0,0,-0.370767297242281,-10.7900424669734,10.7961004362942,98635.0697381456,-2.54538700580597,557.867100215786,156.886628128353,296.851444125457,2223.26423290849
218.353741563857,2,98866.3332045612,123090.009201371,841.840619795602,1043.94089123244,29.4397622069155,0,0,-0.370691372140091,-10.7001152982277,10.7062253906563,98692.6658303869,-2.53172347545624,557.867100215786,156.886628128368,296.851444125457,2223.26423290849
218.553741563112,2,98910.33067526,123233.030916572,841.465785404266,1043.63613217756,29.4397622069155,0,0,-0.370550847993759,-10.5336773223771,10.5398883932697,98782.5521883928,-2.50644860267639,557.867100215786,156.886628128384,296.851444125457,2223.26423290849
218.773741560057,2,99003.2772670381,123376.038039186,840.673590844551,1042.99216546338,29.4397622069155,0,0,-0.369975205104305,-10.1716020189995,10.1780293673552,98947.0811571297,-2.44993185997009,557.867100215786,156.886628128393,296.851444125457,2223.26423290849
218.993741555139,2,99032.477377082,123533.3401862,840.42450312811,1042.78973824769,29.4397622069155,0.0363112958146766,0,-0.369553132951937,-10.0305022301472,10.0369998059975,99022.3928398859,-2.40828566551208,557.867100215786,156.886628128393,296.851444125457,2223.26423290849
219.213741550222,2,99056.8636097092,123690.6240758,840.216494069752,1042.62071302035,29.4397622069155,0.00568773781950278,0,-0.369520274115704,-9.89149313399504,9.89811503782531,99046.9111547539,-2.35348718166351,557.867100215786,156.886628128393,296.851444125457,2223.26423290849
219.433741545305,2,99080.9748883459,123847.896603691,840.010797254524,1042.45358081397,29.4397622069155,0.000134922926352957,0,-0.369505267529191,-9.75480136688736,9.76149827975769,99071.1350771467,-2.30104353427887,557.867100215786,156.886628128393,296.851444125457,2223.26423290849
219.653741540387,2,99104.810694926,124005.157953902,839.80741408151,1042.28834221438,29.4397622069155,0.000131601314380372,0,-0.36948799926063,-9.61979865238692,9.62660545050924,99095.0836410441,-2.25033414363861,557.867100215786,156.886628128393,296.851444125457,2223.26423290849
219.87374153547,2,99128.3627615286,124162.394981753,839.60635096637,1042.12500066295,29.4397622069155,0.000135879537225257,0,-0.369459482078878,-9.48646755942121,9.493381825894,99118.752413328,-2.20133287906647,557.867100215786,156.886628128393,296.851444125457,2223.26423290849
220.093741530553,2,99151.6460683817,124319.627891961,839.407599263899,1041.96355104763,29.4397622069155,0.000135206782686696,0,-0.369431387371201,-9.35471185298155,9.36171892861327,99142.1442824549,-2.15394380092621,557.867100215786,156.886628128393,296.851444125457,2223.26423290849
220.313741525635,2,99174.6560889377,124476.850264209,839.211162952253,1041.80399543136,29.4397622069155,0.000134204378940623,0,-0.369389344507119,-9.22445900669851,9.23159694838448,99165.2667868877,-2.10810236930847,557.867100215786,156.886628128393,296.851444125457,2223.26423290849
220.533741520718,2,99197.3908346177,124634.055558848,839.017044340536,1041.64633492545,29.4397622069155,0.000134031730905654,0,-0.369354387401125,-9.09562359360427,9.10285405258028,99188.1141436151,-2.06371421813965,557.867100215786,156.886628128393,296.851444125457,2223.26423290849
220.7537415158,2,99219.8503211352,124791.250668557,838.825244447331,1041.49056991662,29.4397622069155,0.00013385610437224,0,-0.369337466559958,-8.96812889884745,8.97547194710594,99210.6862348436,-2.02070405483246,557.867100215786,156.886628128393,296.851444125457,2223.26423290849
220.973741510883,2,99242.0345637232,124948.429127994,838.635764271965,1041.33670077942,29.4397622069155,0.000133683738460115,0,-0.369297402331298,-8.84188878934607,8.84933494035823,99232.9830758993,-1.97898765802383,557.867100215786,156.886628128393,296.851444125457,2223.26423290849
221.193741505966,2,99263.9435774473,125105.597808245,838.4486048079,1041.18472788933,29.4397622069155,0.000133517314531355,0,-0.369255854836887,-8.71685005124038,8.72439476249754,99255.0046819292,-1.93850518465042,557.867100215786,156.886628128393,296.851444125457,2223.26423290849
221.413741501048,2,99285.577377399,125262.756860543,838.263767031862,1041.03465161197,29.4397622069155,0.000133350576295564,0,-0.369221094297712,-8.59292982204131,8.60060649014928,99276.7510680659,-1.89918723106384,557.867100215786,156.886628128393,296.851444125457,2223.26423290849
221.633741496131,2,99306.9359781923,125419.89989141,838.081251913388,1040.88647231247,29.4397622069155,0.000133184187407419,0,-0.369179843418744,-8.47008444505832,8.47786463988221,99298.2222490373,-1.86097257137299,557.867100215786,156.886628128393,296.851444125457,2223.26423290849
221.853741491213,2,99328.0189928487,125577.099432398,838.268125093848,1041.10836061334,29.4220671376024,0.473074291241014,0,-0.368276695256732,-8.34444275409977,8.35229516908948,99319.4181797521,-1.82368692159653,557.906508584178,156.886628128393,296.865422493146,2225.11961182024
222.073741486296,2,99348.805409713,125735.263453916,843.541075293143,1046.43074455558,29.3571866472994,2.20968098418061,0,-0.361250854117819,-8.15145879130883,8.15921814847086,99340.3294784651,-1.76934653520584,558.048997073499,156.886628128393,296.915132410767,2231.93222805382
222.293741481379,2,99369.2721548856,125894.722168631,850.122052618148,1053.06284490547,29.2923040112291,3.16174081066715,0,-0.356820608089256,-7.94212025583884,7.94989444646315,99360.9270567333,-1.70790239572525,558.188391605234,156.886628128393,296.962489849002,2238.75991917681
222.513741476461,2,99389.4212784919,126055.449239308,856.725337609026,1059.71534309698,29.2274224480425,3.16874805361755,0,-0.352560680419282,-7.74085109087545,7.74868166036489,99381.2059140136,-1.65165085792542,558.324745153043,156.886628128393,297.007646630058,2245.60275062646
222.733741471544,2,99409.2551095946,126217.451356181,863.350754768734,1066.3881387817,29.1625419577395,3.17578562158635,0,-0.348540629176571,-7.54673658499834,7.55455644628069,99401.1685295547,-1.59974786043167,558.458109100059,156.886628128393,297.050732904482,2252.46079217674
222.953741466627,2,99428.7758972715,126380.741946812,869.99812792477,1073.08112941323,29.0976603945528,3.18285449035627,0,-0.34476303743738,-7.35914866956584,7.36701331332472,99420.8171889069,-1.55165523290634,558.588533444984,156.886628128393,297.091867504665,2259.33410958502
223.173741461709,2,99447.985808692,126545.320983693,876.667293638662,1079.79422123282,29.0327777584826,3.18995383344628,0,-0.341184774302793,-7.17754220795367,7.18545448473758,99440.1540922719,-1.50689831972122,558.716066893043,156.886628128393,297.131157051829,2266.2227715235
223.393741456792,2,99466.88694016,126711.195377353,883.358110502953,1086.52733817026,28.9678972681795,3.19708501709831,0,-0.337824701973409,-7.00142229023557,7.00939185052669,99459.1813635961,-1.46505510807037,558.840756978266,156.886628128393,297.168698352425,2273.12684630232
223.613741451874,2,99485.4813287204,126878.358605977,890.070446444578,1093.28041015247,28.9030157049929,3.20424837166883,0,-0.3346202823842,-6.83037144127391,6.83841141527057,99477.9010635516,-1.42577126026154,558.96265013566,156.886628128393,297.204579727946,2280.04640349581
223.833741446957,2,99503.7689679852,127046.81079944,896.804188872797,1100.05338274647,28.8381341418062,3.21144244063522,0,-0.331560649876492,-6.66399192491204,6.67206856535777,99496.314733038,-1.38870815038681,559.081791774823,156.886628128393,297.238881344768,2286.98151346076
224.05374144204,2,99521.7498084923,127216.565430346,903.559234554416,1106.84620775665,28.7732525786196,3.21867523074875,0,-0.328680251735319,-6.50194648427613,6.5100957760258,99514.4192995196,-1.35359233617783,559.198226361917,156.886628128393,297.271677672078,2293.93224527197
224.273741437122,2,99539.4357094344,127387.629037835,910.335473246622,1113.65883090914,28.7083710154329,3.22593398496653,0,-0.325929843590949,-6.34392964958814,6.35212012038723,99532.2265975539,-1.32016566991806,559.311997460502,156.886628128393,297.303036685507,2300.89867025996
224.493741432205,2,99556.822573726,127559.995323453,917.132823683377,1120.49121954453,28.6434894522463,3.23322644011955,0,-0.323283973323684,-6.18967131089814,6.19793911582948,99549.7356334241,-1.28821753263474,559.423147812431,156.886628128393,297.333021976218,2307.88085881411
224.713741427287,2,99573.9122498835,127733.664437999,923.9512073498,1127.34334352439,28.5786078890596,3.24055215507321,0,-0.320755947174441,-6.03892277611996,6.04726689343908,99566.9467271022,-1.25755113363266,559.531719348848,156.886628128393,297.361692296953,2314.87888316357
224.93374142237,2,99590.706566624,127908.649562441,930.79055363854,1134.21517825542,28.513726325873,3.24791218464209,0,-0.318350698189013,-5.89147102129063,5.8999279471641,99583.8617147766,-1.22799625396729,559.637753261459,156.886628128393,297.389102829451,2321.8928143129
225.153741417453,2,99607.2073376815,128084.951099544,937.650799871078,1141.10670505891,28.4488447626863,3.25530599180526,0,-0.316014595558556,-5.74712744070329,5.75570043127977,99600.4824159399,-1.19940669536591,559.741290037359,156.886628128393,297.415304878518,2328.92272455533
225.373741412535,2,99623.4163627837,128262.562555529,944.531886483371,1148.01790672302,28.3839642723833,3.26273354207804,0,-0.313781930499636,-5.60572207289796,5.61433610356313,99616.8106359366,-1.1716472864151,559.842369476158,156.886628128393,297.440345896236,2335.96868842274
225.593741407618,2,99639.335432643,128441.503723697,951.433761815792,1154.94877205513,28.3190827091967,3.27019538762706,0,-0.311622046560834,-5.46707126050775,5.47580910923955,99632.8481687308,-1.14459371566772,559.941030738816,156.886628128393,297.464271995305,2343.03077782707
225.813741402701,2,99654.9663334137,128621.76175703,958.356377005286,1161.89929095399,28.25420114601,3.27769087669299,0,-0.309535375006039,-5.33105440623882,5.33986820556181,99648.5968019881,-1.11815211772919,560.037312382782,156.886628128393,297.487125634904,2350.1090679475
226.033741397783,2,99670.3108480026,128803.35642272,965.299687437254,1168.86945630655,28.1893195828234,3.28521978878852,0,-0.30752317763731,-5.19755411671253,5.20651579273594,99664.0583200969,-1.09225218296051,560.131252362715,156.886628128393,297.508948081539,2357.20363215551
226.253741392866,2,99685.3707557962,128986.268636124,972.26365615133,1175.85926697989,28.1244380196367,3.29278362572631,0,-0.305585810864982,-5.06644419358442,5.07550704876187,99679.2345033604,-1.06679342985153,560.222888077617,156.886628128393,297.529777631577,2364.3145462787
226.473741387948,2,99700.1478378131,129170.524053858,979.248249371822,1182.86872398114,28.0595564564501,3.30038292037698,0,-0.303683167847637,-4.93761499067434,4.9468316605455,99694.1271323485,-1.04171096086502,560.312256360804,156.886628128393,297.549651604153,2371.44188499922
226.693741383031,2,99714.6438772767,129356.110673733,986.253438498107,1189.89783184047,27.9946748932634,3.30801747375714,0,-0.301862313915016,-4.81097470069804,4.82032692621714,99708.7379887983,-1.0169371008873,560.399393537536,156.886628128393,297.568604701353,2378.58572526647
226.913741378114,2,99728.860662909,129543.041178229,993.279197222041,1196.94659632817,27.9297933300768,3.31568757154113,0,-0.300079548474874,-4.68644038038169,4.69591648987502,99723.0688591588,-0.992429506778717,560.484335428054,156.886628128393,297.586670677509,2385.74614289416
227.133741373196,2,99742.799988317,129731.315703684,1000.32550496454,1204.0150278939,27.8649117668901,3.32339385402527,0,-0.298348768297899,-4.56393207340541,4.57353058087393,99737.1215351407,-0.968132829666138,560.567117352487,156.886628128393,297.60388136512,2392.92321605352
227.353741368279,2,99756.4636541902,129920.934835875,1007.39234133955,1211.10313590484,27.8000302037035,3.33113509165937,0,-0.296665162040558,-4.4433729776994,4.45312422867184,99750.8978141669,-0.944009548425674,560.647774163489,156.886628128393,297.620268452599,2400.11702151086
227.573741363361,2,99769.8534697484,130111.898765674,1014.47968801554,1218.21093087786,27.7351486405169,3.33891189361318,0,-0.295041001689847,-4.32470422997503,4.33461712189355,99764.3995020701,-0.920023852586746,560.726340247752,156.886628128393,297.635861513524,2407.3276378098
227.793741358444,2,99782.9712522627,130304.220494952,1021.58753491683,1225.33843055266,27.6702670773302,3.34672559194203,0,-0.293451791184528,-4.20786110152915,4.21796397175931,99777.6284127242,-0.896143382787704,560.80284954224,156.886628128393,297.650689392073,2414.55514352191
228.013741353527,2,99795.8188291169,130497.90016736,1028.71587028096,1232.48565001402,27.6053855141436,3.35457580077156,0,-0.291920091762673,-4.09278769290382,4.10311819082924,99790.5863691557,-0.872340571880341,560.877335547485,156.886628128393,297.66478020557,2421.79961737278
228.233741348609,2,99808.3980385014,130692.938453324,1035.86469318753,1239.65261427045,27.5405039509569,3.36246449300541,0,-0.290399934310427,-3.9794264307871,3.98992409574917,99803.2752052694,-0.848579931259155,560.949831341028,156.886628128393,297.67816008581,2429.06114054612
228.453741343692,2,99820.7107318046,130889.335546031,1043.03399947595,1246.83934416863,27.4756223877703,3.37039038054463,0,-0.288930209760272,-3.86774770216232,3.87841077322224,99815.6967666728,-0.824860596656799,561.02036959341,156.886628128393,297.69085497707,2436.33979325396
228.673741338775,2,99832.7587701487,131087.097740216,1050.22378193391,1254.04585684923,27.4107408245836,3.37835166238652,0,-0.287474082972413,-3.75768024680343,3.76853904370692,99827.8529109683,-0.801138323545456,561.088982555625,156.886628128393,297.702890259323,2443.63565594802
228.893741333857,2,99844.5440289088,131286.232419363,1057.43404211605,1261.27217715623,27.345859261397,3.38635064972401,0,-0.286062955294846,-3.64919068068146,3.66030138102961,99839.7455070392,-0.777410542964935,561.155702102864,156.886628128393,297.714290307481,2450.94881008335
229.11374132894,2,99856.068397485,131486.7391904,1064.66478598047,1268.51833375896,27.2809776982103,3.39438825308886,0,-0.28469689434642,-3.54224903471062,3.55358190244834,99851.3764389403,-0.753660547733307,561.220559716761,156.886628128393,297.725078571553,2458.27933812285
229.333741324022,2,99867.3337781051,131688.631516693,1071.91601808617,1275.78435312247,27.2160961350237,3.40246366044369,0,-0.283342824013176,-3.43681198771285,3.44832215574739,99862.7476034135,-0.729873108863831,561.283586504523,156.886628128393,297.735277583045,2465.62732334445
229.553741319105,2,99878.3420872336,131891.890227768,1079.187749671,1283.07026769572,27.151214571837,3.41057855274009,0,-0.282044014436428,-3.33283244609309,3.34463013751575,99873.860911216,-0.706029260158539,561.344813202283,156.886628128393,297.744910099032,2472.99284820089
229.773741314188,2,99889.0952573495,132096.541496709,1086.47998819208,1290.37610540108,27.0863330086504,3.41873125110137,0,-0.280767603154886,-3.23029793038842,3.24237190464601,99884.7182880589,-0.682136189937592,561.404270193677,156.886628128393,297.75399778484,2480.37599677424
229.99374130927,2,99899.5952351812,132302.572852092,1093.79275176239,1297.70190424747,27.0214525183474,3.42692489581858,0,-0.279514841396987,-3.12916552615457,3.14154971096439,99895.3216749335,-0.658172035217285,561.461987502413,156.886628128393,297.762561642799,2487.77685377957
230.213741304353,2,99909.8439824956,132510.003781845,1101.1260523677,1305.04769540346,26.9565698822771,3.43515685657962,0,-0.278305892733875,-3.02941405357901,3.04204243452858,99905.6730274371,-0.634133863449097,561.517994808872,156.886628128393,297.770621701593,2495.19550516764
230.433741299436,2,99919.8434779915,132718.821143863,1108.47990666745,1312.41351411978,26.8916893919741,3.44342777518291,0,-0.27709827765831,-2.93100201793798,2.94397644727525,99915.7743171888,-0.61000941991806,561.572321459224,156.886628128393,297.778198523167,2502.6320351379
230.653741294518,2,99929.5957160749,132929.039141047,1115.85433364963,1319.79939739085,26.8268078287874,3.45173907312235,0,-0.275920985650254,-2.83391214210065,2.84720448458791,99925.6275322659,-0.58579677939415,561.624996463721,156.886628128393,297.785310991967,2510.08653085542
230.873741289601,2,99939.1027071656,133140.657254499,1123.24935694173,1327.20538627886,26.7619262656008,3.4600906472539,0,-0.2747867098483,-2.73810876719842,2.75178364871642,99935.2346764548,-0.561485195159912,561.67604850783,156.886628128393,297.791978330901,2517.55907901429
231.093741284683,2,99948.366478978,133353.669759926,1130.66499853707,1334.63151962197,26.6970447024141,3.46848273286713,0,-0.273657248993498,-2.64357410862906,2.65761020250787,99944.5977702986,-0.537064796686172,561.725505963832,156.886628128393,297.798218584434,2525.049768206
231.313741279766,2,99957.3890774742,133568.10859978,1138.10128406224,1342.07783941678,26.6321631392275,3.47691533967877,0,-0.272562692096258,-2.55029043706667,2.56479601586105,99953.7188525083,-0.512553632259369,561.773396886185,156.886628128393,297.804050576831,2532.55868528782
231.533741274849,2,99966.1725630366,133783.948879131,1145.55823895825,1349.5443869122,26.5672815760408,3.48538878607375,0,-0.27149338740747,-2.45823244124192,2.47307678582664,99962.5999772384,-0.487930202484131,561.819749023496,156.886628128393,297.80949067319,2540.0859208284
231.753741269931,2,99974.7190150324,134001.197481601,1153.03589451518,1357.03120875845,26.5024000128542,3.49390419255914,0,-0.270440669512459,-2.36735623116668,2.38273995494094,99971.2432163827,-0.463180837035179,561.864589818689,156.886628128393,297.814556745557,2547.63156252919
231.973741265014,2,99983.0305310111,134219.873776795,1160.53428153145,1364.5383505427,26.4375195225512,3.50246142989646,0,-0.269422799988488,-2.27766881828881,2.29345788534208,99979.6506596716,-0.43832091987133,561.907946431981,156.886628128393,297.819264782845,2555.19570285332
232.193741260096,2,99991.1092256676,134439.971282648,1168.05343325075,1372.06585993561,26.3726379593645,3.51106051151911,0,-0.268434556688028,-2.18913767116553,2.20543461014618,99987.8244152013,-0.413343423604965,561.949845721568,156.886628128393,297.823631398593,2562.77843154689
232.413741255179,2,99998.9572718729,134661.490383149,1175.59336458783,1379.61375566905,26.3077553232943,3.51795168981626,0,-0.267463298518609,-2.1017560009935,2.11859592671283,99995.7666129549,-0.3881422996521,561.990316683473,156.886628128393,297.827672515871,2570.37984002142
232.633741250262,2,100006.57854512,134884.448104846,1183.15407991387,1387.18203602218,26.2428748329912,3.52766139692835,0,-0.266513977693494,-2.01330122621485,2.03082337569979,100003.480280349,-0.360279661417007,562.029394332348,156.886628128393,297.831395213042,2578.00002035842
232.853741245344,2,100013.974350526,135108.828646207,1190.73574676298,1394.77095063192,26.177992196921,3.53719191464373,0,-0.265577312290653,-1.92499830274375,1.94323766952651,100010.968325318,-0.33176566362381,562.067094385756,156.886628128393,297.834810926035,2585.6390652329
233.073741240427,2,100021.146203943,135334.650406342,1198.33833643905,1402.38044292758,26.1131117066179,3.54596201138232,0,-0.264675698571348,-1.83821781492487,1.85702351069836,100018.231597464,-0.303544080257416,562.103443019227,156.886628128392,297.83793650983,2593.29707008077
233.29374123551,2,100028.096388809,135561.907911819,1205.96188754674,1410.01056419784,26.0482301434313,3.55477554147574,0,-0.263805093926856,-1.75286425040874,1.7724499070954,100025.272266391,-0.275546604394913,562.138466073159,156.886628128392,297.840788973593,2600.97412828701
233.513741230592,2,100034.827200303,135790.620403445,1213.60643985996,1417.66136637053,25.9833485802446,3.56363275321378,0,-0.262935224921308,-1.66889096937541,1.68934000147733,100032.092621899,-0.247736006975174,562.172189088032,156.886628128392,297.843384447997,2608.67033461379
233.733741225675,2,100041.340943582,136020.770168203,1221.27203687627,1425.33290474688,25.918467017058,3.57253468095553,0,-0.262077478829574,-1.58623490980731,1.60764764985243,100038.694965332,-0.220068730413914,562.204637296398,156.886628128392,297.845738341297,2616.38578426581
233.953741220757,2,100047.639935424,136252.382084628,1228.95872351864,1433.02523561226,25.8535854538713,3.58148099309628,0,-0.261255099942132,-1.50484735662504,1.52731297814861,100045.08160835,-0.192511467635632,562.235835640762,156.886628128392,297.847865278515,2624.12057421223
234.17374121584,2,100053.726506305,136485.444114213,1236.66654641763,1440.73841660847,25.7887038906847,3.59047223147459,0,-0.260444464764394,-1.42468639505749,1.44823928008547,100051.254875975,-0.165044924616814,562.265808778468,156.886628128392,297.849779594629,2631.87480190288
234.393741210923,2,100059.602999263,136719.963197808,1244.39555355473,1448.4725063409,25.7238223274981,3.59950926170828,0,-0.259672196513585,-1.34570888288613,1.37044552478599,100057.217105933,-0.137631523609161,562.294581089986,156.886628128392,297.851494768332,2639.64856582209
234.613741206005,2,100065.271772573,136955.946275123,1252.14579824781,1456.22756838296,25.6589407643114,3.60859157164146,0,-0.258920706627436,-1.26786916933747,1.29388836096591,100062.970650042,-0.110242226719856,562.322176697509,156.886628128392,297.853023974547,2647.44196383875
234.833741201088,2,100070.735201143,137193.399136192,1259.91732803202,1464.00366021361,25.5940592011248,3.61771928411242,0,-0.258163574755766,-1.19114549114581,1.21859495266203,100068.517876598,-0.0828794248402119,562.348619460698,156.886628128392,297.85438027255,2655.25509574846
235.05374119617,2,100075.995674351,137432.317681809,1267.7101983722,1471.80084690817,25.5291776379381,3.62689330282809,0,-0.257446977075341,-1.11548659868394,1.14479175283912,100073.861168934,-0.0555029805749655,562.37393298265,156.886628128392,297.855576696976,2663.0880607245
235.273741191253,2,100081.055598927,137672.718647313,1275.5244671037,1479.61919560014,25.4642960747515,3.63611469914622,0,-0.256757282291056,-1.04088162949355,1.07191910567213,100079.002926478,-0.0281072545796633,562.398140626739,156.886628128392,297.856624373202,2670.94096138087
235.493741186336,2,100085.917399647,137914.59252741,1283.36018949109,1487.45877053831,25.3994145115648,3.6453827230891,0,-0.256059015633943,-0.967297402865226,1.00036589649653,100083.945566642,-0.000679770315764472,562.421265516725,156.886628128392,297.857535218388,2678.81389868042
235.713741181418,2,100090.583517211,138157.950502002,1291.21742483936,1495.31963977615,25.33453348482,3.65469810645204,0,-0.255419598196035,-0.89469510559283,0.930131644496085,100088.691523993,0.0267974853515625,562.443330529366,156.886628128392,297.858320914627,2686.70697531111
235.933741176501,2,100095.056412739,138402.794057388,1299.09623350053,1503.2018720294,25.2696513851915,3.66406087836176,0,-0.254791318155997,-0.823053220827959,0.861411153010249,100093.243250182,0.054351806640625,562.464358339495,156.886628128392,297.858992879247,2694.62029407954
236.153741171584,2,100099.33856597,138649.130148052,1306.99667887826,1511.10553891338,25.2047703584467,3.67347246810286,0,-0.254187568630999,-0.752356604684164,0.7940200757778,100097.603218618,0.0819671630859375,562.484371376842,156.886628128392,297.859561638415,2702.5539586936
236.373741166666,2,100103.432476466,138896.959060809,1314.91882287994,1519.03071020021,25.13988879526,3.68293177332744,0,-0.253592874090443,-0.682594529662042,0.727811489628176,100101.773919582,0.109661865234375,562.503391871893,156.886628128392,297.860037116459,2710.50807570194
236.593741161749,2,100107.340662457,139146.286393143,1322.86273116329,1526.97745922053,25.0750077685152,3.69244005972562,0,-0.253007154478643,-0.613729219946432,0.663697080648623,100105.75786443,0.137432861328125,562.521441827824,156.886628128392,297.860430331401,2718.48274963964
236.813741156831,2,100111.065662616,139397.120404625,1330.82847185292,1534.94586150826,25.0101256688868,3.70199796941068,0,-0.252455977735856,-0.545758957712723,0.6013778175742,100109.557583168,0.165292358398438,562.538543040428,156.886628128392,297.860751323851,2726.47808617654
237.033741151914,2,100114.610034726,139649.459978987,1338.81611014207,1542.93598942601,24.9452441057001,3.71160465622217,0,-0.251924897460806,-0.478651144647877,0.540712493167403,100113.175625581,0.193267822265625,562.554717101649,156.886628128392,297.861009268931,2734.49419372605
237.253741146997,2,100117.976358408,139903.301532976,1346.82571879117,1550.9479226808,24.8803630789553,3.72126191489924,0,-0.251432340396439,-0.412385222786177,0.482555234261304,100116.614562446,0.221353149414063,562.569985406428,156.886628128392,297.86121349608,2742.53118147135
237.473741142079,2,100121.167235592,140158.662511416,1354.85736670318,1558.98173689997,24.8154815157686,3.73096917439153,0,-0.250940564699362,-0.346956885963369,0.427873896741863,100119.876986556,0.249530029296875,562.584369156437,156.886628128392,297.861373593512,2750.58915722291
237.693741137162,2,100124.185288108,140415.549791718,1362.911129444,1567.03751418177,24.750599952582,3.74072766603721,0,-0.250467325950337,-0.282347735401201,0.376935103312513,100122.965511645,0.277828979492187,562.597889352399,156.886628128392,297.861498419041,2758.668231238
237.913741132244,2,100127.03315999,140673.946625347,1370.98707977543,1575.11533357891,24.6857183893953,3.7505372483578,0,-0.250037184087926,-0.218542230773763,0.331246672054613,100125.882772266,0.30625,562.610566818463,156.886628128392,297.861596816419,2766.76851458007
238.133741127327,2,100129.713517798,140933.882090293,1379.08529341286,1583.21527694947,24.6208368262087,3.76039853614967,0,-0.24963056641459,-0.155529982661891,0.294364885970528,100128.631426442,0.334783935546875,562.622422178996,156.886628128392,297.861678098154,2774.89011729867
238.35374112241,2,100132.229049054,141195.341026992,1387.20584968376,1591.33742952351,24.555955263022,3.77031194057529,0,-0.249243325320949,-0.0932982971711523,0.266299223732513,100131.21415243,0.36343994140625,562.633475888779,156.886628128392,297.861749886214,2783.03315325933
238.573741117492,2,100134.582463718,141458.340620069,1395.34882433862,1599.48187280096,24.4910736998354,3.78027721227656,0,-0.248878214262537,-0.0318350870761567,0.251311649624377,100133.633651353,0.392221069335937,562.643748215893,156.886628128392,297.861820761301,2791.19773583174
238.793741112575,2,100136.776495688,141722.876041417,1403.51429849988,1607.64869345696,24.4261921366488,3.79029562293298,0,-0.248532460539806,0.028869383113262,0.249668057904274,100135.892647256,0.421136474609375,562.653259252874,156.886628128392,297.861897893217,2799.38397959912
239.013741107658,2,100138.81389924,141988.959271371,1411.70235604735,1615.83798075309,24.3613105734621,3.80036774430418,0,-0.248222109336512,0.0888530637217567,0.263648268489941,100137.993885821,0.450192260742187,562.662028922435,156.886628128392,297.861990012488,2807.59199903768
239.23374110274,2,100140.697454761,142256.588870735,1419.91307728945,1624.04982020562,24.2964290102755,3.8104929196071,0,-0.247922966522707,0.148107109965744,0.288266503673252,100139.940136957,0.479388427734375,562.670076982978,156.886628128392,297.862104174111,2815.82191173209
239.453741097823,2,100142.42996609,142525.765135897,1428.14654670003,1632.28430133328,24.2315474470888,3.82067195346167,0,-0.247648263922433,0.206641763019077,0.3215829006319,100141.734194666,0.508712768554688,562.67742303084,156.886628128392,297.862247837902,2824.07383387684
239.673741092905,2,100144.014260241,142796.50329949,1436.40285060775,1640.54151536281,24.166666420344,3.83090591370148,0,-0.247397288854598,0.26446565881876,0.361486675881294,100143.378876881,0.538177490234375,562.684086489399,156.886628128392,297.862428690225,2832.34788369827
239.893741087988,2,100145.453187595,143068.80200677,1444.68207758372,1648.82155559603,24.1017848571573,3.84119522272308,0,-0.247171525426121,0.321592723172012,0.404764146756538,100144.877023969,0.567776489257813,562.6900866278,156.886628128392,297.862653542168,2840.64417986474
240.113741083071,2,100146.749623049,143342.666431911,1452.98431267797,1657.1245116674,24.0369032939707,3.85153807627254,0,-0.246969915945258,0.378025731126357,0.451422251259442,100146.231500997,0.597503662109375,562.695442556947,156.886628128392,297.862930149202,2848.96284133227
240.333741078153,2,100147.906465242,143618.098607966,1461.30964840703,1665.45048053584,23.972021730784,3.8619385771943,0,-0.246788694695234,0.433783206090606,0.499046482453558,100147.445197068,0.627383422851562,562.700173225323,156.886628128392,297.863264902486,2857.30398941027
240.553741073236,2,100148.926637898,143895.10216772,1469.65817915283,1673.79956087732,23.9071401675974,3.87239590753329,0,-0.246647526657099,0.48887388441371,0.54757828082601,100148.521025124,0.657406616210938,562.704297438703,156.886628128392,297.863664293991,2865.66774660918
240.773741068318,2,100149.813089293,144173.685537763,1478.02999524938,1682.17184718889,23.8422591408525,3.88290909030425,0,-0.246541412237456,0.54330724635637,0.596488307199482,100149.46192365,0.687570190429687,562.707833852154,156.886628128392,297.86413448961,2874.05423634416
240.993741063401,2,100150.56879297,144453.850835324,1486.42519174262,1690.56743854794,23.7773775776659,3.89347990595918,0,-0.246452216264026,0.597097735548367,0.645791778884758,100150.270856003,0.7178955078125,562.710800970123,156.886628128392,297.864682088267,2882.4635825452
241.213741058484,2,100151.196748757,144735.603097099,1494.84386321743,1698.98643343178,23.7124960144793,3.90410774490871,0,-0.246386832618821,0.650240572826959,0.695282885424955,100150.950810738,0.748342895507813,562.713217163525,156.886628128392,297.865313548097,2890.8959092762
241.433741053566,2,100151.699981228,145018.947828093,1503.28610831679,1707.42893426357,23.6476144512926,3.9147939899308,0,-0.246354212770123,0.702750450294211,0.74471982333969,100151.504802751,0.778952026367188,562.715100653674,156.886628128392,297.866034998422,2899.35134228907
241.653741048649,2,100152.081540056,145303.890006674,1511.75202385846,1715.89504151462,23.582732888106,3.92553860070946,0,-0.246352847675907,0.75463728387291,0.79378911742171,100151.935871639,0.80970458984375,562.716469513661,156.886628128392,297.86685191131,2907.83000938084
241.873741043732,2,100152.344500768,145590.433184295,1520.24171163176,1724.3848605059,23.5178513249193,3.93634266959671,0,-0.246390923621192,0.805914529113929,0.842533866191117,100152.24708151,0.840615844726562,562.717341695545,156.886628128392,297.867770183375,2916.33203882027
242.093741038814,2,100152.491967446,145878.57498944,1528.75527245005,1732.89849547428,23.4529697617327,3.94720633430106,0,-0.246458194212479,0.856572488611076,0.891003332242524,100152.441525336,0.871658325195313,562.717735012269,156.886628128392,297.86879534421,2924.85755896198
242.313741033897,2,100152.52706704,146168.328331308,1537.29281211589,1741.4360555293,23.388088198546,3.95813061042278,0,-0.246556910595721,0.906641269998479,0.939181395723448,100152.522320713,0.902865600585937,562.717667134584,156.886628128392,297.869932944867,2933.4067012503
242.533741028979,2,100152.452956445,146459.700088747,1545.85443103421,1749.99764428192,23.3232066353594,3.96911479723504,0,-0.246704173192536,0.95611169735651,0.987209799471464,100152.492611763,0.934207153320312,562.717155622504,156.886628128392,297.871188930395,2941.97959517984
242.753741024062,2,100152.272818134,146752.690469953,1554.44023560683,1758.58337122749,23.2583250721727,3.98015973298655,0,-0.24684920102726,1.00498613696776,1.03457730512443,100152.355571271,0.965701293945312,562.716217889802,156.886628128392,297.872568243804,2950.57637409217
242.973741019145,2,100151.989859843,147047.297340812,1563.0503344396,1767.19334796466,23.1934440454279,3.99126667516529,0,-0.247034197142495,1.05329563397448,1.08173352490719,100152.114396141,0.997348022460937,562.714871225513,156.886628128392,297.874076345982,2959.1971711507
243.193741014227,2,100151.607318215,147343.537848643,1571.68483739464,1775.82768725248,23.1285624822413,4.00243634386131,0,-0.247254742214877,1.10103419924237,1.12837865502881,100151.77231099,1.02915649414063,562.713132802555,156.886628128392,297.875718454254,2967.84211984281
243.41374100931,2,100151.128458183,147641.409887547,1580.34385386243,1784.48650128349,23.0636809190546,4.01366894299372,0,-0.247538758319012,1.14820573295137,1.17453773499711,100151.332569408,1.06110534667969,562.711019673261,156.886628128392,297.877499320553,2976.51135677297
243.633741004393,2,100150.556571434,147940.917084732,1589.02749750842,1793.16990642839,22.998799355868,4.02496436351205,0,-0.247833322567386,1.19481913662476,1.22018588640449,100150.798452177,1.09320373535156,562.708548764393,156.886628128392,297.879423623068,2985.20501926861
243.853740999475,2,100149.894978622,148242.064119086,1597.73587909575,1801.87801606566,22.9339177926813,4.03632313883208,0,-0.248189378124714,1.24086498059186,1.26522172605534,100150.173268042,1.12544250488281,562.705736886735,156.886628128392,297.881495556023,2993.92324627207
244.073740994558,2,100149.147025636,148544.860180392,1606.4691121621,1810.61094625694,22.8690362294947,4.04774573660406,0,-0.248574008688522,1.28637352146561,1.31002491205785,100149.460352563,1.15784301757812,562.702600728089,156.886628128392,297.883720499283,3002.66617569017
244.29374098964,2,100148.316089773,148849.310873491,1615.22731348797,1819.36881622798,22.8041552027498,4.05923328490108,0,-0.24899952454376,1.33135013690841,1.35428642891619,100148.663069813,1.19039306640625,562.699156875327,156.886628128392,297.88610265071,3011.43394798048
244.513740984723,2,100147.405575907,149155.410092327,1624.01060172961,1828.15174699256,22.7392736395632,4.07078658693845,0,-0.249489272378162,1.37579416287433,1.39816769410345,100147.784813916,1.22310180664063,562.695421792465,156.886628128392,297.888647015476,3020.22670419724
244.733740979806,2,100146.418917174,149463.177679284,1632.81909723709,1836.95986117745,22.6743920763765,4.08240619901666,0,-0.250004834688259,1.41971510367638,1.44146064174865,100146.829006122,1.25596618652344,562.691411836323,156.886628128392,297.891357361507,3029.04458821872
244.953740974888,2,100145.359578449,149772.60103675,1641.65291905304,1845.79328002561,22.6095105131899,4.09409192213828,0,-0.250558392606021,1.46310757000297,1.48432189154652,100145.799098231,1.28897094726563,562.687143263324,156.886628128392,297.894238051326,3037.8877430254
245.173740969971,2,100144.23105028,150083.703163715,1650.51219192083,1854.65213039847,22.5446289500032,4.10584527218564,0,-0.251186404621172,1.50599117008709,1.52662042832518,100144.69857069,1.32214050292969,562.682632204255,156.886628128392,297.897292930107,3046.75631487555
245.393740965053,2,100143.036854795,150396.479146436,1659.39703570029,1863.53653421046,22.4797473868166,4.1176655616072,0,-0.251848701067914,1.54838718565346,1.56875211637558,100143.530931935,1.35548400878906,562.677894705151,156.886628128392,297.900526942678,3055.65044883927
245.613740960136,2,100141.780546318,150710.933409377,1668.30758033952,1872.446623381,22.41486582363,4.12955513605861,0,-0.252582631161076,1.59026442061545,1.6101339157873,100142.299723753,1.38895263671875,562.672946703269,156.886628128392,297.903943227238,3064.57029418438
245.833740955219,2,100140.465706702,151027.072041805,1677.24395132351,1881.38252530402,22.3499842604433,4.14151358787401,0,-0.253378336932212,1.63164551264378,1.65108410591731,100141.008516482,1.42259216308594,562.667804031812,156.886628128392,297.907545611933,3073.51600026319
246.053740950301,2,100139.095948096,151344.902735448,1686.2062751541,1890.34436831742,22.2851026972567,4.15354035413679,0,-0.25422989252022,1.67253129743558,1.69165624306907,100139.660909906,1.45637512207031,562.66248242257,156.886628128392,297.911338166651,3082.48771653234
246.273740945384,2,100137.674913795,151664.429010286,1695.19468233155,1899.33228469028,22.22022113407,4.16563772881096,0,-0.255139280832052,1.7129320994109,1.73161690140574,100138.260534601,1.49031677246094,562.656997509314,156.886628128392,297.915324045858,3091.48559589896
246.493740940467,2,100136.206277662,151985.650370157,1704.2093053344,1908.34640860817,22.1553395708834,4.17780559842202,0,-0.256107506064832,1.75285845176352,1.77135006162999,100136.81105177,1.52440795898438,562.651364829869,156.886628128392,297.919507699328,3100.50978959795
246.713740935549,2,100134.693745016,152308.58108251,1713.25027550628,1917.38687306032,22.0904585441385,4.19004424106373,0,-0.257164119666335,1.79231204053978,1.81053584292642,100135.316153778,1.55867004394531,562.64559983015,156.886628128392,297.923892306797,3109.56045299258
246.933740930632,2,100133.141054089,152633.221318339,1722.31772560274,1926.45381238923,22.0255769809519,4.20235470940115,0,-0.258293613415938,1.83128340612843,1.84922038488132,100133.77956544,1.59306640625,562.6397178676,156.886628128392,297.928481024662,3118.63774269554
247.153740925714,2,100131.551972753,152959.574015998,1731.41179644467,1935.54736892811,21.9606954177652,4.21473843187161,0,-0.259498000945601,1.86979367442048,1.88766153728133,100132.205042916,1.62762451171875,562.633734189629,156.886628128392,297.933278154997,3127.74181286184
247.373740920797,2,100129.930300366,153287.646656468,1740.53262375003,1944.6676798667,21.8958138545786,4.22719531795317,0,-0.260793401293868,1.90784630971124,1.92550864478917,100130.596371994,1.66234436035156,562.627663966089,156.886628128392,297.938286356103,3136.87282424867
247.59374091588,2,100128.279870048,153617.44942714,1749.68034817987,1953.81488727858,21.8309322913919,4.23972621528348,0,-0.26218372646614,1.94543864153751,1.96284500874305,100128.957372204,1.69721069335937,562.621522279663,156.886628128392,297.943508269006,3146.03093754197
247.813740910962,2,100126.604547251,153948.979147056,1758.85511024415,1962.98913302153,21.7660512646471,4.25233128732872,0,-0.263645702690406,1.98258431082154,1.99989583592182,100127.291895941,1.73224487304687,562.615324117915,156.886628128392,297.948947644269,3155.21631249468
248.033740906045,2,100124.908229068,154282.245552098,1768.05705508132,1972.19056354003,21.7011697014605,4.26501251316236,0,-0.265227232869848,2.01928027494385,2.03654244462178,100125.603827049,1.76741943359375,562.609084386861,156.886628128392,297.954607992161,3164.42911163116
248.253740901127,2,100123.194846265,154617.249307319,1777.28632581763,1981.41932320927,21.6362881382738,4.27776948497154,0,-0.266902476819766,2.0555337036067,2.0726734360876,100123.897082645,1.8027587890625,562.602817907012,156.886628128392,297.96049177262,3173.6695005088
248.47374089621,2,100121.468363543,154954.003922966,1786.5430686991,1990.67555947374,21.5714065750872,4.29060222083924,0,-0.26872123098265,2.09134618371462,2.10849159218371,100122.175613546,1.83824462890625,562.596539414736,156.886628128392,297.966602559209,3182.93764310644
248.693740891293,2,100119.732778501,155292.502527664,1795.82742984278,1999.95941960293,21.5065250119005,4.30351220795215,0,-0.270656881440269,2.12671258281478,2.14377606576662,100120.443403845,1.87388000488281,562.590263564873,156.886628128392,297.972942279981,3192.23370845487
248.913740886375,2,100117.992120719,155632.766024769,1805.13956011306,2009.27105555905,21.4416434487139,4.31650021270835,0,-0.272715623517358,2.16164931837179,2.17869483789843,100118.704470097,1.90966491699219,562.584004924156,156.886628128392,297.979514250248,3201.55786463048
249.133740881458,2,100116.250455702,155974.78722757,1814.47961168593,2018.61062057698,21.3767618855272,4.32956702077586,0,-0.274934765051152,2.19616468292752,2.21316098310343,100116.962862823,1.94561462402344,562.577777987936,156.886628128392,297.986320897367,3210.91028309518
249.353740876541,2,100114.511882682,156318.569713799,1823.84773923268,2027.97827034156,21.3118803223406,4.34271443788009,0,-0.277314085451914,2.23025120773908,2.24726481451404,100115.222667649,1.98171081542969,562.571597170339,156.886628128392,297.993365164918,3220.29113475038
249.573740871623,2,100112.780535674,156664.130839109,1833.24409611522,2037.37415918,21.2469987591539,4.35594105393868,0,-0.279874258812108,2.26391730831981,2.28111569463134,100113.488004253,2.01795654296875,562.565476809023,156.886628128392,298.000650372683,3229.70059134315
249.793740866706,2,100111.060583888,157011.466942608,1842.66883566426,2046.79844134831,21.1821171959673,4.36924714255241,0,-0.282611297909959,2.29715441681204,2.31437089325924,100111.763027453,2.05433959960938,562.559431165944,156.886628128392,298.008178101496,3239.13882981617
250.013740861788,2,100109.356230816,157360.591898377,1852.12211825093,2056.2512780971,21.1172361692225,4.3826355228049,0,-0.285568326899449,2.32996741986687,2.34732152501802,100110.051926874,2.090869140625,562.553474422608,156.886628128392,298.015951145592,3248.60602650192
250.233740856871,2,100107.671713647,157711.498836636,1861.60410402769,2065.73283042036,21.0523546060358,4.39610653713958,0,-0.288755493719594,2.36238031824296,2.37984908310046,100108.358925696,2.12755432128906,562.547620685467,156.886628128392,298.023972006944,3258.10235952671
250.453740851954,2,100106.011308393,158064.201410079,1871.11495371313,2075.24325984448,20.9874730428492,4.40965979903296,0,-0.292198391386603,2.39435601283815,2.41195497901042,100106.688283858,2.16436767578125,562.541883999201,156.886628128392,298.032242768441,3267.62800927963
250.673740847036,2,100104.379214665,158418.680711521,1880.53318188478,2084.66107968592,20.9296869953905,4.15722582588764,0,-0.295943533017251,2.42590488222477,2.4437832632763,100105.044285248,2.20114135742188,562.536781642645,156.886628128392,298.039824599441,3276.13935291226
250.893740842119,2,100102.754246541,158773.806988317,1883.52582657449,2087.65321627203,20.9296869953905,1.72771980578265,0,-0.300333689296549,2.45905263640777,2.47714927193062,100103.421421672,2.23155517578125,562.536781642645,156.886628128392,298.039824599441,3276.13935291226
251.113740837201,2,100101.087009784,159128.926720193,1883.53215172301,2087.6589705039,20.9296869953905,0.000416285201333766,0,-0.304511849341079,2.50357321905695,2.52187879055389,100101.773177527,2.26951599121094,562.536781642645,156.886628128392,298.039824599441,3276.13935291226
251.333740832284,2,100099.605130595,159491.120958393,1883.99354042662,2088.11985615028,8.02918025309191,0.298697938724765,0,-0.312882416806154,2.53961045803534,2.55870774466519,100100.170699414,2.30019226074219,562.532976728335,156.886628128392,298.040850774815,3277.18539855765
251.553740827367,2,100097.9596948,159846.635944558,1885.68432838762,2089.81010957901,8.02527912909136,0.717799325851039,0,-0.365035458558132,2.57166989842848,2.5973140521738,100098.672616038,2.32817993164063,562.526911065739,156.886628128392,298.042506035147,3278.82983845989
251.773740822449,2,100096.184059308,160202.46746501,1887.33379576928,2091.45900229096,8.02137740904436,0.762663503802382,0,-0.411135822637101,2.61130660268253,2.64338982689181,100096.913180771,2.36364135742188,562.52074210165,156.886628128392,298.044222031262,3280.47507775021
251.993740817532,2,100094.377376109,160558.605982006,1888.98414095258,2093.10876420338,8.01747628504381,0.763036654488869,0,-0.451418753110381,2.65126561047694,2.68931644017113,100095.119136559,2.39953918457031,562.514472203763,156.886628128392,298.04599926616,3282.12111770346
252.213740812615,2,100092.540358832,160915.0582935,1890.63534466914,2094.75937642019,8.01357456499682,0.763407839040511,0,-0.486468143871598,2.69135420591004,2.73475195665882,100093.29446689,2.4356689453125,562.508103949883,156.886628128392,298.047838144583,3283.76795893546
252.433740807697,2,100090.673721069,161271.824379994,1892.28740161467,2096.41083392575,8.00967284494982,0.763779691921167,0,-0.517037725373684,2.73153279879343,2.77980412061829,100091.439884541,2.47199096679687,562.501639948825,156.886628128392,298.049739231269,3285.41560206326
252.65374080278,2,100088.778178084,161628.901588295,1893.94030682549,2098.06313202708,8.00577112490282,0.764151477657508,0,-0.543774234224455,2.77178397783628,2.8244227228239,100089.556104331,2.50849914550781,562.495082809084,156.886628128392,298.05170296905,3287.06404792577
252.873740797862,2,100086.854446808,161986.296289925,1895.59405819748,2099.7162688931,8.00186940485582,0.764524109241564,0,-0.567281384735898,2.81208791540509,2.86851844413731,100087.643842305,2.545166015625,562.48843514267,156.886628128392,298.053729674162,3288.71329742281
253.093740792945,2,100084.90324645,162343.995946288,1897.24865279445,2101.37024185785,7.99796828085528,0.764897347946047,0,-0.587991749793675,2.85241756733333,2.91218225114258,100085.703816791,2.58196716308594,562.481699561864,156.886628128392,298.055819763253,3290.36335100146
253.313740788028,2,100082.925297715,162702.013470554,1898.90408619103,2103.02504676351,7.99406656080828,0.76527046064182,0,-0.606307194619687,2.89275558093307,2.95541992669731,100083.736748009,2.61888732910156,562.474878677156,156.886628128392,298.057973610499,3292.01420981975
253.53374078311,2,100080.921322354,163060.346068905,1900.56035609907,2104.68068158884,7.99016543680773,0.765644146723106,0,-0.622623286159547,2.93310654996293,2.99820444637636,100081.743357202,2.65592651367187,562.467975097379,156.886628128392,298.060191523023,3293.66587485647
253.753740778193,2,100078.892044645,163418.987733638,1902.21745960598,2106.33714369011,7.98626371676073,0.766018411350703,0,-0.637215542808861,2.9734260454066,3.04067725013387,100079.724367508,2.6930419921875,562.460991434671,156.886628128392,298.062474092248,3295.3183463233
253.973740773275,2,100076.838189262,163777.944482274,1903.87539259344,2107.99442921025,7.98236199671373,0.766392545759821,0,-0.650337710919312,3.01371878526218,3.08279406265967,100077.6805037,2.73023681640625,562.453930294077,156.886628128392,298.064821702394,3296.97162542986
254.193740768358,2,100074.760482719,164137.214160805,1905.53415127616,2109.65253462931,7.97846087271319,0.766766823739233,0,-0.662235732971914,3.05396549488283,3.1246445170435,100075.612491355,2.76749572753906,562.446794282452,156.886628128392,298.067234887749,3298.62571264876
254.413740763441,2,100072.659652249,164496.799293549,1907.19373365966,2111.31145821286,7.97455974871264,0.767141733136887,0,-0.673067779832885,3.09417798681349,3.16616462629711,100073.521057517,2.80482177734375,562.439586002204,156.886628128392,298.069714060806,3300.28060929839
254.633740758523,2,100070.536426679,164856.697252791,1908.8541372075,2112.97119768698,7.97065802866564,0.76751696045027,0,-0.682997489583476,3.13435517348349,3.20755705487103,100071.406930233,2.84221801757813,562.432308057058,156.886628128392,298.072259984582,3301.93631579988
254.853740753606,2,100068.391536305,165216.908895756,1910.5153585474,2114.63174993724,7.96675630861864,0.767892691558704,0,-0.692160937268097,3.17447306546429,3.24870568718893,100069.270839343,2.87966003417969,562.424963047143,156.886628128392,298.074873179864,3303.5928326418
255.073740748689,2,100066.225712082,165577.436540911,1912.17739571273,2116.2931132547,7.96285458857164,0.768269087095229,0,-0.700680219512075,3.21454162771072,3.28967928311636,100067.113515464,2.91716003417969,562.417553570752,156.886628128392,298.077554269804,3305.25016097281
255.293740743771,2,100064.03968649,165938.281006397,1913.84024385311,2117.95528304461,7.95895286852465,0.768644986671961,0,-0.708690222322116,3.2545508119241,3.33045518875598,100064.935690501,2.95470275878906,562.410082223589,156.886628128392,298.080303844859,3306.90830138859
255.513740738854,2,100061.834193154,166299.435826607,1915.50390179189,2119.61825838605,7.95505114847765,0.769021872947666,0,-0.716250564226427,3.29448604060406,3.37105203951826,100062.738097515,2.99227905273438,562.40255160044,156.886628128392,298.083122578354,3308.56725508721
255.733740733936,2,100059.60996653,166660.905335677,1917.16836728517,2121.28203728685,7.9511500244771,0.769399551906486,0,-0.723426166201518,3.33435364071158,3.41152196876727,100060.521470745,3.02988891601562,562.394964292374,156.886628128392,298.086011079987,3310.22702278625
255.953740729019,2,100057.367741912,167022.691565297,1918.83363751675,2122.94661718215,7.94724890047655,0.769777464699414,0,-0.730313945731716,3.37417339625642,3.45192077789729,100058.286545067,3.06755981445313,562.387322887782,156.886628128392,298.088970189676,3311.8876050334
256.173740724102,2,100055.108256376,167384.795472251,1920.49970861651,2124.61199445366,7.94334718042956,0.770155647882587,0,-0.736944076616961,3.41393156637361,3.49215565159897,100056.034056789,3.10527648925781,562.379629975317,156.886628128392,298.092000483653,3313.5490027004
256.393740719184,2,100052.832248182,167747.212257549,1922.16657739521,2126.27816616051,7.93944546038256,0.77053341613859,0,-0.743375555045066,3.45359500413776,3.53226515152798,100053.764743767,3.1429931640625,562.371888140834,156.886628128392,298.095102641212,3315.21121656898
256.613740714267,2,100050.540455854,168109.945469991,1923.83424089334,2127.94512958763,7.93554374033556,0.770911773338089,0,-0.749611139321944,3.49319402696098,3.57233063150624,100051.479344468,3.18074951171875,562.364099964752,156.886628128392,298.098277469749,3316.87424738017
256.83374070935,2,100048.233619315,168472.993652671,1925.50269677404,2129.61288264585,7.93164202028856,0.771290896438052,0,-0.755734747980656,3.5327185816059,3.61219075107122,100049.178598089,3.21853637695313,562.356268027855,156.886628128392,298.10152556972,3318.53809609662
257.053740704432,2,100045.912479573,168836.356343197,1927.17194355943,2131.28142409984,7.92774089628801,0.771670460245682,0,-0.761751870870132,3.57216672168955,3.65201847730495,100046.863245349,3.25635375976562,562.348394906998,156.886628128392,298.104847669637,3320.20276362104
257.273740699515,2,100043.577778739,169200.036801225,1928.84197686626,2132.95074981085,7.92383917624102,0.772050321166151,0,-0.767717286229465,3.61153848765554,3.69174075802488,100044.534027733,3.29420166015625,562.3404831791,156.886628128392,298.108244526842,3321.86825074205
257.493740694597,2,100041.23025998,169564.032857902,1930.51279543026,2134.62085875267,7.91993805224047,0.772430836063963,0,-0.773607336230198,3.65082086513307,3.73140257799236,100042.191688208,3.3320556640625,562.332535414884,156.886628128392,298.111716881183,3323.53455790863
257.71374068968,2,100038.870666906,169928.346389365,1932.1843956282,2136.29174754208,7.91603633219347,0.772811331334151,0,-0.779480753435545,3.69004472035315,3.77102707514428,100039.836970029,3.3699462890625,562.324554183808,156.886628128392,298.115265571065,3325.20168600606
257.933740684763,2,100036.499744742,170292.974259461,1933.85677440284,2137.96341336042,7.91213461214647,0.773192071565703,0,-0.785338279071318,3.7291736092326,3.81047129160706,100037.470617788,3.40785217285156,562.31654205383,156.886628128392,298.118891125077,3326.86963617461
258.153740679845,2,100034.118239631,170657.921693273,1935.52992893865,2139.63585362883,7.90823289209948,0.773573196747904,0,-0.791223450990366,3.76822717528383,3.84995453394242,100035.09337724,3.44578552246094,562.308501590528,156.886628128392,298.122594488673,3328.53840884058
258.373740674928,2,100031.726898298,171023.18387288,1937.20385727533,2141.30906661985,7.90433176809893,0.773955110685224,0,-0.797108539896399,3.80721245944016,3.88922388239473,100032.70599497,3.4837646484375,562.300435354454,156.886628128392,298.126376140473,3330.20800533357
258.59374067001,2,100029.326469266,171388.764350587,1938.8785563479,2142.98304950435,7.90043004805193,0.774337145770923,0,-0.803040978669685,3.84611288315958,3.92855971276211,100030.309218662,3.52174377441406,562.292345907681,156.886628128392,298.130237084175,3331.87842579675
258.813740665093,2,100026.917701575,171754.659982969,1940.55402283287,2144.65779918856,7.89652892405138,0.774719265394423,0,-0.808995986984986,3.88491877626102,3.96772341112881,100027.903797203,3.55973815917969,562.284235806453,156.886628128392,298.134177838422,3333.54967158627
259.033740660176,2,100024.501345089,172120.876345197,1942.23025482632,2146.33331399949,7.89262720400438,0.775102164306354,0,-0.815021345659452,3.92364406415393,4.00685704394745,100025.490480084,3.59775390625,562.276107605218,156.886628128392,298.13819925015,3335.22174331534
259.253740655258,2,100022.078150883,172487.407880827,1943.90724966068,2148.00959149728,7.88872548395739,0.775485395928414,0,-0.821120962300939,3.96228236039019,4.04590290781321,100023.070017968,3.63577575683594,562.26796385512,156.886628128392,298.142302030619,3336.89464184075
259.473740650341,2,100019.648870883,172854.256848902,1945.58500480529,2149.686629381,7.88482435995684,0.775868990326108,0,-0.827306109492129,4.00083610778482,4.08487356196296,100020.64316224,3.67382507324219,562.259807107291,156.886628128392,298.146486870636,3338.56836806376
259.693740645424,2,100017.214258124,173221.425120278,1947.26351734581,2151.36442495927,7.88092263990984,0.776253126608466,0,-0.833569626033816,4.03929587616881,4.12383733207542,100018.210665725,3.71187133789063,562.251639906911,156.886628128392,298.150754630222,3340.24292256462
259.913740640506,2,100014.77506664,173588.909554935,1948.94278464903,2153.04297582439,7.87702091986284,0.776637508281628,0,-0.839860526735817,4.07764442271917,4.16265817128608,100015.773281902,3.74991455078125,562.243464798137,156.886628128392,298.155105873542,3341.91830631116
260.133740635589,2,100012.332050311,173956.712019519,1950.62280531921,2154.72228080128,7.87311979586229,0.777022380108413,0,-0.846276111073622,4.11594036046243,4.20145663586493,100013.331764762,3.78800659179687,562.235284319636,156.886628128392,298.159541442941,3343.59451995136
260.353740630671,2,100009.88596529,174324.834517504,1952.30357397875,2156.40233473615,7.8692180758153,0.777407235815378,0,-0.852806136532319,4.15415192866143,4.24015002801818,100010.886869474,3.82611389160156,562.227101011431,156.886628128392,298.164062000395,3345.27156465097
260.573740625754,2,100007.437568622,174693.273595754,1953.98509014733,2158.08313736797,7.8653163557683,0.77779275828519,0,-0.859433381870828,4.19225858465098,4.27880098845289,100008.439352756,3.86421508789063,562.218917409472,156.886628128392,298.168668286162,3346.94944102089
260.793740620837,2,100004.987617472,175062.031296029,1955.66734998225,2159.76468507064,7.86141523176775,0.778178451061918,0,-0.866203253921036,4.23030185528266,4.31740573533801,100005.989971813,3.90235595703125,562.210736045184,156.886628128392,298.173361054255,3348.62814996814
261.013740615919,2,100002.536870792,175431.107812116,1957.35035169607,2161.44697627694,7.85751351172075,0.778564709423028,0,-0.873122223028796,4.26825859733176,4.35597493814112,100003.539484598,3.94050598144531,562.202559451556,156.886628128392,298.178141160148,3350.30769212379
261.233740611002,2,100000.085882685,175800.504945301,1959.03407342244,2163.12998554184,7.85361179167376,0.776712160063508,0,-0.880167114440823,4.30611548109986,4.3944381026995,100001.088619037,3.97845458984375,562.194385526003,156.886628128392,298.183009155761,3351.98806868192
261.453740606084,2,99997.631851385,176170.219276117,1960.71853147037,2164.81372703334,7.84971066767321,0.777894398491924,0,-0.887348901723469,4.34230233446771,4.43133610617339,99998.6360185845,4.01455688476563,562.186208968226,156.886628128392,298.187962517609,3353.66928015888
261.673740601167,2,99995.1781325725,176540.2526043,1962.4037714721,2166.49826113868,7.84580894762621,0.779648753182968,0,-0.894669095524891,4.37802041553109,4.4678016813717,99996.1817668831,4.05076904296875,562.178044667844,156.886628128392,298.193000974968,3355.35132741254
261.89374059625,2,99992.7266248499,176910.605189303,1964.08974633427,2168.18353254507,7.84190722757921,0.780036342688749,0,-0.902150467399799,4.41398004241974,4.50447260058789,99993.7292893802,4.08732299804687,562.169895107168,156.886628128392,298.198125774092,3357.0342113016
262.113740591332,2,99990.275559988,177281.2786506,1965.77646267056,2169.86954733507,7.83800550753222,0.780414221032133,0,-0.909754458407228,4.4502099555858,4.54148206209097,99991.2787956053,4.12423706054688,562.16176276141,156.886628128392,298.203338457823,3358.71793277505
262.333740586415,2,99987.8260564716,177652.2700257,1967.46391069784,2171.55629607457,7.83410438353167,0.780818084222366,0,-0.917570784084871,4.4865614015432,4.57865098945243,99988.8268504687,4.16138000488281,562.153650150414,156.886628128392,298.208640276918,3360.40249255283
262.553740581498,2,99985.3857159129,178023.58101435,1969.15207299557,2173.24376350737,7.83020325953112,0.781201986112072,0,-0.92556182996827,4.52297545512572,4.6159242376755,99986.3836149192,4.19867553710938,562.145559745453,156.886628128392,298.214032250018,3362.0878913668
262.77374057658,2,99982.9506161379,178395.213183554,1970.84095736841,2174.93195629827,7.82630153948412,0.781591087707449,0,-0.933761492920441,4.55950637353314,4.6533458668874,99983.9463050025,4.23618774414062,562.137494042629,156.886628128392,298.219515576785,3363.77413018075
262.993740571663,2,99980.5182796602,178767.163767406,1972.5305724929,2176.62088237261,7.82239981943712,0.781985232563169,0,-0.94213150878176,4.59621267704092,4.69094123112729,99981.5136905631,4.27397766113281,562.129455523967,156.886628128392,298.225091492131,3365.46121001239
263.213740566745,2,99978.0919940535,179139.434362378,1974.22090371394,2178.31052804967,7.81849809939013,0.782375609812727,0,-0.950713424686382,4.63291675820253,4.72861999175697,99979.0829960195,4.31185607910156,562.121446717373,156.886628128392,298.230761061525,3367.14913150284
263.433740561828,2,99975.6772047838,179512.026771805,1975.91194102382,2180.00088484849,7.81459637934313,0.782761833457449,0,-0.959518297650152,4.6695826753189,4.76625198657863,99976.6643853835,4.34980163574219,562.113470096217,156.886628128392,298.236525053353,3368.83789532402
263.653740556911,2,99973.2707200097,179884.937779848,1977.60368982789,2181.69195723679,7.81069525534258,0.783152658080299,0,-0.968563663919397,4.70628042551357,4.80401811286489,99974.2544366218,4.38787231445312,562.105528156062,156.886628128392,298.242384571393,3370.52750260017
263.873740551993,2,99970.8733096749,180258.170860454,1979.29614708475,2183.3837423736,7.80679353529558,0.783543753602132,0,-0.977855708886638,4.7429795444591,4.84181406678411,99971.8532470749,4.4260498046875,562.097623392203,156.886628128392,298.248340608384,3372.21795418147
264.093740547076,2,99968.4857453062,180631.724032701,1980.98931051445,2185.07623817471,7.80289241129503,0.783935179469293,0,-0.987418569655709,4.77966609176112,4.87965914045913,99969.4615878924,4.46430358886719,562.089758295155,156.886628128392,298.25439414137,3373.90925091165
264.313740542158,2,99966.1087995131,181005.598265903,1982.68317748325,2186.76944220543,7.79899069124804,0.784327378690499,0,-0.997252542238386,4.8163176458727,4.91750055076893,99967.0802309664,4.50262451171875,562.081935356861,156.886628128392,298.260545989282,3375.60139350935
264.533740537241,2,99963.7432461038,181379.792449946,1984.37774559993,2188.46335226901,7.79508956724749,0.784720003109128,0,-1.00738337230908,4.85295201154784,4.95542131571733,99964.7099498138,4.54102172851563,562.074157066322,156.886628128392,298.266797245679,3377.29438259772
264.753740532324,2,99961.3898607375,181754.308379076,1986.07301249598,2190.15796619095,7.79118725115404,0.785113002871837,0,-1.0178156675097,4.88953486393599,4.99332956298427,99962.3515193142,4.57946472167969,562.06642591128,156.886628128392,298.273148777085,3378.98821922453
264.973740527406,2,99959.0494197393,182129.144506176,1987.76897565302,2191.85328164557,7.78728612715349,0.785506449747577,0,-1.02858630493089,4.92607565103189,5.03126046430545,99960.0057154421,4.61796569824219,562.058744377194,156.886628128392,298.279601456793,3380.68290452492
265.193740522489,2,99956.7227008336,182504.302634087,1989.46563184715,2193.54929560176,7.7833844071065,0.785900132182822,0,-1.03970724484466,4.96255609586066,5.06921752774173,99957.6733153825,4.65650024414063,562.051114949387,156.886628128392,298.286156244784,3382.37843917338
265.413740517572,2,99954.4104831804,182879.781850309,1991.16297803165,2195.24600520073,7.7794826870595,0.786293930810976,0,-1.05121572734522,4.99895730288987,5.10715786204924,99955.3550977915,4.69505310058594,562.043540108835,156.886628128392,298.292814016604,3384.07482390775
265.633740512654,2,99952.1131868808,183255.582705685,1992.86101301371,2196.94340933139,7.77558156305895,0.786674436331539,0,-1.06311902204439,5.03531230667389,5.14515053582338,99953.0517939767,4.73366088867188,562.036022330913,156.886628128392,298.299575707829,3385.77205975881
265.853740507737,2,99949.8258432371,183631.705083952,1994.55974911157,2198.6415188328,7.77167984301195,0.787087538319348,0,-1.07542724509787,5.07176985166955,5.18332667684321,99950.7601232698,4.77245788574219,562.028564097858,156.886628128392,298.306442734303,3387.47014746087
266.073740502819,2,99947.5602573746,184008.149954145,1996.25915657785,2200.34030733522,7.7677787190114,0.787467482848167,0,-1.088227507884,5.10794564975175,5.22136310643283,99948.4859134152,4.81107177734375,562.021167874969,156.886628128392,298.31341560733,3389.16908767129
266.293740497902,2,99945.3058300468,184384.916593715,1997.95925647697,2202.03979281681,7.76387699896441,0.787880065685425,0,-1.1015117099221,5.1443983455637,5.25975152417008,99946.2261701087,4.85005798339844,562.013836167067,156.886628128392,298.32049621526,3390.86888134683
266.513740492985,2,99943.0714983599,184762.004263084,1999.66003383101,2203.73996280117,7.75997527891741,0.788275969498624,0,-1.11534635923949,5.18048937991557,5.29793612355924,99943.9843203655,4.88876647949219,562.006571426525,156.886628128392,298.327684807273,3392.56952932647
266.733740488067,2,99940.8615161578,185139.414838488,2001.36146752604,2205.44079740986,7.75607415491686,0.788668941355837,0,-1.12976327932635,5.21622572855142,5.33583739757279,99941.7634575837,4.92723693847656,561.999376137681,156.886628128392,298.334981573261,3394.27103272256
266.95374048315,2,99938.6727142758,185517.147538345,2003.0635710808,2207.14230915969,7.75217243486986,0.789062420461338,0,-1.1447739768532,5.25187148316769,5.37378562367313,99939.5663646405,4.96569519042969,561.992252747143,156.886628128392,298.342387559519,3395.97339256779
267.173740478233,2,99936.5046812483,185895.202488433,2004.76634675219,2208.84450014608,7.74827071482287,0.789460382396675,0,-1.16052991283253,5.28743559608084,5.41188501008058,99937.3897670197,5.00416259765625,561.985203711864,156.886628128392,298.349903991317,3397.67660920921
267.393740473315,2,99934.3582038218,186273.579911912,2006.46979012017,2210.54736612687,7.74436959082232,0.789858068881919,0,-1.17706275923009,5.32287673935065,5.44999206750363,99935.2344030827,5.04260864257813,561.978231487438,156.886628128392,298.357531834273,3399.38068379255
267.613740468398,2,99932.2340694138,186652.280572501,2008.17389840684,2212.25090449837,7.74046787077532,0.790255873188342,0,-1.19440476220111,5.35818477095866,5.4881710883516,99933.1010600535,5.08100891113281,561.971338524074,156.886628128392,298.365272198112,3401.08561692712
267.83374046348,2,99930.1323475955,187031.303824481,2009.87867279007,2213.9551163944,7.73656615072832,0.790640916049116,0,-1.21264232647925,5.39337915395461,5.52643438400469,99930.9904056054,5.11937866210937,561.964527255395,156.886628128392,298.373126195359,3402.79140981058
268.053740458563,2,99928.0489215925,187410.648742215,2011.58411727313,2215.66000459433,7.73266502672777,0.79105717045906,0,-1.2319386227582,5.42872804643873,5.56510488748751,99928.8988002689,5.1580078125,561.957800154489,156.886628128392,298.381095944799,3404.49806314242
268.273740453646,2,99925.9931977264,187790.317977244,2013.29021694168,2217.36555681004,7.72876330668078,0.791457020844178,0,-1.2523707380746,5.46375053431464,5.60371512405824,99926.8328642038,5.19638671875,561.951159627479,156.886628128392,298.389182166697,3406.20557783428
268.493740448728,2,99923.9623784407,188170.309725556,2014.99696282403,2219.07176327259,7.72486158663378,0.791855991715252,0,-1.27405295388257,5.49850601253093,5.64238922167587,99924.7899751446,5.23459777832031,561.944608179442,156.886628128392,298.397386076106,3407.91395466873
268.713740443811,2,99921.9571303867,188550.624413994,2016.70437245005,2220.77864155523,7.72095986658678,0.792255953547222,0,-1.29719589028345,5.53328870149368,5.68145917210145,99922.7760455609,5.27291870117188,561.938148171784,156.886628128392,298.405709542065,3409.62319438367
268.933740438893,2,99919.9811214263,188931.26281565,2018.41241680171,2222.48616372381,7.71705874258623,0.792656623479522,0,-1.32197967923779,5.56749837523152,5.72034250310945,99920.7863155109,5.3107421875,561.931782096389,156.886628128392,298.414153200816,3411.33329828251
269.153740433976,2,99918.0354942304,189312.224899154,2020.12110519066,2224.19433929923,7.71315761858568,0.793052885626465,0,-1.34868588547255,5.60145138104919,5.75949142541089,99918.8289791932,5.34840393066406,561.925512338161,156.886628128392,298.422718690409,3413.04426702381
269.373740429059,2,99916.1185286206,189693.509518311,2021.8304380318,2225.9031681437,7.70925589853869,0.793453940227565,0,-1.3776076568713,5.63514202614271,5.79896831566857,99916.9002200038,5.38587341308594,561.919341311104,156.886628128392,298.431407932043,3414.75610160442
269.593740424141,2,99914.2310135605,190075.118493343,2023.54041268943,2227.61264778182,7.70535417849169,0.793855742014621,0,-1.40912659829332,5.66855691909456,5.83886066199079,99915.0005884915,5.42314453125,561.91327142169,156.886628128392,298.440223173837,3416.46880246099
269.813740419224,2,99912.3737383908,190457.051479209,2025.25102681433,2229.32277602204,7.70145245844469,0.794258169823584,0,-1.44377226181398,5.70162896376234,5.87925669943121,99913.1308740026,5.46015319824219,561.907305069473,156.886628128392,298.44916695468,3418.18237080996
270.033740414307,2,99910.5474914115,190839.307428346,2026.9622756131,2231.03354822657,7.69755073839769,0.794660368740256,0,-1.48219758484557,5.73431726994304,5.9203084203014,99911.2918652613,5.496826171875,561.901444646823,156.886628128392,298.458242303711,3419.89680728427
270.253740409389,2,99908.7530608051,191221.887951358,2028.67415527305,2232.74496073467,7.69364961439715,0.795062624058791,0,-1.52534908480169,5.76650003883116,5.96219303788961,99909.4843505754,5.53307495117187,561.895692536623,156.886628128392,298.467452858426,3421.61211323055
270.473740404472,2,99906.9900362604,191604.79239153,2030.38667669675,2234.45702421829,7.68974789435015,0.795453595756933,0,-1.57449160782244,5.79828261079633,6.00543757701108,99907.7088777621,5.56895751953125,561.890051054606,156.886628128392,298.47680383137,3423.32828922346
270.693740399554,2,99905.2556190323,191988.020839935,2032.09981227474,2236.16971028612,7.6858467703496,0.795874760068101,0,-1.63157037854991,5.82980254833981,6.05077316266915,99905.961626588,5.60462036132813,561.884522705476,156.886628128392,298.486303134099,3425.04533619076
270.913740394637,2,99903.5613607508,192371.57366556,2033.81356560665,2237.88302568053,7.6819450503026,0.796273706124167,0,-1.6996767564794,5.85932138360257,6.09757180756798,99904.251467108,5.63827514648438,561.879109766184,156.886628128392,298.495956359368,3426.76325509747
271.13374038972,2,99901.9020572194,192755.450731694,2035.52793244544,2239.59696461073,7.6780433302556,0.796677932032037,0,-1.78399713155647,5.88734627623772,6.14810387276151,99902.5777957494,5.67040100097656,561.873814574896,156.886628128392,298.505776723393,3428.48204666347
271.353740384802,2,99900.2784882361,193139.652159261,2037.24291204473,2241.31152646848,7.67414161020861,0.797082817606749,0,-1.89463565080851,5.91288360888881,6.2049784391608,99900.9395403244,5.69990234375,561.868639462307,156.886628128392,298.515785850512,3430.20171184347
271.573740379885,2,99898.6914412119,193524.178259238,2038.95850945777,2243.02671649822,7.67024048620806,0.797488713307156,0,-2.05570952873239,5.93373809360658,6.27513793785378,99899.3374829355,5.72437133789063,561.863586815767,156.886628128392,298.526027932608,3431.92225151205
271.793740374967,2,99897.1417517617,193909.026318821,2040.65919933819,2244.7270094386,7.66669341379747,0.757979909524479,0,-2.35411428932859,5.94192103778473,6.38598011885208,99897.7724406992,5.73490905761719,561.85910220105,156.886628128392,298.535646803448,3433.4871382028
272.01374037005,2,99895.6189510321,194293.996261985,2041.22456070331,2245.29194489607,7.66669341379747,0.319444081556966,0,-2.92013130605513,5.92886587291593,6.60138800652554,99896.2410555617,5.71770324707031,561.85910220105,156.886628128392,298.535646803448,3433.4871382028
272.233740365133,2,99894.0985582143,194678.968110048,2041.22988640347,2245.29682684961,7.66669341379747,0.000370386424897113,0,-3.53023969664834,5.91406957693131,6.87620750839889,99894.7205647048,5.69531860351563,561.85910220105,156.886628128392,298.535646803448,3433.4871382028
272.453740360215,2,99892.5778475404,195063.941758876,2041.23521322581,2245.30170983357,7.66669341379747,0.00037039076984039,0,-4.14027963305787,5.89996054585052,7.192234369254,99893.1999840039,5.67223205566406,561.85910220105,156.886628128392,298.535646803448,3433.4871382028
272.673740355298,2,99891.0568197501,195448.91730174,2041.24054116805,2245.30659384585,7.66669341379747,0.000370392414118453,0,-4.75025467856627,5.8865655003283,7.54433629517948,99891.6790858726,5.64846496582031,561.85910220105,156.886628128392,298.535646803448,3433.4871382028
272.893740350381,2,99889.5354756702,195833.894626757,2041.24587022924,2245.31147888577,7.66669341379747,0.000370401205779193,0,-5.3601725076949,5.87387929711936,7.92772399844089,99890.1578711215,5.62399291992188,561.85910220105,156.886628128392,298.535646803448,3433.4871382028
273.113740345463,2,99888.013816002,196218.873834713,2041.25120040425,2245.31636494839,7.66669341379747,0.000370399480122535,0,-5.97002463129865,5.86189995894483,8.33806151746652,99888.6363404908,5.5988037109375,561.85910220105,156.886628128392,298.535646803448,3433.4871382028
273.333740340546,2,99886.4918414962,196603.85512042,2041.2565316936,2245.32125203446,7.66669341379747,0.000370403339938584,0,-6.57980608673397,5.85063649006055,8.77154320972585,99887.1144947145,5.572900390625,561.85910220105,156.886628128392,298.535646803448,3433.4871382028
273.553740335628,2,99884.9695529571,196988.837937143,2041.26186408986,2245.32614013678,7.66669341379747,0.000370409148371277,0,-7.18952128707498,5.84009539542093,9.22492111686859,99885.5923345781,5.54628295898438,561.85910220105,156.886628128392,298.535646803448,3433.4871382028
273.773740330711,2,99883.4451631144,197373.822580822,2041.26720280574,2245.33103394698,7.66669341379747,0.000358444294237941,0,-7.79917515103617,5.8302766131752,9.69537203670889,99884.069443629,5.51893005371094,561.85910220105,156.886628128392,298.535646803448,3433.4871382028
273.993740325794,2,99881.9104481607,197758.809325727,2041.27257182235,2245.33595504845,7.66669341379747,0.000382375531642107,0,-8.40877069234172,5.82118324637336,10.1805542048281,99882.5386946131,5.49083862304687,561.85910220105,156.886628128392,298.535646803448,3433.4871382028
274.213740320876,2,99880.3829309576,198143.797813826,2041.27792004404,2245.34085745445,7.66669341379747,0.000376796766267759,0,-9.0182942155234,5.8128236327721,10.6784044420953,99881.0067634199,5.46202697753906,561.85910220105,156.886628128392,298.535646803448,3433.4871382028
274.433740315959,2,99878.8593938941,198528.788132941,2041.28325685174,2245.34574960781,7.66669341379747,0.000370420376148368,0,-9.62775570196739,5.80520515511729,11.1872701189126,99879.4826860145,5.43245544433594,561.85910220105,156.886628128392,298.535646803448,3433.4871382028
274.653740311041,2,99877.3355465534,198913.780158186,2041.28859475372,2245.35064276589,7.66669341379747,0.000370421785010942,0,-10.2371603288302,5.79834144219481,11.7057290497231,99877.958965535,5.40213317871094,561.85910220105,156.886628128392,298.535646803448,3433.4871382028
274.873740306124,2,99875.8113897153,199298.774083499,2041.29393375157,2245.3555369305,7.66669341379747,0.000370425517790127,0,-10.8465023058908,5.79224372422913,12.2325050676716,99876.4349352472,5.37107238769531,561.85910220105,156.886628128392,298.535646803448,3433.4871382028
275.093740301207,2,99874.286924131,199683.770052247,2041.29927383678,2245.36043209337,7.66669341379747,0.000370428740666075,0,-11.4557803056044,5.78690139193058,12.7665839646872,99874.9105959006,5.33924865722656,561.85910220105,156.886628128392,298.535646803448,3433.4871382028
275.313740296289,2,99872.7621505726,200068.767834839,2041.30461501412,2245.36532825947,7.66669341379747,0.000370435016159722,0,-12.0649926109683,5.78233409292245,13.3070730751407,99873.3859482659,5.30665588378906,561.85910220105,156.886628128392,298.535646803448,3433.4871382028
275.533740291372,2,99871.2338513057,200453.767205086,2041.30996665939,2245.37023386648,7.66669341379747,0.000375222916582289,0,-12.6741405112177,5.77856395706723,13.853242241504,99871.8600037122,5.27330322265625,561.85910220105,156.886628128392,298.535646803448,3433.4871382028
275.753740286455,2,99869.7045303625,200838.768624249,2041.31532147222,2245.37514234407,7.66669341379747,0.000375226544747246,0,-13.2832246385994,5.77558896588047,14.4044185956589,99870.3292465175,5.23918151855469,561.85910220105,156.886628128392,298.535646803448,3433.4871382028
275.973740281537,2,99868.1788373882,201223.771960491,2041.32066589746,2245.38004149274,7.66669341379747,0.000370445274096354,0,-13.8922442615366,5.77341115010425,14.9600291136528,99868.8030110123,5.20428466796875,561.85910220105,156.886628128392,298.535646803448,3433.4871382028
276.19374027662,2,99866.6528394279,201608.777826033,2041.32601139824,2245.38494162894,7.66669341379747,0.000370444844080466,0,-14.5011987318128,5.77205506018394,15.5196262341774,99867.2771377538,5.16861267089844,561.85910220105,156.886628128392,298.535646803448,3433.4871382028
276.413740271702,2,99865.1265372733,201993.784495009,2041.33135797251,2245.38984275086,7.66669341379747,0.000370450054490022,0,-15.1100964409983,5.77152821173844,16.0827722212103,99865.7509599656,5.13215026855469,561.85910220105,156.886628128392,298.535646803448,3433.4871382028
